0,1,2,3,4,5,6,7,8,9,10,11,12,13,14,15,16,17,18,19,20,21,22,23,24,25,26,27,28,29,30,31,32,33,34,35,36,37,38,39,40,41,42,43,44,45,46,47,48,49,50,51,52,53,54,55,56,57,58,59,60,61,62,63,64,65,66,67,68,69,70,71,72,73,74,75,76,77,78,79,80,81,82,83,84,85,86,87,88,89,90,91,92,93,94,95,96,97,98,99,100,101,102,103,104,105,106,107,108,109,110,111,112,113,114,115,116,117,118,119,120,121,122,123,124,125,126,127,128,129,130,131,132,133,134,135,136,137,138,139,140,141,142,143,144,145,146,147,148,149,150,151,152,153,154
1.0,0.988275013692784,0.18714735027258797,0.16230610781411958,0.19213612897328733,0.8974901542478884,0.76760277731625,0.7961494064964224,0.8605448471070992,0.026828245781511852,0.020135434584736153,0.021017769918591514,0.0669741848053105,0.9849590194958778,0.9853284954733001,0.823938268533877,0.9061774336427413,0.804532327727953,0.9894135269242548,0.9927541606563599,0.11530460627200617,0.0704698058109276,0.02749001835843386,0.06985881191601989,0.019269233879150416,-0.0017811908284251676,0.017967432880453486,0.1462839329295978,0.7369225173774087,0.7640205927197777,0.9932474733193275,0.137772246222695,0.15674639204583227,0.14956342955705929,0.18887381124752214,0.6589375558146464,0.9375552635817413,0.7384856097929579,0.7525340718258023,0.7488158886150452,0.7534265135169088,0.9069985939817289,0.8471532057127634,0.7406271191460826,0.9833150646006114,0.9322182256175642,0.34726091695972805,0.2881414518484249,0.2553669866984253,0.2794161478597214,0.27816726190348046,0.27725440373091126,0.30768445937683697,0.24518637832266274,0.15080075723603678,0.25259405531208523,0.2928073159221407,0.2953591404580135,0.2729517690262935,0.8227405734903083,0.3487370426087718,0.16806697400513132,0.9928050900835736,0.9894225878060502,0.024892770118302068,0.03000030218358571,0.01631341561642249,0.023171905157684244,0.04773393498007781,0.04645963518373941,0.9946487970339349,0.9933575678905501,0.10908566675800159,0.17200413486194918,0.19131933168207668,0.13299895105965784,0.05626461812305562,0.023637267107478047,0.015977970774608035,0.01775017422825682,0.7855130081829299,0.7746993327180681,0.6879925583462164,0.4718441587922973,0.01898013847095044,0.008565238688901392,0.5198157435627567,0.16655200230869574,0.18939949650734605,0.4496091266132799,0.9903038658924888,0.9851682359519363,0.8915365798794848,0.878654358109776,0.35180386247742673,0.017796190382967585,0.017201037844103748,0.17213010885973748,0.15145128689511486,0.18912618721917565,0.05589012928133239,0.01625783014291176,0.009072793643055488,0.7764463391781303,0.817009565169065,0.33960865596285383,0.28883301137541484,0.18477866350989633,0.16422229713298322,0.2726183481418249,0.27577447247343667,0.28772164671371964,0.2478535960678539,0.22997998924119242,0.29837480051834564,0.014990205815050112,0.9853120608373409,0.97611540457566,0.7478512300167293,0.0075971043504431575,0.003450547060739896,0.6075989660281319,0.30594690293374005,0.11463672811732338,0.9456508463738549,0.9854192652474104,0.010453467208341952,0.01260927420238875,0.11809512432765376,0.09254088844041819,0.054389842866869535,0.018349908330074736,0.026092873457072528,0.021877246025981296,0.007876160263709884,0.805855200552553,0.8853812788422496,0.8355529021926288,0.020595206690882235,0.6714119863722324,0.2661682544398238,0.16111865331045525,0.9520080778979322,0.9895429049241871,0.9923729868257651,0.5825679933317304,0.9806218528962379,0.08702158049402353,0.9946093572305392,0.9814812241632241,0.621601242617934,0.9513050777581237,0.9528563924325443,0.7796532914262835,0.8609798055738276
0.988275013692784,1.0,0.18608541095313164,0.16063992727064308,0.19544715870912446,0.8902131352179887,0.7465320375279567,0.7791359068271133,0.8477342792630639,0.0296016471188968,0.023297599988696883,0.023733261641045236,0.06417207940272154,0.9709703853357525,0.972176722516908,0.8368047531457313,0.9101341848442626,0.8297237156045161,0.9858485219715084,0.9857797282568002,0.11784536571545788,0.06721781696822379,0.030735193304323512,0.06736141515142877,0.022777032328678302,0.006305676193735097,0.019555414926930186,0.1514544790619234,0.7461865956841507,0.788305348163419,0.9838638274347379,0.13437057206697642,0.15352438743600166,0.14847412818817127,0.19135397253890865,0.6772436114059258,0.9310787345598006,0.7605312274854586,0.7704327216311976,0.7582455492301928,0.7654118800929879,0.8981446508829525,0.8323598519104278,0.7295412657195651,0.9698412813792148,0.913908729529895,0.35232691664856414,0.2943692907693945,0.26187868702969586,0.2856818786828661,0.2843253762143133,0.28408243430232627,0.31292683093934814,0.2508170859508361,0.15323293520295567,0.25894065834327545,0.2990100460051543,0.3014170193826286,0.27831988314602685,0.8356311233740372,0.35510838422425844,0.17221124636615182,0.983667388599541,0.985076726232012,0.028143332779307077,0.03264605141935747,0.020047247053986125,0.025462133965225776,0.049423074936214804,0.04770650256153381,0.9881753970359661,0.9906378734690001,0.10376603493878805,0.17002749860805103,0.19558870407762013,0.12707300968212085,0.05137664547148161,0.027186735182669397,0.02056362804969706,0.021219347725342924,0.7981386086094902,0.7837399758193295,0.7027167739023193,0.4856245373716929,0.02322836004478321,0.014955575904578045,0.49691081942269427,0.15525718863310928,0.17538320311585656,0.4357383510353759,0.9799406260453503,0.9812636289895961,0.887643497529719,0.8654416648483544,0.3550079039811251,0.021566894703064006,0.02119650646759299,0.1697307354419985,0.14964814773299878,0.19277663121448083,0.05276094117860472,0.02000727279928849,0.013544089978643408,0.7906089568134541,0.8285756317510126,0.3215174691588172,0.2708989637410134,0.17226216904475342,0.14938265877035195,0.25763372828675,0.25798019150552176,0.26894123796166824,0.2325305885947167,0.21310292735136543,0.280523865327572,0.019409286470686564,0.9705110770955762,0.9621075056014122,0.7266798639684433,0.013382341741985002,0.007832584040922769,0.5841715464751038,0.2860621473395749,0.1052213348661693,0.9306296242579296,0.9718112867657546,0.01489135664689035,0.01584110138350088,0.11033496962470934,0.08501591537256546,0.05084289036245347,0.021253739435946235,0.028799800205805904,0.024448295883721962,0.012228852681296818,0.8332721265598566,0.892667165838343,0.8510430221710558,0.022901263918796273,0.6429364516578862,0.24497665072997346,0.16200297548648546,0.9513067928702317,0.9820248137613113,0.9859946821371632,0.599560325549626,0.975254204998638,0.08954532655168103,0.9882898501583567,0.9807649021218053,0.5957578977395009,0.9455521446585857,0.9559901226797989,0.796021770262686,0.8772514852105792
0.18714735027258797,0.18608541095313164,1.0,0.9906255897661055,0.8930782665220607,0.2536697280246701,0.2778966461290622,0.2603311545689917,0.25391499033606657,0.11737229595998136,0.10517997269470182,0.09753248464164688,0.7896757101934209,0.18112348643310214,0.17581979424739533,0.28554527915974476,0.28205472457994746,0.2282620680185374,0.20864528758285,0.19962694697625072,0.6557364324242394,0.8136108895360257,0.11247857797220419,0.7779364022381572,0.10585133184138582,0.09399392093753645,0.07921073482611958,0.03189092688556627,0.2847596605609699,0.23371851898503118,0.18893490890026182,0.9720746501063102,0.987178043832921,0.8808181825998198,0.9104414586967776,0.28731522118358654,0.20884868085900068,0.31288882477248603,0.2290491145609071,0.38771729878681305,0.2639705777347212,0.24399330821648707,0.2643947526322826,0.3237409917430634,0.1754176474493277,0.16538147852016363,0.8259753959810803,0.8014495471511391,0.8288173175777511,0.8291153295358875,0.826145919644368,0.8182387234753813,0.8166642089946496,0.8222538034427624,0.7548623462118242,0.8161192641634128,0.7964103663786439,0.7765917921399049,0.7971470643669863,0.2735278837405439,0.7275599177697805,0.7612999503789679,0.19043121788481554,0.18173057130729584,0.11350315470447075,0.11392211635937677,0.09889949759661604,0.09526417432635596,0.1552285027649564,0.1390719453041014,0.19016003666960818,0.17726235682588712,0.9316752547686745,0.9931683504827795,0.8914595056379253,0.9071526138593485,0.8238111479403852,0.10633074529902008,0.09840496923408985,0.08896355409262925,0.2589808387143865,0.3259110484293989,0.27613243976725116,0.3783670768795338,0.10096117599306643,0.09218722299502995,0.18533196955192574,0.06579737622416361,0.13024754671874236,0.1963592678811611,0.19163414528825637,0.17335904198208726,0.3273233714686082,0.21275318965778392,0.6458508110003318,0.10195937948454839,0.09757045750845213,0.9937446724953926,0.9079772304996288,0.916953229793058,0.8128773628728246,0.09708551213197683,0.08778136782925519,0.3108758175103756,0.3023997710447112,0.15769074807256217,0.15543094223815956,0.11624074217596013,0.12590778824806648,0.1437611442915233,0.1485462349177609,0.15183435059606995,0.13046127556098291,0.12206434180824378,0.15372301507574415,0.10053958446964514,0.18759503289390952,0.16611555408710899,0.1383851569247555,0.09594526724183024,0.08396511514144875,0.1429194007776773,0.09744019874130336,0.08343305400260036,0.17697666382810676,0.17634512116786907,0.09653055066830712,0.09303017201025682,0.0699410497967542,0.33823487823100745,0.22632638213451675,0.09613585058918481,0.11382629256329799,0.10202556485149437,0.09004295513614008,0.20838940497757347,0.27540815709887156,0.2174395842138052,0.08925002297049961,0.1453044181386808,0.0941867894184386,0.038435827585724475,0.17430532309461166,0.19733707152713978,0.18444168574572167,0.3248302775413268,0.17893496610543608,0.1459485644665877,0.19314300313131774,0.1860408127429766,0.12457427672778958,0.1388147925043474,0.20484171397655995,0.33486205688838433,0.2229122340565814
0.1623061078141196,0.16063992727064308,0.9906255897661055,0.9999999999999999,0.8862272797562571,0.2189778287792442,0.23962303712823502,0.2254251916444816,0.21810974683152437,0.10371183869025899,0.09266043901276931,0.08502025700250404,0.8074643221875704,0.15787321572902802,0.15348298812236288,0.24773376159366292,0.24610568382112483,0.19394135315380587,0.18045565418166803,0.1732843264984173,0.5955260595145854,0.8262091455297811,0.09880782205857606,0.7933409158209039,0.09252621452901398,0.08107398051546277,0.06708614602336874,0.02368155930020059,0.2478586861505645,0.19811966517393684,0.16400283637664426,0.9868875305062998,0.9955806885888107,0.9009964920647937,0.909262147367392,0.24872971305696254,0.18290866136418277,0.2721150186180371,0.19362029991604102,0.34728761151732457,0.22660863538651443,0.21038523654531854,0.2285571408301577,0.282418273352323,0.15316203384029597,0.14407437327614198,0.773950825595443,0.7516303934554711,0.7793706873939209,0.7802086319177668,0.775907926781225,0.7645483225616733,0.7640122157963386,0.77849854636271,0.7066618943843244,0.767122128890449,0.7424223559112912,0.7222030031257701,0.74498018478538,0.23595001567415194,0.6744993459116451,0.7057163086305096,0.16557131168072153,0.15688518076934319,0.10016491788717047,0.10049550951244762,0.0875531422704006,0.08382085402066657,0.13899709033675584,0.1252696772971599,0.16469116128576491,0.15346069009539295,0.9566574815015768,0.9962586794271319,0.8873327800378312,0.9330752207810338,0.8509236840168508,0.0928412197096129,0.08468434383009424,0.07876018577799344,0.22187148543213972,0.2856584416626644,0.23774532367038825,0.3380440111406923,0.08768657370403397,0.08020111765370114,0.16924856831749552,0.06121394577070076,0.11557396124620592,0.1786090219648287,0.16733095519293775,0.15059902459168006,0.284221814156097,0.1828396170213455,0.5848823201743995,0.08858325351967256,0.08357029318718466,0.9961185396893175,0.9280794940857648,0.9053440343388047,0.8350294170870721,0.08359499403937787,0.0744042585165854,0.2710788417341918,0.2631582700684537,0.14343534250443107,0.1405212152301634,0.10628517406815921,0.11532897882458011,0.13036976612509385,0.1346157904979862,0.13685123973115468,0.11824308349178428,0.11124441289747203,0.13912050320902913,0.08772133256195597,0.16360191866570145,0.1441340848500414,0.12906490460856043,0.08233272517835168,0.07393787703612766,0.1273510325721883,0.08560743013588577,0.08111772494154265,0.15419143383306202,0.15399150189733196,0.08332839845597503,0.08266682112598114,0.06775548392066043,0.3163131003069051,0.2055220664146849,0.08445565563930262,0.10026066436928263,0.08995964833324845,0.07793728049303175,0.17466485775077403,0.23914166334232426,0.1851732245076554,0.07748745875570734,0.13162290379682756,0.0826118161906294,0.029970703683019732,0.14997376987185942,0.17178110709292865,0.15992174395674943,0.284062024514677,0.15560949041624272,0.12777192714672245,0.1675235428006746,0.16047829381713571,0.11292985168268141,0.12135439588091439,0.17645247078984733,0.2930221088280353,0.1872247809671505
0.19213612897328733,0.1954471587091245,0.8930782665220607,0.886227279756257,1.0,0.2688102840650586,0.29002286047651943,0.2723184612859914,0.26541201738909753,0.0655841639456252,0.05400017844732804,0.04605312263873362,0.586793812393883,0.18342469422077068,0.17800024132596112,0.3070905098778142,0.2978512143457165,0.24832627043940908,0.21584576471917657,0.20424781411013979,0.6160434950123218,0.6036163571872839,0.05496314117964314,0.5779272142836978,0.04759893100422786,0.029918577866224608,0.023935208515156313,0.028001464828905327,0.2910998733994591,0.25336688974814847,0.1907400123673804,0.8486549061095086,0.8743257654007702,0.78377897513556,0.9597876126481101,0.3204505964440009,0.2181918179693554,0.3417839691224768,0.2517382437529472,0.39845160337321445,0.27747441536654244,0.2569259167568543,0.2739608976620144,0.33965515996305523,0.17696523851919,0.16704702426126886,0.8526619119221936,0.8480662060067183,0.8612438923892988,0.8699017767545708,0.8614267951791524,0.8402924985843206,0.8509863348336045,0.8690870996051028,0.7577961915171292,0.859137536951636,0.825536211416933,0.8127244741812741,0.844960763385242,0.2925272896471154,0.7980961279933104,0.7452256089074406,0.1932020755824613,0.18935618663489545,0.06246918871783969,0.059634435802203456,0.04950664523211549,0.04400896446808189,0.10073231720975542,0.08909128324227061,0.19503547749539107,0.1813534638063805,0.7632410096962065,0.8858571477369046,0.9643230872200875,0.7805286072153609,0.6495420299881848,0.04934149842812777,0.03742592461494228,0.03787019064035332,0.2708526426762056,0.3415939888537813,0.2879633835954838,0.4128028652922732,0.04293418594023738,0.025426736555407482,0.1407273914827624,0.037486106776291495,0.07918408639892505,0.14413157050055747,0.1924580954929863,0.17720595328063207,0.34643827108136177,0.22534312829940037,0.6627603121734433,0.04527411554199945,0.03747466800396957,0.8849843399672622,0.8100944672813006,0.9578747262331787,0.6257249642826425,0.040785172688914476,0.026122053591214167,0.33575405467210917,0.32666374934302056,0.10912469186807515,0.10544195814936248,0.0740589106028861,0.08397138072697305,0.0991010778361989,0.0988436862923892,0.10037579174564135,0.08804874489380601,0.08036634797570506,0.10682991565944958,0.041226608511140246,0.18884633577402044,0.1693705909754138,0.12106647493629444,0.03503691409612078,0.02933919173593226,0.11954263175854997,0.06838192282176417,0.0647677447093599,0.18259364140160142,0.17992816712955056,0.03553971742661948,0.04305453058986909,0.03971555789050587,0.2249198457363194,0.13433225765676202,0.046451137061080505,0.06092265773935092,0.05202005060604856,0.04258737474307797,0.2295342123378967,0.29583993076046095,0.23312335390321784,0.03771418529349609,0.12128760272242131,0.06580505496088628,0.0353992571372751,0.18340650639536765,0.19986132999558065,0.18770968194333423,0.3636736858543223,0.18807231625537116,0.09761652919672249,0.1988235744597735,0.19267126670845136,0.11110912925288353,0.14006392140693188,0.21385099773574787,0.366015343319537,0.24258793342826546
0.8974901542478885,0.8902131352179888,0.2536697280246701,0.2189778287792442,0.2688102840650586,0.9999999999999998,0.9288992458055861,0.9508008182124331,0.9859942332972264,0.04213027613816939,0.03310297370776801,0.03329482979482198,0.08212943803200774,0.8944209999841936,0.8831279325888183,0.7384522734498377,0.8169500276565766,0.7306591341178138,0.9042827363040197,0.9065139859651041,0.2264794639455012,0.09106531436475472,0.040600968789033166,0.0843021918591949,0.032251183013796106,0.012059525029814435,0.02511512161970929,0.11963082751271464,0.6640734222051426,0.688713558910424,0.9066450525965184,0.18527343858277218,0.20805385224808134,0.18666133659552636,0.25653298523354623,0.5915063817509941,0.8070733738876101,0.6831776104178859,0.6680040977227814,0.6915893931305138,0.6698617594031651,0.9948165512136279,0.9758059138114311,0.9198064253869292,0.8750276341496394,0.8004811766917097,0.4761414364733437,0.40907766376339055,0.3773045317327029,0.40250992693620946,0.4015879951312828,0.396391366841129,0.44286208822997436,0.3694202785788908,0.2688335382522056,0.37629888530454575,0.42092198285324556,0.4200663863057097,0.40263344875243723,0.7452443150861503,0.4638685514508958,0.3045311653705098,0.9066503193796461,0.9163435814290889,0.03942435986641409,0.04419945750426444,0.03149743398761694,0.03460028498530528,0.0639980614706017,0.05946937951550937,0.9104319420867536,0.8865614993494929,0.139052951526096,0.22860885317337737,0.27000726350616705,0.16298589760931054,0.0847970795667525,0.03656671466073494,0.027497071503435243,0.03176425876576052,0.7115002777200141,0.705411282010162,0.6229657255563642,0.44522309445777175,0.032082056857045176,0.021141444116784376,0.44664244318391383,0.14969437329696536,0.16887518454003056,0.3881008126428197,0.9008070791419472,0.8793398085566111,0.9776690053842954,0.9773431275723362,0.5383024693627538,0.03167626988579473,0.027800582091516295,0.2284396762321519,0.19104250088548946,0.2792003304568662,0.0784411073678665,0.029368072249160233,0.018756816047729052,0.7058619489299429,0.7335822201037949,0.29393330379391575,0.2540238824321872,0.16146151091875882,0.15470112748109316,0.24282881516584523,0.2406137491316241,0.2507766952383112,0.21756596376897142,0.19924409697973125,0.263271339361881,0.027356594481565043,0.8936069548613041,0.869323515087306,0.6266949305739361,0.01825516406131853,0.013080233566973234,0.5194230124972713,0.2545665823346222,0.10395831807027481,0.8104363611837366,0.8863257423929725,0.020060201989100905,0.029609637452845772,0.09567370526470799,0.10173914400993717,0.06829500417874303,0.033974988507741555,0.04032665639195998,0.035487643770494785,0.025673142372322075,0.7238940290736822,0.8024482192372074,0.7237206285082045,0.03246216955390321,0.5707990162248956,0.226261437583257,0.13496638190331664,0.8931772454837399,0.8959764382052755,0.9119911995083007,0.540018047531607,0.8527340370524369,0.1045978885902362,0.9105113789055307,0.9146017046985594,0.5245543923290241,0.8065033421058453,0.940829016809127,0.7289209678977542,0.7641136196177669
0.76760277731625,0.7465320375279567,0.2778966461290622,0.23962303712823502,0.29002286047651943,0.9288992458055861,1.0,0.9555458971147882,0.9456759667949769,0.05133669478247498,0.0411748439555832,0.04095883765093171,0.09059796566263124,0.7626720415975167,0.7481108689953877,0.6366757606343969,0.7021987888542741,0.6195235624789477,0.7729952307579914,0.7776732797573651,0.26615136093857916,0.10409653490293466,0.04915401299950009,0.09259744916048968,0.04132344762831778,0.021282234953025097,0.030252517208856917,0.09053002932193105,0.5759253729772074,0.5893821448592068,0.7742540667669849,0.20353712661415838,0.2294165190062855,0.19804085230319105,0.2736978803952408,0.5167627726772561,0.6792258086486512,0.5948031141377379,0.571903625524189,0.6098634089767537,0.5757473777906327,0.9235841623314839,0.9454935518259016,0.9314410937820098,0.7341050713867223,0.6672684821028255,0.5107235061260285,0.4438170629818068,0.4154371202426669,0.4373116787159968,0.43715405487177467,0.42946165314780077,0.47909929876684504,0.4059846708582287,0.3109220489730253,0.4110351593056819,0.4566519334330879,0.4568720542234474,0.43928758434552845,0.6431846203093882,0.4873645018211638,0.35215195686288375,0.774271332871119,0.7825489163419681,0.048181138939272485,0.05194834012828203,0.0413439955152224,0.04008376834364464,0.07268444477600783,0.0693819693597427,0.7770225845743004,0.7475811816090222,0.1537353585960356,0.24901645123336089,0.2881821419850793,0.1734398862141045,0.10502003101794688,0.04430048855263061,0.03454042233546872,0.04320231723753433,0.6128405790921101,0.6160167957945946,0.5438827534567241,0.406789043790835,0.04149714765008016,0.033215484226611955,0.3910813253923996,0.12303249564023833,0.17256260763247785,0.3527008761632285,0.7689854046113396,0.7343805757957589,0.9142480391490609,0.912026541395172,0.595267574995156,0.04125174841284193,0.036430604723466084,0.2502514218120254,0.20177671839493572,0.30825691025813007,0.09228530643660729,0.03868303579973619,0.024839950812347168,0.6129059461943758,0.6344793011906094,0.2635442060521696,0.23580470508511336,0.14820913549665082,0.15578404519995323,0.21945902464644768,0.22196405249978685,0.2305618445695433,0.20065211062643462,0.18178983394223638,0.24348320791092556,0.035456438239858695,0.7639689070296866,0.731319910814151,0.5175314151034429,0.026328935484903587,0.025177558095038386,0.4456770264989844,0.2290296208779692,0.08799519421975185,0.6705163505486271,0.7549540408656218,0.027207022053898397,0.04168512415314489,0.0761187862950029,0.11417859528154899,0.08648024894229812,0.042740196448833465,0.04863870440981057,0.04353827082376941,0.03402800028130756,0.615574392578167,0.6943616353973805,0.6053624784737398,0.038515748570556674,0.48888022232556305,0.211732653025639,0.11091319372864729,0.7508899017536422,0.7617812228006646,0.7765253636448078,0.4796926381412544,0.7133289812781093,0.12473500057122906,0.7771879286621118,0.7746845447047371,0.4435410744943669,0.6683650290337232,0.8113527330466817,0.6353911139122892,0.6532068387144943
0.7961494064964223,0.7791359068271133,0.2603311545689917,0.2254251916444816,0.27231846128599146,0.9508008182124331,0.9555458971147882,1.0,0.9725208834101005,0.04499833626063784,0.03550399000685585,0.03539364480901582,0.09218164644893428,0.7934472542478238,0.7811643308771978,0.6435219644632074,0.7158647778337421,0.6326014101258474,0.8025119462768378,0.8057543179652392,0.24229974018968461,0.10448573214870543,0.04327352222726957,0.09275142414691939,0.036022840423473076,0.019680567387037485,0.02794587258193162,0.09760170545511301,0.5814812416165976,0.6004755914805653,0.8045745668886837,0.19286488893730902,0.2143309131262463,0.18444301931601673,0.25858654035043166,0.5130989750106139,0.7039930089699631,0.5989426189340407,0.5815522658271494,0.6102521070000261,0.5848525086489834,0.9416870064077596,0.9606331607289937,0.9460554317902297,0.7669654774983594,0.6959715743429798,0.47646018736167767,0.41220632944857916,0.3829638428529062,0.40555980786286305,0.40544316353716986,0.3984543459067425,0.4451014821520054,0.37555333810307634,0.28251966398834033,0.38154152622519133,0.42377381414543974,0.4235289189158053,0.4107342951264898,0.65152910494865,0.45597037153740283,0.3219324831507173,0.804882448043583,0.8173540562070438,0.041656482802540085,0.046012066630365424,0.034622106521842146,0.03688991014605176,0.06592427013526443,0.06456721057950839,0.8081949490544548,0.7751124886036922,0.14649472478641967,0.23440709078048286,0.27339450588270736,0.1644819965040922,0.1021881757617258,0.039215114091975534,0.03153321537045657,0.03579103687602175,0.6243371156509897,0.6207236903591782,0.5481928417278646,0.3881130389103575,0.03540752381953064,0.02987587070232377,0.3988481169677985,0.13644758841677831,0.16442869899633894,0.35301843630974267,0.7994909698530202,0.7674927773399378,0.9258019231117337,0.9499523693398928,0.5503157310334861,0.03578404505867934,0.032033544190972665,0.23400845300710013,0.19019215769869008,0.2874261885708856,0.09043803747150159,0.032867856661788125,0.022970946362114768,0.6169933111667025,0.6415025909208164,0.2668980594961017,0.23444683427931487,0.1489344736772501,0.1551223833485955,0.22122545708113886,0.22096638318046521,0.23092207415861685,0.20034854435727895,0.1839047015796921,0.2425895716129489,0.02951587227381798,0.7954108763886701,0.7656925153979074,0.5361829545542088,0.02286725971398889,0.017018872620277486,0.4553824050812048,0.22441353553855434,0.0970196467360735,0.7025233345268056,0.786718000948292,0.02486565624464632,0.035208864854966083,0.08122930323597526,0.10324259524608317,0.07083824832551239,0.03654251956331341,0.042704370168980446,0.037837378274782986,0.029928714083412876,0.627891865044881,0.7067715769141493,0.6231360167282058,0.03437039209641772,0.4995717729238677,0.20582783448351447,0.11447710610871409,0.7773307093552587,0.7918509458150278,0.8083624145862801,0.46885437667256735,0.7446715093008164,0.10568465435629483,0.8076095629040412,0.8069002064023736,0.45723814768871485,0.7042467418105776,0.8502881106856309,0.639055815032217,0.6679692057423563
0.8605448471070991,0.847734279263064,0.25391499033606657,0.2181097468315244,0.26541201738909753,0.9859942332972264,0.9456759667949771,0.9725208834101003,1.0,0.03945074388197855,0.029487729048237345,0.030122864272686532,0.08441617124162111,0.8592583575102245,0.8446964437343771,0.7035556711849974,0.7801594976712273,0.6960479103934905,0.8680575856505097,0.8705007077674017,0.23134238083602243,0.09364989665615467,0.03675402413131575,0.08557905224257212,0.02928005174360815,0.009706484139194919,0.020589323273165278,0.10979316908781246,0.6337767906608875,0.6561622976125548,0.8703429844479541,0.1852420035757691,0.2073415627174571,0.18308368830636976,0.2514573741540274,0.5627767224262702,0.7684637383213191,0.6521143322586661,0.6360614800657329,0.6622977803052419,0.639203146046501,0.9802250918899574,0.9814417061307261,0.9410090818312769,0.8364875630116521,0.7619002345544456,0.47461814229888305,0.4083120258622435,0.37705847349604926,0.4006710255655443,0.40080293920956844,0.39505473011353875,0.4425241135121839,0.3689031567011797,0.269876302589258,0.37551468495581963,0.42009233028716103,0.4192439772029052,0.40331177991286643,0.7114315467366561,0.4602700997103197,0.30815087496134846,0.8709341002306265,0.8826308487439861,0.036034435228128124,0.04086356698339444,0.02870681751241981,0.03124732774625509,0.06252066866463171,0.058734693303964476,0.8739901699476316,0.8445132559298366,0.1397096389494627,0.228030969108818,0.26542757444161397,0.16100068418327196,0.09074142041350747,0.032745074552664725,0.02378534573090663,0.02923488603366545,0.6806646908722644,0.6748394504749307,0.597665391243497,0.4251097774085892,0.0283500982549072,0.018803983519831483,0.4317203856259193,0.151606646232418,0.1684211952075172,0.3756264437150306,0.8652661946047009,0.8389799119388499,0.9627581337885045,0.9791072609242634,0.5430058227550107,0.028648671385135462,0.02411954297599601,0.22799216760434413,0.18841631428302574,0.2762722226881422,0.08194921884465758,0.025917180067083045,0.014773941720093548,0.672947155692918,0.6997682977049218,0.28513345989938466,0.24806796908800227,0.1584370597111272,0.1575774010530558,0.23546440391640122,0.2342658839380591,0.2445584695983665,0.21301654840851716,0.19642272231282562,0.25627123098586435,0.023624658610457927,0.8592932122955471,0.83341013075836,0.5939580300667241,0.015041512830948033,0.010419300731426287,0.4999273712951173,0.2466962740243035,0.10757038152094839,0.7692592014816664,0.8512452341970126,0.016711082347177192,0.027297814514155902,0.09236147428543282,0.10499257956560355,0.06849779281872068,0.030651903818363125,0.037221843379182655,0.03197521645622451,0.024178885883282892,0.6889706142085461,0.7670675258786097,0.6848764756950458,0.02955825651027906,0.5483128828200104,0.22302812260529475,0.12667394399653162,0.845699393288161,0.8588826094056565,0.8758201798160662,0.5129681333997695,0.8098199606706956,0.10186646450461499,0.8743321278848186,0.8752270454926988,0.5044391494170195,0.7685903357272218,0.9074963864401745,0.6948624365381576,0.7279635833251432
0.026828245781511852,0.029601647118896797,0.11737229595998137,0.10371183869025899,0.06558416394562519,0.04213027613816939,0.05133669478247498,0.04499833626063784,0.03945074388197855,1.0,0.9937187056366702,0.9864776415925959,0.09306330323566629,0.033924975840474846,0.025826205494772214,0.07835671635546741,0.06806310443666433,0.055128562703052525,0.03806564735548057,0.036473456663674866,0.0728945900254056,0.11366718332380378,0.976989040685102,0.11088442438200243,0.967380313034774,0.806388127460682,0.9236602109626487,0.046308941944567104,0.14771275997336383,0.0685666677025357,0.032420396794734706,0.09337597301131816,0.10707570747932987,0.09400097639781405,0.06617049635026762,0.06503397035058386,0.04744945637630185,0.06669959421461204,0.047325809438992554,0.11810431438464436,0.09999214673045415,0.0366309623557827,0.0393128294807777,0.046973317337306,0.031014325813887068,0.035820316292616956,0.09517815690827244,0.08558410974769197,0.0859438684672081,0.08414926961425269,0.08467138717325128,0.08286570423680732,0.08864866322454491,0.07696698667861464,0.06666063429005084,0.07879742802368257,0.0858879337548964,0.0862836535018505,0.0906980308861757,0.06637480739480926,0.08411829202908518,0.07497121972508966,0.03269515324603097,0.02374849076719275,0.996539152124116,0.9962863063173955,0.9885432669212331,0.940685600599594,0.9682166616819934,0.9324048240520013,0.02976952260330836,0.02739162999141946,0.09617448126556226,0.1076263376140047,0.0563529728768705,0.08952454744249537,0.08843183566720053,0.9714052763287142,0.9220497756899025,0.963501313899081,0.09736062977669341,0.11077266007918357,0.11902924918287416,0.106858974538759,0.9658122394958845,0.7786977629809598,0.10646482213202829,0.04175231275337997,0.030080128381391527,0.13012102771620634,0.03481723181398539,0.03169839620768119,0.057715353114540215,0.024958920854079344,0.09490233440205637,0.9702855875968386,0.9107969183920858,0.10608095640718987,0.09882238199395038,0.06378119783637658,0.08429566771320553,0.9735609283885733,0.8809683644019634,0.07084968456139028,0.07022221486000466,0.11409320777942732,0.11904768619569969,0.060908050376980306,0.03414517115154893,0.13928653717137493,0.10394396026118563,0.10496141361200031,0.09512333058065875,0.06371872065484391,0.14160111707563325,0.9703902740761549,0.03633995432881414,0.027796036445441014,0.04974383510703297,0.8829495252983535,0.9489534236441476,0.0602601556382931,0.040228993568401525,0.0383717700656719,0.03218870176719561,0.028288828839894958,0.897999487048545,0.967413376618418,0.06789265976023981,0.2230120614112658,0.1882066049841072,0.9896048003379274,0.9960164815791674,0.9926562881027797,0.9481927038699125,0.051524726810404375,0.0640672807970313,0.05397249307573381,0.9531222238651393,0.060144505753282715,0.06365474327903095,0.062073311180855816,0.027348082717641293,0.03904422387092435,0.026908027231541665,0.07461596580996012,0.024419393129175387,0.4945135280398223,0.0320796459189843,0.02990182892340238,0.05766248452065767,0.02129590449469522,0.024789152608541216,0.06802498666506995,0.04681068820734486
0.020135434584736153,0.023297599988696883,0.10517997269470183,0.09266043901276931,0.05400017844732804,0.03310297370776801,0.041174843955583205,0.035503990006855855,0.02948772904823735,0.9937187056366703,0.9999999999999999,0.9910334136764888,0.08740188303392454,0.02792898496984659,0.019819838220085446,0.06817027748740667,0.05869470196600002,0.046602363865290174,0.03057947484661236,0.029652858357475186,0.0647193767786121,0.1068505989258285,0.9854458245709492,0.1042838123410591,0.9805579695134213,0.8316848545131422,0.9387510047705035,0.03594713197534693,0.1370354264253687,0.059529322082787994,0.025515642758116394,0.08244980028470693,0.09626193118416489,0.08505975697391054,0.054618097474949154,0.055842320592488406,0.041221519013122765,0.05640529121413101,0.03814270987740796,0.10591264602392893,0.09049714156967882,0.02768638489424023,0.030194909995555116,0.03739708926705795,0.025571565354875786,0.030269649726824593,0.08285200767300104,0.07362877141817559,0.07427026955675127,0.07229164395923944,0.07341681158997791,0.07114260038698011,0.07624996781733272,0.06634335357123666,0.057840332323681715,0.06762493277966115,0.07543934169779201,0.07535862411431803,0.08001839073028186,0.0564673272545472,0.07300955888807856,0.06486134656163613,0.0259895785631923,0.016885246183005798,0.9927886893570566,0.9965332183494261,0.9891852517976009,0.952691369686811,0.9452355680938404,0.9002242422995616,0.022966841697351026,0.02146470563216907,0.08764465754591572,0.09632826651596997,0.045516660762596126,0.0789219923824207,0.08322502616559539,0.9829642360399629,0.9408866902893566,0.9651220552057773,0.0872965956979562,0.0994760426484514,0.10793473698209607,0.09544112301884984,0.9794295445273699,0.8049720060176201,0.10098717444010341,0.04069425599170731,0.02714785664554155,0.12698037062701387,0.028485679827577364,0.025611762512098485,0.04799886203576074,0.015788775605814744,0.08530325440162413,0.982141565531296,0.9304657839775623,0.09450170307970021,0.08827684007798257,0.05200586566337951,0.0780578447998094,0.9856332483715714,0.9043573229654721,0.060568545085325644,0.06020815568187874,0.10868631289603105,0.11282856811947341,0.055237238826675715,0.028812254763233677,0.13459872722792618,0.09846277146562982,0.09898741804743491,0.08962084579910055,0.05825243086052318,0.13507308692808534,0.9816229756068909,0.030380773831118434,0.022312107473393364,0.047183296986886024,0.9064256650507574,0.9547706289075555,0.05593821844909431,0.033667329132300264,0.03517073918941624,0.02603101836831204,0.021518316162431838,0.9199591225270718,0.9704383508911408,0.06878612082950944,0.20471217670664407,0.17203625689308025,0.9919407303924583,0.9970691272714645,0.9955208266488721,0.9532789057209198,0.04346445275620064,0.05435325325444926,0.0469268786279798,0.9626571379271394,0.054987446928331976,0.056521867822390916,0.051372331078207746,0.02073584041980469,0.032287030576420184,0.01993704914552108,0.06400584986002458,0.01860188382895239,0.5050448316252515,0.025166554930923637,0.021694289068463102,0.05484547684247014,0.016287256137955022,0.01695586966494792,0.05820275201542929,0.03861660776474748
0.021017769918591514,0.023733261641045236,0.09753248464164689,0.08502025700250404,0.04605312263873362,0.03329482979482198,0.0409588376509317,0.03539364480901582,0.030122864272686532,0.9864776415925959,0.9910334136764888,1.0,0.08103231165341852,0.028825941154727145,0.020862291441905014,0.067095238043051,0.057783516869557884,0.04493108208313567,0.03105075268008791,0.030266335859388035,0.06281189381988479,0.0999320217474056,0.9728142893808107,0.09805483375627018,0.9694057750639151,0.8063649529975062,0.9365897502719973,0.03157869941988197,0.13317726981474964,0.057502813729473,0.026216752033490172,0.07484890929028773,0.08836699247730272,0.07861023493238968,0.04730328089749077,0.05358133923212074,0.042404666819814994,0.054761714663022654,0.03699543750911739,0.10257189307173106,0.08941678522545139,0.027991668166469103,0.03042856775707309,0.038142033579966476,0.026502662768662155,0.030137374941830684,0.07912726936397953,0.07096442386627247,0.07128061197466527,0.0684027021590017,0.06991900337052848,0.06759349173444272,0.07316073382866672,0.06337744488149792,0.05567594033289859,0.06502266371200766,0.07133593671177237,0.0727709143117061,0.0777076786754126,0.0549437081031858,0.07133905489583721,0.0629177878983918,0.026743175378467453,0.017626701647820132,0.9868745898100162,0.9877728545114798,0.9892765750220935,0.9577230410451553,0.9379193814530193,0.8934359014166335,0.023660361807894083,0.021749175668622837,0.07975015153139257,0.08890070989889143,0.03882323701450214,0.07124254728812694,0.07586891476271311,0.970933146623593,0.9284660035114591,0.9635257100242509,0.08593931235176804,0.09672699687966718,0.10486785146691675,0.09250851150089169,0.9672979276339372,0.78068822462154,0.09586214979109686,0.03877882492762706,0.02012849787143039,0.11903509176591145,0.02924548119591405,0.02647053299504292,0.04777116051316812,0.01595776388995292,0.08494745251423759,0.9695241274213532,0.9182217136978721,0.08643121078811197,0.08142886192017287,0.04554140231110673,0.07307504396860204,0.9766062450946337,0.8902378964209261,0.05924188004166924,0.05859001611335918,0.10085749934569646,0.10484273068600232,0.04969730717755247,0.023797402984021596,0.1252886493516851,0.0911112185415191,0.09252685979417406,0.08288770672755144,0.05303581010971646,0.1250295269316779,0.9779331183114476,0.030824443554162057,0.02259536381535225,0.04584415298142817,0.8883616527708638,0.9502398436992221,0.05510221355563624,0.03340036555593576,0.03138266449826839,0.025589876473290835,0.02230944203605904,0.9048552150755319,0.9708836879552648,0.06759321381790348,0.19233403084123854,0.16337973319380047,0.991757215162511,0.9880383128520076,0.9946592438441668,0.9663887689209337,0.042199945354649,0.05344043220662763,0.04686422101490166,0.9691629583502176,0.05495488806614748,0.05522608618642049,0.04729189103499983,0.021752514764003052,0.03290765141174659,0.020475925843464148,0.06137519719518425,0.019724291343707307,0.4796290931663198,0.025863398894445527,0.022540075049269463,0.05211740326035926,0.016922539707171145,0.017821411643084206,0.05679281061277315,0.038005482864543694
0.0669741848053105,0.06417207940272154,0.789675710193421,0.8074643221875704,0.586793812393883,0.08212943803200774,0.09059796566263124,0.09218164644893427,0.08441617124162111,0.09306330323566629,0.08740188303392454,0.08103231165341854,1.0,0.06826770354672101,0.06915166766054248,0.08937500857505071,0.09916732576791662,0.06225974280561431,0.0725472284256132,0.07262352929824907,0.4029933604413389,0.9514244734547731,0.0990053046765667,0.9648253425756781,0.0964505588183645,0.09855874895685204,0.075980664601029,0.008247217519577734,0.10195064439541039,0.058281526000545134,0.07106672786885691,0.8420527365800071,0.8195341935791824,0.661285262032293,0.6212877812772464,0.09070582148734785,0.07248703240937215,0.10134676819669823,0.06472071066924324,0.16205399300055895,0.07857556611783133,0.07774130965091419,0.09041932143183287,0.12370262230109584,0.06876188335815792,0.06988804373192024,0.46324367587137716,0.4317340671706642,0.4714764961672398,0.46820763255396286,0.4641247742579606,0.46402300801965546,0.45334806193750465,0.4644446989560993,0.46044319405738743,0.45766226565241025,0.4352814935437655,0.4147945766489232,0.4374574688850735,0.08671300913202863,0.3583350319486009,0.45621342669647347,0.07138120640126207,0.06651152076094934,0.08881193392840357,0.09351615949675587,0.07868346137991575,0.07784971256866215,0.1105398449128786,0.10057153240585125,0.06934694819395065,0.0644509794343103,0.8598373667241213,0.808744262811273,0.5919277280484082,0.7327278880365397,0.815033640005157,0.0944832202994101,0.0952210506548386,0.07819645515419439,0.07595891072763356,0.11891124471425774,0.08676052842083096,0.14975368232236533,0.09073862184943586,0.10171099006073213,0.14678831104367196,0.06572266672086452,0.13442048820654381,0.15097600374745224,0.0748202341147619,0.06735946868604693,0.1162313107402714,0.06606984997905968,0.31411853934448575,0.0914988860235411,0.0938961121466291,0.807372940992395,0.6877565595329768,0.6111773858568237,0.9409071631744641,0.0868444322439075,0.08882514139312528,0.10465513694734614,0.10000349218345483,0.1302722726726418,0.13357594402999304,0.10463542490282535,0.1250936454778331,0.11345111184055946,0.12746379746622113,0.1309640199333158,0.10994442930966508,0.11170060969169915,0.12780024318276936,0.0900922958069982,0.07321400655433542,0.061445191411242404,0.10030104703057528,0.09615356325856994,0.07450180885144374,0.08724194816651158,0.07996757892129748,0.06532750606337456,0.06709225075301109,0.06766867584408391,0.09427661539553729,0.07542367124556215,0.07286079675179814,0.30307817977676227,0.19423064573321103,0.0774982083593561,0.09217723656151769,0.0839073136776808,0.07234040405325477,0.04610685023221068,0.08870106486220798,0.05231476910403183,0.0762607170862265,0.09274077803970697,0.07967484013273285,0.010240903242981908,0.0641228306677312,0.07438518292452129,0.06824988163671433,0.10878589780658335,0.0682956258955902,0.11568212805649877,0.07002368985567248,0.06501790298469809,0.07805371942811966,0.05765362943016916,0.06571160219304568,0.1122135609846771,0.05596496607294957
0.9849590194958777,0.9709703853357526,0.18112348643310217,0.15787321572902802,0.18342469422077068,0.8944209999841937,0.7626720415975166,0.7934472542478238,0.8592583575102245,0.03392497584047485,0.02792898496984659,0.02882594115472715,0.06826770354672101,1.0,0.9942304859477086,0.7842591025881457,0.8794661719589524,0.7544004617968483,0.9791573603196004,0.9908426946785337,0.11646761244575517,0.07325888193150781,0.03604871890198238,0.07406327422005193,0.027311743049294943,0.0040701276066159855,0.02562288608445331,0.14757995014351002,0.7024673825058879,0.7138881813395854,0.9924662545677935,0.134037251527419,0.15277813117643432,0.1432592281632284,0.1790045201335321,0.6121551618315568,0.9269781184525085,0.6883283078078117,0.7065175990620622,0.7103331028438082,0.7112006035080402,0.904731733495209,0.845346409591474,0.7380596867538703,0.9970909352821442,0.9613429743553041,0.33188553034122453,0.2733251203095754,0.242196783784826,0.2657551653193649,0.26445749429257376,0.263022389506936,0.29437200994288704,0.2342969894491038,0.1472993557233818,0.24118121403257317,0.2793867900269953,0.2810700259279103,0.2612308222044427,0.7799618301190965,0.3308982310518746,0.1652262838753056,0.9944446080301814,0.9803836148534217,0.03152722417027431,0.037611255923065655,0.023286103191247163,0.03348110643160767,0.05255000461380171,0.048462448772902365,0.9907074392094236,0.9830203868858315,0.10828412986724911,0.166791096984971,0.18145177362470247,0.12843056956259355,0.06230740968325302,0.03197035594762965,0.023830725014696307,0.023814236930869016,0.7442093258390271,0.7374063258588935,0.6402034680699368,0.42996313541760023,0.027107488804314562,0.015074950220854092,0.5752215095861295,0.18943478680417977,0.23103385998466625,0.4777285098152338,0.996071224550857,0.9883490334692071,0.8798804619886861,0.8813704829537258,0.34516233688216086,0.026113829021395505,0.024203408685139205,0.1664432454693548,0.1439962422270502,0.1800831417831398,0.058023207822944275,0.023702484171225866,0.016125980981816283,0.7328602461715222,0.7776672905286126,0.3851858436542707,0.3330494932473603,0.22196202460416742,0.2014772266653588,0.3102855370143018,0.3193997989253076,0.33447093438930864,0.2878482841786154,0.2715786687782084,0.3347126914758997,0.022619585695695603,0.9979301944643596,0.9914285140684648,0.8093143490371207,0.014951281185856638,0.009454598706508052,0.6734561973919347,0.36459496731584345,0.1311139684227191,0.9617198939034196,0.9928914352687429,0.016851860055188427,0.019852314465409793,0.13166216096331895,0.08983979037433502,0.05463662759605252,0.02595771553251902,0.03382437199106205,0.030045899810847855,0.015557892256205911,0.756027695948247,0.8527591024170759,0.794161251750773,0.029308200903007644,0.7351135893005772,0.32827825402214944,0.16370423969439343,0.936881786112792,0.9916394357933449,0.9894383851933122,0.538757892942082,0.9647071125877118,0.09931800868301235,0.9913637302434143,0.9682536289581194,0.6796356540858738,0.9540013528984262,0.9321245030093152,0.733256898348455,0.812379198853587
0.9853284954733003,0.9721767225169081,0.17581979424739533,0.15348298812236288,0.17800024132596112,0.8831279325888184,0.7481108689953876,0.7811643308771978,0.8446964437343771,0.02582620549477221,0.019819838220085446,0.020862291441905014,0.06915166766054247,0.9942304859477087,1.0,0.7792572989475555,0.8742056847303026,0.7484674983234333,0.9759833029384212,0.9873882601393389,0.11072685478902976,0.07378106474583633,0.027529683735468536,0.07532387369743436,0.01929823098295616,-0.002101760227685423,0.019329863849840447,0.14244881617555374,0.6918595456989465,0.7074157542298559,0.9893872325304242,0.13039972515750792,0.14831654019699994,0.14004680470644926,0.17454003777769314,0.60482320044545,0.9278800771054282,0.6813298965467979,0.7011016683639655,0.7025224000554471,0.7042119268178172,0.8929560962397701,0.8323779168145382,0.7236293985206292,0.9949606769828604,0.9609080261573895,0.32239773504597624,0.26553022951549693,0.2345998040273715,0.2583255320402641,0.2561657456711214,0.255168076934385,0.28532731835004466,0.2271017850073387,0.14114523409670973,0.23388870018694358,0.27053583419088645,0.27316863249385887,0.25308992143171033,0.7744763929208118,0.3224515607908781,0.15803136639307408,0.9904168194150436,0.9820715087704548,0.02417861299151974,0.029118909943880045,0.016032053693715225,0.025062849680632316,0.04457437993994635,0.04235880926415768,0.9891896837716075,0.9858464780622491,0.10565665236539332,0.1621278088294207,0.17654642642570267,0.12543761444067772,0.05876205842173352,0.023752336887544204,0.016140315357041538,0.01708195757932695,0.736449663761875,0.7296568705874564,0.6317364498239414,0.4197532470347381,0.01876381211535334,0.008216400922700873,0.548287751645474,0.17699749583999363,0.2082991548760721,0.45807929256499624,0.9907063651732496,0.9847308995436702,0.8696033549470461,0.8691757644066186,0.332810690905786,0.01774368284542468,0.01680070453151455,0.16156268213538255,0.1402856761983542,0.17502393188168755,0.0573589514780441,0.016071244679396527,0.009892647413038748,0.7263811652645904,0.772857478174045,0.36038550649773904,0.3085012640106093,0.20022752934643018,0.18057905914657119,0.28918873494981484,0.295621779281364,0.3092000044617664,0.2655190764463293,0.2491160829727711,0.3133603044765544,0.015168718036868145,0.9949169563655339,0.9923608153512942,0.7942756978930229,0.007925059536536926,0.0033758136630615983,0.6422575650713059,0.3368944489745554,0.12118526115334814,0.9660589607247665,0.9925066061181123,0.010548689411688328,0.012819668154926052,0.12662784124902074,0.083278429090977,0.04801963044870367,0.018070231992696438,0.025548976844892754,0.022121995283397096,0.0068289109762275065,0.7508809526944247,0.8481804989557234,0.7912685706138325,0.0203402353480828,0.7086418809022564,0.29984022606373467,0.15659956116048854,0.9386682295216122,0.9863399238086412,0.9875051589433715,0.5304144980495444,0.9738773654881214,0.09070240371077987,0.9882821294249965,0.9654132764607701,0.6521940826848496,0.9598382345115275,0.9279105944028093,0.7265019313899346,0.8121382692044021
0.823938268533877,0.8368047531457312,0.28554527915974476,0.24773376159366295,0.3070905098778142,0.7384522734498377,0.6366757606343969,0.6435219644632074,0.7035556711849974,0.07835671635546741,0.06817027748740667,0.067095238043051,0.08937500857505071,0.7842591025881457,0.7792572989475555,1.0,0.9778912872924473,0.9524187160354668,0.8776723417797401,0.8408337192636887,0.16791118278747885,0.08962091038566161,0.06880726683330789,0.08548392455006057,0.05919069666272059,0.028256488023226514,0.051689738846842664,0.14256968884654733,0.9530889454503962,0.9549221219865525,0.8119235642363546,0.2086857951223912,0.2393878784984808,0.2326238420414411,0.2964080715132965,0.9340703200796011,0.901270222828621,0.9721137926264479,0.9503604067474103,0.9703336255191203,0.9682386266488123,0.735047984276676,0.6800110537243993,0.6209103464801606,0.7814992283167246,0.7450360550801816,0.48664313971514633,0.43707555234487605,0.38962836928002115,0.41532675874928576,0.41864479711862107,0.421651514654667,0.4395243413750896,0.3681212417285665,0.22209701482802602,0.3818880784913959,0.42836220601898894,0.4385460961729643,0.39693657904141716,0.9901949189172959,0.5072147466711401,0.24644741853360286,0.8133655891672681,0.7955444580367169,0.07726272999631344,0.0782680538000295,0.06421985472291661,0.060148166992613813,0.11515531770394488,0.10711415761581883,0.8250080324371531,0.8132124331951611,0.16311908429085395,0.26323993387536354,0.29852406771888934,0.20357635678511812,0.08458246700026409,0.06468295359983302,0.04873510956655804,0.06035967344265968,0.9673908435842924,0.9796351180262006,0.9335777447133315,0.8021580626570692,0.05940741526756076,0.02799106327575859,0.43406040893265535,0.1305171625517654,0.16376320184323231,0.4732946349756796,0.8060114519264844,0.7944944993090066,0.7768226562576617,0.6844053850606414,0.42591366463174307,0.06009068675245934,0.04863510889666823,0.2625689609574657,0.24627559105093672,0.2962944483365918,0.07866605148177212,0.057354175883518974,0.03648465201894478,0.9864189158375977,0.9930453598909543,0.3212604043664761,0.28426042910228994,0.18573679386257155,0.1506954460715065,0.293883878170351,0.27217750779344246,0.2742389705695945,0.25673399475495745,0.2190353699600267,0.3189363827192773,0.054343305999516735,0.7907841173718881,0.7657057471115383,0.5300693929234755,0.04003834035468998,0.04699378242896531,0.43201968694654935,0.22258933789978766,0.10547011203736839,0.7976506593273595,0.7863824123485361,0.040874965225213965,0.057147405694396386,0.08424559544297312,0.14166535951099746,0.10511435212066463,0.06510227479497288,0.07476156602485716,0.06779126985433157,0.05388635821190686,0.9486710655107817,0.9856306961744975,0.9615341139122191,0.06180181097587517,0.47655720807804425,0.19047154163832278,0.15314851700986198,0.7501770331790334,0.8366864223232874,0.802117178276851,0.8924077140686762,0.8023763680768757,0.11568882447390301,0.8260395524744599,0.8155483515307121,0.430244192198077,0.7081977550558844,0.8120199926259419,0.9755047781806423,0.9575220184906226
0.9061774336427414,0.9101341848442625,0.2820547245799475,0.2461056838211248,0.2978512143457165,0.8169500276565766,0.702198788854274,0.715864777833742,0.7801594976712274,0.06806310443666433,0.05869470196600002,0.057783516869557884,0.09916732576791662,0.8794661719589524,0.8742056847303025,0.9778912872924473,1.0,0.9386275955702524,0.9452454009905459,0.9201643348641043,0.16969111726806882,0.09999756559747819,0.062020883788953686,0.09687429382183026,0.0520810828610203,0.02154519278571926,0.04404888766947912,0.15276119802186247,0.9316999132424029,0.9299135440904094,0.8987988058477109,0.2092242962162869,0.23816785359831238,0.22553146431485113,0.288916072897987,0.883620462148981,0.9510900420776026,0.9371549996895016,0.9260311640054197,0.9468782772943446,0.9405928640613895,0.816739987989944,0.7571378599160944,0.6855570002338155,0.8769267550325673,0.8371907906143997,0.47859580893583475,0.42539369575374597,0.3793930601481893,0.4060721585481676,0.40777957275715004,0.4104048417407927,0.4326655723761975,0.3612674144537306,0.22231600190697945,0.3729682702483458,0.41993794796687783,0.42795614346733524,0.3896848221135993,0.9765736797775896,0.4949873784360553,0.24696973531464417,0.9000896657674923,0.882299426656382,0.06663901970760273,0.0693985742524985,0.054230510021663375,0.05388665002245757,0.10276963626106475,0.09452799334817777,0.9078177368594449,0.8972119074121999,0.16591187374533636,0.2604993399834304,0.2915560544351016,0.20074552280592795,0.09329583445890866,0.057451850515875015,0.04290406634280881,0.05153699419915027,0.9524946659860419,0.9602693892381609,0.894426730515158,0.7385974819223309,0.05177050148303177,0.024889572246190487,0.5064149041244078,0.16200920138523833,0.20469429019580634,0.5129638508193317,0.8953527735060743,0.8844472662858692,0.8430811646462468,0.7692233476506013,0.4343373797741259,0.05210637260511468,0.04318316073155291,0.2603097730373794,0.23751893128905532,0.2905862452438086,0.08759502096217063,0.04934684714441745,0.031157224631104565,0.9618002294881889,0.9780084329129729,0.37070953449673577,0.32782005334764985,0.21843104917570397,0.1871081138011664,0.32989042024139403,0.31546533806361926,0.3207358878061944,0.2941802455414832,0.2583115515374668,0.35509490005558253,0.04666426754360852,0.8848017637209907,0.8625434542678945,0.6317244959143076,0.03377263470641043,0.0362717949832738,0.5241194201764208,0.27764127378395237,0.12710764355185059,0.876455883511847,0.8777634514958426,0.034922196876572546,0.04855825756044505,0.10473165456836878,0.14174520740382351,0.10207933366608739,0.055486188018236494,0.0657157763173315,0.05864736514846242,0.044524525358749324,0.9319413560168687,0.9939782348658607,0.9542156514726997,0.05374651800839698,0.573535368558485,0.24355807152371858,0.16576806312602352,0.8386632281111306,0.9177445627655118,0.8892214897465359,0.8346943458412182,0.8848181446905466,0.11494576450610357,0.908771183447126,0.8934231735587034,0.5217995007241258,0.8079428805304952,0.8810396736065786,0.9540465464359086,0.9544035066098161
0.8045323277279531,0.8297237156045161,0.22826206801853738,0.19394135315380587,0.2483262704394091,0.7306591341178138,0.6195235624789477,0.6326014101258474,0.6960479103934905,0.05512856270305253,0.046602363865290174,0.04493108208313567,0.06225974280561432,0.7544004617968483,0.7484674983234333,0.9524187160354668,0.9386275955702524,0.9999999999999998,0.8591158946482423,0.8198108997663492,0.13168925040416166,0.06368842713367869,0.04810600249446846,0.059666619287161674,0.04005386358750666,0.01845482918341644,0.028575429043655984,0.145448813410222,0.9139883880350843,0.9588576471937997,0.7949051630437749,0.1595954626574506,0.1853404247120243,0.1836738871708817,0.24169198507992184,0.9134708183768522,0.8467387490201537,0.9536104176695513,0.9472710402805081,0.9213351867410678,0.9413918869240744,0.7221983829850601,0.665419638027277,0.6078395699894623,0.7492681095026436,0.704035264661054,0.4253605538343954,0.37746637288500673,0.3315370466726021,0.3564081532573597,0.3582106722685401,0.3608753570537662,0.38117922227250856,0.31191917121679763,0.17458454985325236,0.32430197908435293,0.3697383535473045,0.37807864424927645,0.33980514489186125,0.9648666533798235,0.4466644224020494,0.1991756059755716,0.7935019217257756,0.7779267000333623,0.05522551694609208,0.05638250136516151,0.04420427838788766,0.03518206800620629,0.0889676501751217,0.08268016629684379,0.8087019085805871,0.7964503400930757,0.11787991877813504,0.2073431768354568,0.24638102662635644,0.1524124099772791,0.053952144095911425,0.0443646911750013,0.03161930171350555,0.04000897168096379,0.9512069093974101,0.9304357628067449,0.9162411644383938,0.7236183040617465,0.040880463205350534,0.019126706914369376,0.40027876250975014,0.13044935399006793,0.14541041868458704,0.43465985372272425,0.7855048401330108,0.7820340332611698,0.7592486580297829,0.6755190672060972,0.38170543989378747,0.04137427885267887,0.03281507051797099,0.20712132704104189,0.19313865005075098,0.24172876561273515,0.04495510094278586,0.037255508701562245,0.020503824143688183,0.948702096332717,0.9502050785350865,0.2868984035546936,0.2506401991986978,0.15963006378180886,0.1363572067758049,0.2581853238399379,0.24194027218020112,0.24253240356044156,0.22511626698161075,0.1923410142144877,0.28062628511965765,0.03578789217292238,0.7575399523848648,0.7314768752476954,0.4999378661959892,0.023022165391210013,0.029272325330405684,0.410834378282444,0.20668930153476633,0.10480795158980924,0.748946605137975,0.7553879546601777,0.024283308473652322,0.03906346279579445,0.08380184097034285,0.10565590507607608,0.0749744012800079,0.043622481248808624,0.05206398783045057,0.04495357569050433,0.036382925782902406,0.9769893748659789,0.9499154382292072,0.9487012287852643,0.03982709832196957,0.4524087965508885,0.17564389871523722,0.15336986654293178,0.7362091824035885,0.8176481747777932,0.7866217149335452,0.8351809634788938,0.7750631265071721,0.09072832591265745,0.807567273656233,0.8078476359370192,0.4043761702853736,0.6831071496233734,0.8152458326488696,0.947982852470831,0.9522439295163772
0.9894135269242549,0.9858485219715083,0.20864528758285,0.18045565418166803,0.21584576471917655,0.9042827363040196,0.7729952307579914,0.8025119462768376,0.8680575856505097,0.03806564735548057,0.03057947484661236,0.031050752680087907,0.07254722842561319,0.9791573603196005,0.9759833029384211,0.87767234177974,0.945245400990546,0.8591158946482423,0.9999999999999998,0.9948016969491764,0.13158373105596574,0.07606321035957089,0.03685794250338642,0.07531235977025302,0.02804913206121054,0.0038493085344357535,0.024349965770101498,0.15211219210488777,0.7996229507951356,0.8209456677798374,0.9888481363965337,0.1523259929614662,0.17383591016844693,0.16549608231387666,0.2110966385724643,0.7302763291015363,0.9550039510322771,0.8036637659947541,0.8129010060337065,0.8107656435057801,0.815088009176703,0.9100594201473223,0.8496102720386922,0.7514197385622678,0.9759087282432218,0.9271687766981751,0.3832005145922537,0.32377125692902253,0.28693632643889644,0.3122832326922789,0.3116211631816235,0.31164036058646394,0.34139021259005975,0.27511948259944935,0.16858390194021047,0.28382543801207427,0.326685756699585,0.3303268219419802,0.30376268185544725,0.8778735571920019,0.38765570071071664,0.1889040685386362,0.9896230793115803,0.980377178926185,0.03636327700495623,0.04099868013994907,0.026636342254058976,0.031989303348066475,0.06263331115649862,0.059026083659273365,0.9929022589097728,0.9852523568014933,0.11958311083583519,0.19146419457472968,0.21401767423234094,0.14595813014016584,0.0636540360480959,0.03275898106886913,0.022705109226726486,0.026546921827769042,0.8437206866937269,0.8339767386321912,0.7521508450959891,0.5423657802570004,0.027817516699824955,0.0126959915592105,0.53123430650731,0.17376719092039927,0.20138889722916115,0.47323626287601755,0.9867154316965826,0.9793118570356526,0.9021536786222439,0.8792357270095031,0.38093359292965334,0.027118705098464268,0.02372692714785074,0.19096742452337853,0.1694653010100442,0.2122750984333274,0.059852843217557114,0.02486594579420585,0.014040838348041597,0.8379220501372491,0.8717316905522652,0.35817935012681146,0.3087081988794813,0.20073237643252725,0.17733122767580287,0.29664551659157334,0.29518051911290144,0.3059978934282458,0.2684765844092575,0.24677892840777227,0.3205482723261225,0.02336804810903296,0.9798337106012821,0.9672535118847024,0.7414517854425773,0.013771226782174645,0.011949079938689985,0.6026460472476659,0.308997458918229,0.12308984027550834,0.9458033728987859,0.9771073833571375,0.015779629219549493,0.022780309394353493,0.11980851732235367,0.10180258767688569,0.06480770753501433,0.028598049224677725,0.036811133957240116,0.03196750294735438,0.01868930444516006,0.8580638669887329,0.928916238347041,0.8816509544953297,0.029997825693332647,0.662746919825807,0.2724987823643126,0.1658122678072913,0.9385202217126207,0.9920189078975056,0.9859745235347239,0.6559622220703424,0.968272000189038,0.09775708781345174,0.9931791340556465,0.9780415539684357,0.608585093543333,0.9285382378437784,0.9556150339939627,0.8389381428142827,0.9002180351754899
0.9927541606563599,0.9857797282568002,0.19962694697625072,0.17328432649841727,0.20424781411013979,0.9065139859651042,0.7776732797573651,0.8057543179652392,0.8705007077674016,0.03647345666367487,0.029652858357475186,0.03026633585938803,0.07262352929824906,0.9908426946785337,0.9873882601393389,0.8408337192636886,0.9201643348641044,0.8198108997663492,0.9948016969491765,1.0,0.12758941487205222,0.07690916846501672,0.03689401728689177,0.07678695258575047,0.02798220709826491,0.005133385616280769,0.026030875251408996,0.1503349747572126,0.759485893044454,0.7810605719844073,0.9960965220562213,0.14716866132594691,0.1670443824930872,0.15947021833761288,0.19955790475559876,0.6805048088492397,0.9446706369498319,0.7575167625524032,0.7704511353771255,0.7697469902190521,0.7728742115964528,0.9142284591182124,0.8539261822250536,0.751998448554697,0.9875860526333455,0.9423381766049012,0.3663927363216141,0.30713915251382634,0.27241027720074174,0.29732204350646707,0.296174521109518,0.2954603092450488,0.3262088424517015,0.2626570584795997,0.16289429385395893,0.27007291121827914,0.3114797109056083,0.31420927883854016,0.29039455812576087,0.8390626307919462,0.3686038907896135,0.18309785694540137,0.9970650751677127,0.9856371141540903,0.03450759759630268,0.039667717293070844,0.02551218886392819,0.03323525692586701,0.05832737382384361,0.054158802924368074,0.9975761281707842,0.9897906007506203,0.11651456625886894,0.18344394860545676,0.2030112381077683,0.1406613203284061,0.06420956482301005,0.03283745416377559,0.0242622116164214,0.024891981088544946,0.8044117166304454,0.7941758485704025,0.7070997110919827,0.4937005649741489,0.02817562212455942,0.014844138398644574,0.5502954931276692,0.17968078610663965,0.21415159398798564,0.4743458779216638,0.9959099528075815,0.9888956590693947,0.8997279093885306,0.8842523436371004,0.37204931530269997,0.027018725768104105,0.025009806993181546,0.18300400513763415,0.16117302278370146,0.20134230545538673,0.060893324325526764,0.024703071300752222,0.01604708897244165,0.7961668345232571,0.8344552252306557,0.3677764310184587,0.31776361669839054,0.20906548808333278,0.1868465674723581,0.2996862920275325,0.3039780415442778,0.3169273997855968,0.2749902650980162,0.25568194452359116,0.3241058396142022,0.023702716154844643,0.9907320190871335,0.978906084964085,0.7692150251423335,0.01506892636080614,0.011062504352206425,0.6393372259372102,0.3369521277179471,0.12589363365948392,0.9520058435863408,0.9863917360572956,0.017133385537009976,0.02100672192661178,0.12402034753585972,0.09830794682744573,0.0625798382341592,0.027728677874067038,0.03565529222203879,0.031303059083398074,0.01790804217350742,0.8223696971078429,0.8995705161649441,0.849588983987314,0.030761204475586203,0.6996850799563625,0.29965352478151186,0.16550171268737063,0.9448983604819152,0.9969430600173614,0.9929860625246137,0.6057918218548658,0.9720353721218724,0.09915404137361582,0.9974602884473701,0.9805617472161658,0.6430762705492713,0.943225291274821,0.9520659964279241,0.7980332501785896,0.869157135411701
0.11530460627200619,0.11784536571545788,0.6557364324242394,0.5955260595145855,0.6160434950123218,0.2264794639455012,0.26615136093857916,0.2422997401896846,0.23134238083602243,0.0728945900254056,0.0647193767786121,0.0628118938198848,0.4029933604413388,0.11646761244575517,0.11072685478902976,0.16791118278747882,0.16969111726806885,0.13168925040416166,0.13158373105596574,0.12758941487205222,1.0,0.43467916020016767,0.07324206022559546,0.4116925322304618,0.07096235265612862,0.06451145889932387,0.04643809489641332,0.022441126131668796,0.14149540386161433,0.12375234725904437,0.12382361189764042,0.5388490774682209,0.5755993690974063,0.4453515587362039,0.5972442824763912,0.18017241395113898,0.10030472712537587,0.20282152144854587,0.12252352393978026,0.23085410846473484,0.13808033784401025,0.21583877665319187,0.2471105796347522,0.3261744045833087,0.10694800453526866,0.09882115243721087,0.7616219049747371,0.7326908833361745,0.7946294376683183,0.7718805375786915,0.7809367761513205,0.800774363937939,0.7634380919246079,0.781782888528348,0.9000539614972148,0.7906692744429508,0.781136019848401,0.7463452744564126,0.7857490743158104,0.15838417600854796,0.6568523387877816,0.8804726480401318,0.12226514675632603,0.12298651742800948,0.07174535339241686,0.06939101271423515,0.06398304820317992,0.06386963637395796,0.0961190277936665,0.07853934291661066,0.12332392960144573,0.11127030365875766,0.46348798686240517,0.6016202207470847,0.608880442553013,0.431019749550858,0.4122986976657192,0.06878757764003794,0.06576590223094517,0.056644530838400535,0.13686709205133485,0.1904432195751822,0.14491643871705825,0.259193220474726,0.06449092580477155,0.06586442521007652,0.09920614932109129,0.030224352853618627,0.07970683111507085,0.08747372574275114,0.12163396559269127,0.10935782313508954,0.30637468225143705,0.18674241463494448,0.7076744205184556,0.06500310521030399,0.06923063893405416,0.6004165439344048,0.461501989082611,0.6652051726699159,0.41933766569232545,0.06364285780011188,0.06326602630563721,0.19289372185891004,0.18478368434013392,0.0818453918784909,0.08491424383311684,0.06408298200086021,0.07472326180656082,0.07205639750594282,0.07840238260890053,0.0844799758260727,0.06998844165775954,0.06106718515641703,0.08369609623217739,0.06842015525421541,0.11912678706263347,0.10216563338618209,0.06972971186945866,0.06209969087148149,0.05270849082156168,0.0905345268179485,0.06843353284432586,0.03132357147031899,0.09796073796748511,0.10983863088931442,0.06678744187944272,0.06467714728531716,0.050854276420635315,0.20780288139387423,0.14343271517790623,0.060270982926680795,0.07006169700521064,0.06439622199796952,0.06732354619754866,0.11606068590987761,0.16358395525063432,0.11535972734162828,0.05374797294092482,0.0839287105402036,0.06592440106796144,0.02061874390003943,0.1339752465551187,0.1221763533941652,0.12062056716174703,0.2136022592058892,0.10797871748311007,0.10569722098094124,0.1262913712059429,0.126739999637008,0.07557228652752988,0.0804985141608093,0.14869249425851994,0.220116130375552,0.1260496409271119
0.0704698058109276,0.06721781696822379,0.8136108895360257,0.8262091455297811,0.6036163571872839,0.09106531436475472,0.10409653490293465,0.10448573214870545,0.09364989665615467,0.1136671833238038,0.1068505989258285,0.0999320217474056,0.9514244734547731,0.0732588819315078,0.07378106474583633,0.08962091038566161,0.09999756559747819,0.06368842713367869,0.07606321035957089,0.07690916846501673,0.43467916020016767,1.0,0.11943994603924796,0.9706769122330754,0.11571462960625548,0.1186041581145267,0.09247685615830091,0.009526811322559342,0.09986969641198941,0.058468346241416745,0.07477709282622341,0.86114362158323,0.8383436376410515,0.683932511053541,0.6409108490468283,0.08864066544575491,0.07033966723566391,0.10266777318246031,0.06127739955846862,0.16290178299045802,0.07684262733760622,0.08624827624183991,0.09918508212955071,0.13243644396137724,0.07394803099277636,0.07126380763149547,0.48157338434578917,0.44836707147454175,0.49061409297302705,0.48600105162714047,0.48231927820109494,0.4807359196051196,0.47074281659907,0.4823628960012566,0.48148543974085883,0.4764482932269544,0.45339198535601827,0.43164765566241664,0.456420334390869,0.08570582341954201,0.3721586055973124,0.47656498487947624,0.0749097276341342,0.06901628424980524,0.10922376416172801,0.11348512299489759,0.09761809007172781,0.09711267541808236,0.13639268903524146,0.12107401323474691,0.07296700096277474,0.06737130099695855,0.8812124058926898,0.8308880564136618,0.6112871305020103,0.7551083733247169,0.8493939291718785,0.11432755894649094,0.11535304300598044,0.09345165088058835,0.07708865027155498,0.11818984133477003,0.08644042569505912,0.15141662147885715,0.11066663293271828,0.1215390231734127,0.1503006898478646,0.06951967009547648,0.13745609129865205,0.14702616279377065,0.07894920375338257,0.0693406337366844,0.12489050918984992,0.07471194812855435,0.33212942277442653,0.11088557842557303,0.1135216268151453,0.8285122221581755,0.7066768166086586,0.630609061452637,0.9003322903907766,0.1068801759539935,0.10873441311082303,0.10413818025975922,0.0997679324976021,0.13285906514784893,0.1375685877578649,0.10799494830808734,0.12665748712331465,0.1142367842896432,0.13161344701795338,0.13525392642337644,0.11128079309425061,0.11255307710960435,0.12846698617249028,0.10964093330179847,0.07912488451679293,0.0674941840786467,0.10251054254319412,0.11590221937815937,0.09232520763905411,0.09894748358094721,0.0869881521192734,0.075563096104998,0.07089404089795837,0.07225141241702522,0.11384723402210666,0.09442223097600849,0.06965896926854369,0.33187549167639835,0.2185871117161091,0.09597213211500791,0.11258425938478238,0.10197990207249727,0.09251369502409092,0.046030766200789476,0.09012713999350985,0.054596151107984325,0.09570027004155907,0.10271089027862731,0.09301893208879156,0.014233325356427393,0.06151723000150195,0.07746162205701938,0.0725120316646407,0.10823141186146677,0.06769656216545922,0.12296941036548849,0.07391386383472803,0.06798132510539616,0.08007881630076115,0.06438107247747854,0.06750022594459767,0.11288994498962118,0.054862940880270814
0.027490018358433854,0.03073519330432351,0.1124785779722042,0.09880782205857606,0.05496314117964314,0.04060096878903317,0.04915401299950009,0.04327352222726957,0.03675402413131575,0.976989040685102,0.9854458245709492,0.9728142893808108,0.0990053046765667,0.03604871890198237,0.027529683735468536,0.06880726683330789,0.062020883788953686,0.04810600249446846,0.03685794250338642,0.03689401728689176,0.07324206022559546,0.11943994603924796,1.0,0.11695108141827433,0.9955501388682626,0.8945700655250172,0.9423888002874335,0.03973103846114905,0.13840063064485336,0.060945613460484674,0.03310496336300866,0.0892677424016388,0.1033081445973091,0.08798242607657561,0.05554453670261209,0.054694953910826974,0.046015490719186904,0.05677008155538512,0.03844676455860576,0.10665625178888866,0.09012989402376141,0.03594070192362519,0.03804710636614289,0.04459080109928619,0.03358297829660877,0.03897290751755904,0.08704567191198223,0.07592143032588479,0.07754052942234632,0.07534033897684234,0.07683358298597663,0.07512213553537539,0.08037943306504589,0.06963042236044746,0.06488937326049808,0.07047900360149398,0.07946999717351587,0.07776821065334683,0.08300378214657457,0.05844109386641948,0.07406581168664772,0.07188392580291283,0.033535827537176086,0.02385490000311811,0.9734149610689594,0.9865637585202349,0.9654532652686516,0.9429366708246439,0.919285445283949,0.8704735397523701,0.03024587690067377,0.028919631842580364,0.09485608792823129,0.10320757840602138,0.047487909447097715,0.08203840736719932,0.09525101540654396,0.9975807059378892,0.9748838530255695,0.9483747645697094,0.0881121596949229,0.10075920783986936,0.10578159923706096,0.09478172959993977,0.9943884927151575,0.8723747704313078,0.11509019769001837,0.046620979511079796,0.04301683466453066,0.1347144065952857,0.03667862723275201,0.033430452371588024,0.056348261333654795,0.022531102575519706,0.091829722728511,0.9960157791105889,0.9648152920869376,0.10136002009678734,0.08972407428849714,0.05514680362431407,0.08719568924782112,0.9939802215919302,0.9447249514107828,0.06155635660583585,0.061730636913349214,0.12413994808819913,0.12846200252278697,0.06913615455163873,0.0447312264429136,0.14898810832753512,0.1136937201928467,0.11420156749252866,0.10444693116388855,0.07238681145673055,0.14753427418244308,0.9893033880605622,0.03851364570581206,0.03085961895271893,0.05819760276694695,0.9519822872570642,0.9431343980687444,0.06902733881029736,0.04320129322822291,0.041960177887361026,0.031947082102577594,0.029110451499901716,0.9579066767533387,0.9513564464472567,0.06941249809174738,0.21285393147345832,0.18018795742452187,0.9708169464173121,0.986126098787865,0.9765069514663984,0.9281951785764495,0.04441467359777212,0.057800348454466965,0.049436365410528545,0.9493014154629138,0.06706186085579526,0.06524947092321348,0.05694571139392756,0.02772290369575807,0.04043064242485489,0.027045238965249428,0.06100274034710395,0.02647638377293062,0.5780948136606286,0.03251136984642003,0.02791761719215307,0.069375757675647,0.025143276199780018,0.022647841044613686,0.059545005351603855,0.04183499184432509
0.06985881191601989,0.06736141515142877,0.7779364022381572,0.793340915820904,0.5779272142836978,0.0843021918591949,0.09259744916048968,0.09275142414691938,0.08557905224257213,0.11088442438200243,0.1042838123410591,0.09805483375627018,0.9648253425756781,0.07406327422005193,0.07532387369743436,0.08548392455006057,0.09687429382183026,0.059666619287161674,0.07531235977025302,0.07678695258575048,0.4116925322304618,0.9706769122330755,0.11695108141827433,1.0,0.11375985005056959,0.11313447612097187,0.09021126993888999,0.0017642199766877689,0.09491572650922069,0.05431932493878331,0.07535506536057328,0.8269336866807752,0.8057817019025415,0.6448428544975328,0.6102009798642092,0.08589105406820383,0.07189402627338962,0.09652091812810978,0.059209130316698326,0.15409505236636248,0.07182123403221638,0.0801244772172534,0.08967756268505446,0.1213090697073319,0.07540075485030011,0.07621182558225052,0.4586779004432966,0.42691586416296057,0.46743315530806345,0.463431384039802,0.4601630953797197,0.45946114630856694,0.4493264640085506,0.4591614598396267,0.4601764067819028,0.453610578648867,0.4322439196474085,0.4104264225325805,0.43484232238665704,0.08195214095216992,0.3540780949379842,0.45383339494029423,0.07550421426489476,0.06922615310280854,0.1062300938435104,0.11131359731552404,0.09462885020166999,0.09295183886848724,0.13022860425961463,0.1177817076595473,0.07343032475959255,0.0680555217201194,0.8478879238033326,0.7962599789995888,0.5834504988048322,0.714060170633714,0.8128829931411896,0.11189655929090918,0.11119845647974402,0.09581638621635591,0.07121777229231209,0.11226545678642448,0.07962121276709895,0.14267297906927437,0.10771723864238833,0.11731492264929631,0.15080125200637692,0.07196349926737658,0.1416536433857599,0.1470412537973898,0.0794090641822869,0.07254549987995455,0.1184592323852019,0.06803635824135348,0.31377465661492987,0.10884998949833011,0.11018725602552905,0.7938789368633858,0.6696158135542823,0.602404991060515,0.9121334915084299,0.10395557655669285,0.10550517286463,0.09996831847000012,0.0952006549568465,0.13086749179824503,0.1350926960162156,0.10938153077966044,0.12797171576146088,0.11027215977333309,0.12935431884749835,0.13255907902931163,0.10999711974844897,0.11389362880010036,0.12437110575015,0.10747267427692095,0.07942014299897392,0.06801737361578028,0.11059594407069254,0.11238378219234905,0.09278118616318563,0.09660525831508557,0.08597186014915989,0.07076085781544321,0.07147768977312338,0.07258653195143504,0.11064776103836405,0.09257810329561579,0.07424785888685481,0.3096133366887997,0.19524546225128622,0.09413017289054132,0.10940259196569761,0.10033196389581996,0.08554755203557357,0.041052343532720394,0.08654745506204319,0.049795529060775584,0.09233913125885412,0.10108121165156461,0.0900022854636028,0.010415993392738103,0.06517698226732084,0.07770215963608948,0.07304044803379121,0.10134378508300917,0.0714090409852413,0.11623125207979396,0.07424235620205229,0.06749181544177038,0.08284130144741927,0.06728107460752453,0.06457497191898806,0.10787454528862009,0.05284011854134772
0.019269233879150416,0.022777032328678302,0.10585133184138583,0.09252621452901398,0.047598931004227865,0.032251183013796106,0.04132344762831778,0.03602284042347307,0.02928005174360815,0.967380313034774,0.9805579695134213,0.969405775063915,0.0964505588183645,0.02731174304929494,0.01929823098295616,0.05919069666272059,0.0520810828610203,0.04005386358750666,0.028049132061210545,0.027982207098264912,0.07096235265612862,0.11571462960625548,0.9955501388682627,0.11375985005056957,1.0,0.9085972970006444,0.9489856241995188,0.028134125593879414,0.1274883279842962,0.052538622865827736,0.023960449751246813,0.08328971860015667,0.09723807396047524,0.08182106125385843,0.0493472368184203,0.04591386643114287,0.03828628333093242,0.048238118238085485,0.02916974334410257,0.09585006947727828,0.0812435596251656,0.027541167319566996,0.03057658654168464,0.03763195556450526,0.025223144190072194,0.03053666088262181,0.07999294267037733,0.06950185368027045,0.07217073363708958,0.0690999949382409,0.07069723876265357,0.0694222820697877,0.07375351698833887,0.06394436148579598,0.06104853166190546,0.06473407969780312,0.07389249333102033,0.0716274886048111,0.0770590516757771,0.04916363039502917,0.0673263837841657,0.06782743443005099,0.024594109002206932,0.01590158169732566,0.9642884212218614,0.979246498137365,0.958392000562032,0.9447200952570898,0.9009058430426328,0.8476839986841447,0.021512863344551412,0.020866221061791698,0.09009931253822182,0.0967710062659958,0.04149450484276589,0.07491842916815625,0.0909306875474853,0.99739535964384,0.9811402080504613,0.9466845854498124,0.07894407825544483,0.09040221310504108,0.09680354921865861,0.08570222272609955,0.9964824950622269,0.8863410596624689,0.10264009786265818,0.040699635158705845,0.03422400565431762,0.1251741887320293,0.027804754050487875,0.024745964125257886,0.04801477830749221,0.014102716159265484,0.08682004246177885,0.9966980720249115,0.9744575620043735,0.09475950570754928,0.08214956650469926,0.049351757159891214,0.08652373558377573,0.9956348797032032,0.9581187690852269,0.05205694763023431,0.05191619445290156,0.11332494314086179,0.11713474598407725,0.061165305347026876,0.036110127056244376,0.1390973505790637,0.10304545231337432,0.10360147603807929,0.09480631519414309,0.06306016766566053,0.13638865106686665,0.992110004298983,0.029835870135003748,0.02293440539775562,0.04936862305473579,0.9627328479492915,0.9422689510163657,0.05915237728203452,0.03299109991515183,0.03621040401079238,0.023652905859749888,0.020784706192307562,0.9697763041270591,0.9479993173646246,0.0645860133297915,0.1989770226607571,0.16785562246583138,0.9655609570796997,0.9788494964174786,0.9716127782657026,0.9239912502416066,0.03580617332786062,0.04837975548886483,0.04053508400516488,0.9487899574755099,0.056765315086570955,0.05419176374324298,0.04468907078129731,0.01874087213746586,0.031211538471780625,0.018452452592621342,0.0520900565067997,0.018790711901066962,0.5708968967898658,0.023884517187726526,0.019013785343744122,0.06084308788450964,0.017110232408105705,0.014973376405899878,0.0504268838915383,0.0332410560370838
-0.0017811908284251676,0.006305676193735097,0.09399392093753643,0.08107398051546277,0.02991857786622461,0.012059525029814435,0.021282234953025097,0.01968056738703749,0.009706484139194919,0.8063881274606819,0.8316848545131422,0.8063649529975063,0.09855874895685204,0.004070127606615986,-0.0021017602276854224,0.028256488023226514,0.021545192785719258,0.01845482918341644,0.003849308534435754,0.005133385616280769,0.06451145889932389,0.1186041581145267,0.8945700655250172,0.11313447612097187,0.9085972970006443,1.0,0.8368717841522556,0.019857061531196624,0.08822397952721898,0.028375947499559996,0.001297839378311847,0.07437820446887447,0.08742680491805556,0.0658728833782129,0.031505576093668344,0.01960616402485066,0.009011933900393097,0.02416095267636037,0.0008700652307514874,0.05969903847793009,0.046436170296462555,0.007950352219939394,0.0121082179493331,0.020446331864607824,0.0025451062319867025,0.009168734798573094,0.06028657812449102,0.04817881405026759,0.0539059141557725,0.05141787375327683,0.05253488112389513,0.05195876547887566,0.05557046034875521,0.04690923702158584,0.053205966979722706,0.04625307465156376,0.058174142848521675,0.05354621664551355,0.056991466679514734,0.021949154050292154,0.04206923627688521,0.059360746888009804,0.0014708535124537548,-0.004845366182136287,0.8012062529963551,0.8327844175503489,0.7861854833641779,0.8031445428014719,0.7175225368465666,0.6612101531541613,-0.00017656941680280257,0.001364879337912188,0.08408022275904942,0.08637122709246786,0.026881688266847736,0.061923972398158784,0.09495501283050788,0.9027743093037389,0.9449914774575655,0.7868081321997569,0.0450090103624391,0.05669400017405847,0.063204684350888,0.05776161670874576,0.9120367577651686,0.9728171325665359,0.08131504769642356,0.03641174689454211,0.03849436788187363,0.09869476607390554,0.005323501247132995,0.0042336376840993355,0.028425139732317434,-0.006995013160379318,0.0722009376615455,0.9061515244177416,0.944426347620221,0.08352689936730452,0.06376848316714814,0.03691415478690327,0.08948025077740578,0.8975188539541127,0.9543462408483859,0.024218996769003232,0.022372681334962004,0.09796628945425731,0.10229070050296321,0.056548089183732775,0.04014797457047455,0.12820284234234564,0.09156360841679667,0.08932377569590418,0.08687196758047182,0.0548636180468871,0.11438527461100187,0.8931345505409026,0.006250125378026229,0.0022314209505015724,0.028455828665771638,0.9623304492926791,0.7941910906606917,0.04275383836657695,0.020316874760718466,0.03771420620223643,-0.0026459914615908084,-0.002695729002308096,0.9555870685986046,0.7858097053212951,0.050243361786506215,0.1748266196086989,0.1494137053992037,0.79691331681572,0.8327168702122923,0.8076109243851338,0.7512239046584472,0.01300496844595905,0.021007270477230132,0.013796695324874644,0.7975030368067271,0.03708435176009191,0.03441816271222362,0.03460165981073912,-0.0017726243392686438,0.008432047489673055,-0.0024122185969558596,0.0235902622473449,-0.00033484335932075607,0.6245888873978974,0.0019299757415402919,-0.0026609708493226434,0.046793713520993464,0.0013638798007016755,-0.0031324739047234756,0.0221608246804158,0.012385264635244135
0.017967432880453486,0.01955541492693019,0.07921073482611957,0.06708614602336874,0.023935208515156313,0.02511512161970929,0.030252517208856917,0.02794587258193162,0.020589323273165278,0.9236602109626487,0.9387510047705035,0.9365897502719973,0.075980664601029,0.02562288608445331,0.019329863849840447,0.05168973884684267,0.04404888766947912,0.028575429043655984,0.0243499657701015,0.026030875251408993,0.04643809489641332,0.09247685615830091,0.9423888002874334,0.09021126993888999,0.9489856241995188,0.8368717841522556,1.0,0.015407362822126812,0.11286044773437494,0.03990263422480582,0.02114339635430298,0.05885696904847746,0.07205523603724179,0.06690111878924927,0.02774823014112913,0.03608078741261515,0.03631405972446747,0.036877313236552495,0.020173621763389448,0.08076301291460551,0.07157657622668863,0.021163110035034564,0.023055492942080615,0.027234152605750593,0.023682680158999447,0.0264686078288408,0.05642351610689483,0.04834183233723945,0.04952504863099377,0.04581625649151911,0.048283061124081185,0.0454992275147161,0.05017501500105078,0.040616045394091686,0.03680371122078328,0.041624643163004696,0.05193984716048798,0.04977388023384444,0.057066523960237585,0.0390431685691118,0.04908340986532038,0.04291266571408054,0.022298417625319603,0.016468593224102802,0.9205904991985921,0.9344400025049927,0.9103801966125837,0.9442415045860588,0.8532321708144265,0.7970651120343041,0.019384891719090535,0.01889347837140505,0.06890022471507712,0.07145072018924137,0.021168889206525234,0.05669099928829172,0.0674280756263093,0.9476963067061763,0.9449643601149954,0.8792190385812554,0.06729496409065805,0.07839351670643248,0.0835449332910369,0.07643469809211291,0.9497998410832461,0.8169448050056171,0.08911964711149847,0.0402049496581148,0.016692656013277112,0.10288724616274905,0.02495398717571695,0.022644212291516797,0.03806518159063073,0.008718098223967657,0.06391088540940919,0.9463202733490467,0.9489899722471331,0.06865725813769703,0.06747130869269354,0.022869144416331352,0.06579459427885859,0.9520772679159747,0.936567851372137,0.0424887028438267,0.043288961275047215,0.0933709807311453,0.09732657650227625,0.04000262141084158,0.015315746491447022,0.11835116588966538,0.08136720987758707,0.08534215276677133,0.07262951698509036,0.04352223275288909,0.1158009204436827,0.9501078499690834,0.028280762951540004,0.020952676492505408,0.046895348777545316,0.9208486224602557,0.8764145260084684,0.05382979821464149,0.022672610863288183,0.03135321567115277,0.02282873499678338,0.01963202169054699,0.9430343685109609,0.8878819180938562,0.05308742930299897,0.17828070990813286,0.15508478332898168,0.9207345218530364,0.9347106791603458,0.9345482676913759,0.8939123812072279,0.028457738919610488,0.04073846241675289,0.03387760716358244,0.9515131984016704,0.05126559213259724,0.041679416000607795,0.030804969750328946,0.022036282205444516,0.028130501790597385,0.015065945374387935,0.04032603801148986,0.020623381715074607,0.5208837979113082,0.021107830522581212,0.018623212453837464,0.05855941790339513,0.016817228952780497,0.010839289318308288,0.040092096324449635,0.02587347266081365
0.1462839329295978,0.1514544790619234,0.03189092688556627,0.023681559300200588,0.028001464828905327,0.11963082751271464,0.09053002932193105,0.09760170545511301,0.10979316908781245,0.046308941944567104,0.03594713197534693,0.031578699419881964,0.008247217519577734,0.14757995014351002,0.14244881617555374,0.1425696888465473,0.15276119802186247,0.14544881341022198,0.15211219210488774,0.15033497475721264,0.022441126131668793,0.00952681132255934,0.039731038461149046,0.0017642199766877689,0.02813412559387941,0.019857061531196624,0.015407362822126814,1.0,0.15154138572280224,0.1438423663315314,0.15015997177949206,0.020977859569044938,0.026172642850002065,0.024501888105757774,0.025704353730835582,0.14050386477446816,0.1449280569760548,0.13605210769713777,0.1476372218525453,0.14516602204319412,0.15024727191702864,0.12407719637965843,0.10896555040061524,0.08491882321937878,0.1465765847786173,0.14928560392681445,0.036703878128629575,0.024610316264393004,0.024097834993809165,0.028506829228942952,0.027046734386880718,0.02822033320213871,0.03300218204713923,0.01588931531667248,0.007560703988092126,0.016092847281406707,0.029946347126329466,0.017816482531052946,0.027005055319082,0.15043259947307228,0.04565558676551311,0.00777947194221365,0.15082141816944397,0.14210995475024232,0.04275408982143552,0.04255567824212011,0.03160847145199965,0.012328992320387186,0.06400178689498388,0.0675171572803235,0.14956782334041993,0.14924363719049863,0.02169188999396815,0.027718264989724815,0.018776791567296766,0.032227486095342525,0.008628645216961455,0.034461892825723615,0.024651543237650276,0.026762230157132066,0.14816703593420288,0.14838379452326808,0.15209709095433702,0.08355750492271816,0.02865584238908799,0.014885635617716601,0.27444715656571733,0.2787764748895551,0.1791896587914763,0.1145973811695437,0.15203591680542064,0.15378262415553365,0.12127184941292125,0.1192474832173148,0.015559383563110677,0.033749981285677695,0.020242626346234166,0.031020817137240662,0.03204692036641437,0.01617180879537062,0.0013030906145663852,0.027837899815648316,0.01504094512304381,0.13977541146593078,0.14403748759026452,0.1655272562407317,0.18422330424070324,0.16695528124378253,0.1712981010875014,0.12220521954061131,0.15674708836245235,0.17514505759498272,0.1498281208430868,0.15916382318861355,0.12130737771836549,0.025246884136452312,0.1463257088912613,0.1420913717231657,0.13555221958832672,0.02442945340683314,0.02937724064660114,0.17182724999670657,0.13922181017463453,0.21126246224636697,0.14882961774032807,0.14265285619515952,0.014643783614599183,0.036135900017345284,0.3081050727997945,0.10665497328810636,0.10311129387127331,0.03320463165206921,0.0407831972743056,0.03251662975088989,0.018701970189060564,0.14955289607479036,0.15000276892901898,0.15041359665093004,0.01628210760350959,0.16751937750414922,0.1344534428711293,0.941623841111626,0.1435025789987041,0.15552011229471993,0.1474966966332427,0.13006512181540006,0.13669102171719616,0.16128781906037454,0.14847586454007208,0.14828122309739872,0.131768610216714,0.13280689412458258,0.14573739867923513,0.1339455278824125,0.152057631970533
0.7369225173774085,0.7461865956841507,0.28475966056096996,0.2478586861505645,0.2910998733994591,0.6640734222051426,0.5759253729772074,0.5814812416165976,0.6337767906608875,0.14771275997336383,0.1370354264253687,0.13317726981474964,0.10195064439541039,0.702467382505888,0.6918595456989466,0.9530889454503962,0.9316999132424028,0.9139883880350843,0.7996229507951357,0.759485893044454,0.1414954038616143,0.09986969641198941,0.13840063064485336,0.0949157265092207,0.1274883279842962,0.08822397952721897,0.11286044773437494,0.15154138572280226,1.0,0.9385744227510064,0.7297451184766224,0.21081706628549327,0.24343425824135037,0.23328032523020575,0.2823199351724422,0.9099826460795628,0.8354132730453219,0.9366873537929016,0.9295033134200857,0.9774235032027806,0.9764848094110248,0.6596173169706769,0.6096136477467922,0.5654948462627453,0.6985176464031775,0.6684434237752034,0.4606437458214614,0.41162553997740425,0.3606555698342433,0.38743806706045125,0.3903376153686636,0.39355094461814694,0.4128631167234223,0.33662001996959806,0.1909784707564855,0.351278585151867,0.39858800012096424,0.40725278432272455,0.36605802441352536,0.9559108856914205,0.4764281961274555,0.22159748826938327,0.7300966642274871,0.7041806188932725,0.14660828941479598,0.14901632964151584,0.1287211897961698,0.12320569927472691,0.18781764910457913,0.1728507766728365,0.7396822157287822,0.7229630695247382,0.17225679580980235,0.2633014356526627,0.28216583650565874,0.2077587597606989,0.1007985267611071,0.1334844873837338,0.11347113538805201,0.12265378237783492,0.9753395094569303,0.9832356678193327,0.9639339222350832,0.7906458467284658,0.12741198510460255,0.08570857447487731,0.48864203634617986,0.1548715152524742,0.23882658195900086,0.5729533800517552,0.725529557832085,0.7091864905958777,0.7048943471909626,0.6101121664937518,0.3960080879533982,0.1289927878104309,0.11294277955263587,0.2629339672207436,0.25025906615280963,0.27882550215365465,0.08502340386595401,0.12540526672095725,0.09790694268478012,0.9517973766546389,0.953482074147168,0.4151793237671249,0.38161169619229646,0.2691059243625042,0.22804190574857042,0.39908057245216083,0.37018290258204234,0.36954967349721063,0.3542470458785452,0.3055972411179383,0.4215157299201419,0.12012513239981223,0.7109966728246423,0.6783960520762853,0.5011275060344825,0.10439642156648046,0.1097909434570518,0.4294190812809232,0.25405471689001724,0.13247112387868812,0.7180368849594059,0.6989250508494131,0.1031250812329012,0.1214893834069383,0.0968440095862713,0.18846294118208526,0.14868835690303187,0.1308289973030288,0.14497918015697836,0.13441421568288023,0.11637458202375736,0.9029126237244082,0.9331563156363959,0.9188885954238438,0.12846293809943085,0.4627303195612805,0.23216169543044976,0.1644894121224555,0.6648077196409482,0.7608263386949369,0.7143181784407504,0.8696156351778567,0.7131717143611587,0.1757000483069709,0.7406276367692552,0.7248713733562212,0.4120604727746567,0.6072594749377834,0.7289414684893,0.9355217151296807,0.899606327176318
0.7640205927197777,0.7883053481634191,0.2337185189850312,0.1981196651739368,0.25336688974814847,0.688713558910424,0.5893821448592067,0.6004755914805654,0.6561622976125547,0.06856666770253568,0.059529322082787994,0.05750281372947301,0.05828152600054514,0.7138881813395855,0.7074157542298559,0.9549221219865525,0.9299135440904093,0.9588576471937998,0.8209456677798375,0.7810605719844073,0.12375234725904437,0.05846834624141674,0.060945613460484674,0.05431932493878331,0.05253862286582773,0.028375947499559993,0.03990263422480581,0.1438423663315314,0.9385744227510064,1.0,0.7537067319614336,0.16110151074528709,0.1906363856938841,0.19086374461875555,0.24390370834540281,0.9128986329825808,0.8281850498584178,0.956635781844003,0.9608991753815604,0.941493902458127,0.9552732890893533,0.6837935985156568,0.6307049257291154,0.576794161137842,0.7088114663817114,0.6672011394142456,0.42865331639413695,0.3839716652362874,0.33444183296717345,0.3599084043620754,0.36240166045196687,0.36484068217909016,0.38414941908477385,0.314011163069477,0.1708200364642812,0.3267726379304101,0.3721679435612652,0.38111190212629387,0.34143704397772,0.9642567250597323,0.451383146954481,0.19793875863949464,0.7526813793127152,0.7332948893695662,0.06926768069837809,0.07001897435415722,0.05622326013422356,0.04631155433780827,0.1027717969437989,0.09624766988954123,0.7671189625970212,0.7540118939956225,0.12132604986561484,0.21280993596782327,0.2501058669903277,0.15991694366424455,0.0568368158543537,0.05749265275449227,0.042429294393193276,0.05261210449504743,0.9642699854640355,0.9495103421847175,0.9452570990199787,0.7527563305750947,0.05260560720280063,0.027820994914579563,0.3924015426371271,0.11573013205860173,0.14987241211667143,0.4571114935956142,0.7441642098091081,0.7375561320871024,0.723967166887694,0.6372766252660924,0.37575287985246236,0.05287704753240512,0.04240769625530936,0.21207198662188534,0.20238378173632002,0.2457773294124724,0.04375044647448864,0.05010132286213051,0.031089551372531946,0.9525540406039257,0.956293021788282,0.2981776795536785,0.26516688237999236,0.1709665439037776,0.13942447577771136,0.2798053802763442,0.2569229631631275,0.256520218764721,0.2410366912184416,0.20198282980158708,0.30399460085095464,0.04733424724512732,0.7193469696831342,0.6905894728352066,0.4640862916638134,0.036187209541631744,0.041928207915755404,0.38574085298373423,0.19531189205693206,0.093645408546219,0.7169202104764978,0.7153406876769316,0.03450356566238745,0.04998978532573201,0.06311941174761226,0.12142621792112918,0.08582299289843993,0.05639989641589393,0.06547578408210195,0.058164442073629134,0.04764865956327996,0.9568431590378275,0.9422658150257106,0.9519485765867408,0.05330831633182476,0.42041606633661155,0.16613898405946953,0.15293465777821336,0.696252700412733,0.779887541201841,0.743020385733655,0.855083740241324,0.7364911600024362,0.10699883164278196,0.76601845864408,0.7640561016092211,0.3746617415843625,0.6349638077086412,0.7702382197526023,0.9462706957414239,0.9384589682330843
0.9932474733193276,0.9838638274347378,0.18893490890026182,0.16400283637664423,0.19074001236738042,0.9066450525965184,0.7742540667669849,0.8045745668886837,0.870342984447954,0.032420396794734706,0.025515642758116398,0.026216752033490172,0.07106672786885691,0.9924662545677934,0.9893872325304242,0.8119235642363546,0.898798805847711,0.7949051630437749,0.9888481363965337,0.9960965220562213,0.1238236118976404,0.0747770928262234,0.03310496336300865,0.07535506536057328,0.02396044975124681,0.001297839378311847,0.021143396354302978,0.15015997177949206,0.7297451184766224,0.7537067319614336,1.0,0.1393196603347757,0.1582297836187593,0.15027123644113202,0.1870538502285476,0.6469414717498474,0.9289030063186741,0.7258156408341936,0.7424266432340617,0.7389617684143881,0.7432269346885502,0.9162667610741128,0.8570825041489586,0.7513573988708495,0.9898635229406497,0.9446533711260451,0.3485545670665955,0.2889326494576695,0.25636695483736543,0.28065226225436213,0.27942815797807546,0.2782611707058487,0.3096483868959708,0.24739304060664158,0.15481628895803035,0.25473148647251853,0.29456637417435233,0.29635372636358764,0.2746901357527254,0.8114832352831353,0.3479846877426279,0.17435942790725842,0.9982595261755068,0.9872915589116658,0.030304316667616127,0.03580747094508694,0.0218383091419739,0.028605950782070157,0.05352674251130935,0.050369706616738896,0.9976001401988726,0.9904755041312876,0.11110184726493888,0.17349227111670745,0.19043566613968355,0.13369751540225244,0.060429830892417824,0.028959764953011665,0.02015656596705798,0.022653774164333177,0.7761040529088788,0.7641888685097915,0.6777885804162884,0.4584007449184926,0.023949499374664607,0.011465317687076685,0.5483969037807839,0.1774272599808111,0.21105159884738464,0.4647225311160524,0.9970168238701598,0.9914127028650942,0.8965424731798033,0.8887691486521464,0.35961777593312955,0.023142734867042405,0.020432994987281194,0.17311166870264388,0.1515845409244803,0.18903174224607538,0.0591978517399416,0.020791458500033475,0.012050788236129734,0.7650140811528794,0.8052191359833745,0.3642778647853659,0.31406949277206814,0.20612607444727027,0.18436751410468927,0.2949724635624655,0.3006479966619114,0.31416285976311603,0.27058898636137074,0.25313804139861723,0.3186502904886063,0.01993725378028358,0.9914219668547691,0.9813197590992339,0.779334295416407,0.011044844411347487,0.008038276731371526,0.644298683607042,0.3402063626995642,0.12212786858071305,0.947622849968433,0.9889109417101773,0.012812396432517546,0.018124699813214733,0.12394223255641577,0.09302246935901023,0.056946615807475925,0.023931858664873327,0.03161670430077546,0.027554994722189394,0.01353562802929174,0.7974648733893543,0.8749344460907827,0.8248196946765981,0.025628065665637148,0.7060142530186768,0.3034714598088556,0.16520543377839633,0.9503227986317566,0.9950291613090042,0.9957966665926469,0.569755456549477,0.9726590300454618,0.09607013007400499,0.9969725097752105,0.9827674823161797,0.6553077476966498,0.9484920749990641,0.9538632956493315,0.7689238227367865,0.8490268664076962
0.13777224622269502,0.13437057206697642,0.9720746501063101,0.9868875305062998,0.8486549061095086,0.18527343858277215,0.20353712661415838,0.19286488893730902,0.18524200357576906,0.09337597301131816,0.08244980028470693,0.07484890929028773,0.8420527365800072,0.134037251527419,0.13039972515750792,0.2086857951223912,0.2092242962162869,0.15959546265745056,0.1523259929614662,0.14716866132594691,0.538849077468221,0.86114362158323,0.0892677424016388,0.826933686680775,0.08328971860015667,0.07437820446887446,0.05885696904847747,0.020977859569044938,0.21081706628549327,0.16110151074528706,0.1393196603347757,1.0,0.9892347239351086,0.8955559433528986,0.8821131867754379,0.2086676418304246,0.15535908637897372,0.2295694758888641,0.15747510676731458,0.30367092089762954,0.18969737578351178,0.17749321335069274,0.19516790558911917,0.2428475380760631,0.13076712864353854,0.12209264291576159,0.7061912608060553,0.6808022218114446,0.7102791323861897,0.7108632544942265,0.7060781911310388,0.695544357619374,0.6948514616520631,0.710635720646371,0.6437626541704156,0.6971896981175091,0.6710585742068005,0.6492228505363631,0.6740954949635102,0.19802012737942637,0.6062652834735958,0.6387673564042015,0.14077399267949356,0.13175982740570005,0.08938845575067654,0.09015950199935428,0.07760645000024353,0.07401282663822106,0.12712132669432621,0.11454269302156618,0.1392655097695157,0.12860349484753372,0.9753810046773231,0.9858987302149311,0.8567812039223374,0.945001437654944,0.8813804935265472,0.0834846412230611,0.07670606820386851,0.06922718936344399,0.18505326118804466,0.2440364150905584,0.20020869294810908,0.29485362816241867,0.07855232722980378,0.07565028450298328,0.16111209085746378,0.060856696701547024,0.11596196921255872,0.16663703154893264,0.14307832471312265,0.1279387726126326,0.24106319208741034,0.15357538032444035,0.5129115212853662,0.07963388852563061,0.07582168866455201,0.9853020497953955,0.9234929562076721,0.8646015580878358,0.8654232912197182,0.07454087090604537,0.06664700522393144,0.22948901305862743,0.2225887754939866,0.136916533584385,0.13556958452865436,0.1067576686489325,0.11730973150138906,0.12376302400764423,0.12973473826539053,0.13204401786862158,0.11362592581390342,0.11061483526279503,0.13178862967087224,0.07880290706964153,0.13981557746261805,0.12202344654518328,0.11711298983385861,0.07513272568023784,0.06588364772266654,0.11895550136414196,0.08201489280041707,0.0779168259374189,0.1294027584682051,0.13092085475680595,0.07510304785823622,0.07300831754643361,0.07064770157909052,0.31407041000703084,0.2023623255638289,0.07482066578614126,0.08978497636108641,0.07988740136308041,0.06814277156561208,0.14103528425521658,0.2015300609621324,0.15104901054511843,0.0695585077658595,0.12286840390566174,0.08215265001947461,0.0266856505311109,0.1250015579406518,0.14604810011301392,0.1354504036179298,0.23960046472772611,0.13103298998035626,0.11895940258213991,0.14175188937892386,0.13517978499078287,0.10510987233225254,0.1029419555826881,0.14790721673735313,0.248903459757669,0.15214476951336192
0.15674639204583227,0.15352438743600166,0.9871780438329208,0.9955806885888108,0.8743257654007703,0.20805385224808134,0.2294165190062855,0.21433091312624628,0.2073415627174571,0.10707570747932987,0.0962619311841649,0.08836699247730272,0.8195341935791824,0.15277813117643432,0.14831654019699997,0.2393878784984808,0.2381678535983124,0.1853404247120243,0.17383591016844693,0.1670443824930872,0.5755993690974063,0.8383436376410516,0.1033081445973091,0.8057817019025414,0.09723807396047524,0.08742680491805555,0.07205523603724179,0.02617264285000206,0.2434342582413504,0.1906363856938841,0.1582297836187593,0.9892347239351086,1.0,0.9026022198476453,0.8995403754546218,0.23945199440975165,0.17714004713336629,0.2618288256030006,0.18670361955604217,0.3402764916181052,0.2208034571898548,0.2004048638057035,0.2179162927293904,0.2690842208708579,0.14844474836208843,0.14019956209690845,0.7521283904715833,0.7257842908990098,0.7549687297541782,0.7561806608698436,0.7506848830033891,0.7391836116710483,0.7410157528566511,0.7522588966994332,0.6865830349894531,0.740662096145857,0.7160048731217108,0.6954776848234556,0.7196126514609626,0.2276829110714539,0.6492095034966853,0.6809656911059562,0.1598214111916221,0.1498062920339195,0.10363833251431497,0.10438321109566634,0.08989446113850866,0.08747391321057349,0.14219053832312883,0.1279424979866365,0.15839821041899874,0.14737652902942838,0.9657331249823572,0.9954848537444105,0.8759360368383853,0.9400654384195303,0.85759766351512,0.09751145641706921,0.09002810131896558,0.0809767731648511,0.21558862917052043,0.2787817614246646,0.23285493809394064,0.3294312513390414,0.09247558163036067,0.08617452956464287,0.17131522057442455,0.06060985258644979,0.1214492772439131,0.18002711279739816,0.16194614847695277,0.14497746830407937,0.27045259726453424,0.1732409842113334,0.5575416803279284,0.09358464854521974,0.08933031654073813,0.9952300781610982,0.9297301402824737,0.8917487081116993,0.8436095512090573,0.08820108738168853,0.08035592125851274,0.2614682154467873,0.2540295101433231,0.146728537276467,0.1444430638326685,0.11000745634714434,0.11931891707451797,0.13356842895833312,0.13825460065759484,0.14060062352873884,0.12211955066852927,0.11535675188130523,0.14251605312401772,0.09217963346342774,0.1585311549226978,0.139579364443779,0.13115674720867482,0.08868040638224653,0.07630200166242294,0.12912936983664486,0.08818878070633607,0.07989647468558489,0.14935135601609353,0.14909327168431327,0.08896298161005904,0.08554657725949522,0.0684885219948452,0.3242828151111702,0.21128256149245647,0.08746270225037794,0.10400796994448093,0.09334989500836652,0.08048030525523825,0.16635186011766662,0.2307156950499117,0.178164991915877,0.08207227359724233,0.13247285575824488,0.08545875448717075,0.033143258441874254,0.14250880626736598,0.16610144372208432,0.15375512679024325,0.2737260887568525,0.14952631880108663,0.13537583432844794,0.1613098642920445,0.15358583008433396,0.11343836797687405,0.11680638364197729,0.1679059705183598,0.28172390388104845,0.17963303976056966
0.14956342955705929,0.1484741281881713,0.8808181825998197,0.9009964920647936,0.78377897513556,0.1866613365955264,0.19804085230319105,0.18444301931601673,0.18308368830636973,0.09400097639781406,0.08505975697391055,0.07861023493238968,0.661285262032293,0.14325922816322842,0.14004680470644926,0.2326238420414411,0.22553146431485113,0.18367388717088173,0.1654960823138767,0.15947021833761288,0.4453515587362039,0.683932511053541,0.08798242607657561,0.6448428544975328,0.08182106125385845,0.0658728833782129,0.06690111878924927,0.024501888105757774,0.23328032523020573,0.19086374461875555,0.15027123644113202,0.8955559433528987,0.9026022198476453,0.9999999999999999,0.808262744648877,0.22683883477028874,0.16802414840584018,0.24827681623967376,0.1818543903819469,0.3234388637965516,0.21635036666976246,0.1789701558703253,0.1897948438885698,0.22549025527022787,0.13943606926390203,0.1297260133471939,0.6440118754723677,0.6188190421651077,0.631745039679402,0.6380998193909245,0.6349281013487619,0.6151232431513731,0.6256413213473045,0.6347801126277155,0.547040317576907,0.622104917125537,0.5957588129266095,0.5793760860643963,0.5993932289922405,0.217557301068587,0.5579508332193831,0.5385722064532275,0.15217612306559314,0.138691463985512,0.09246310737506357,0.09202940673873995,0.08010482482284097,0.08176707761955236,0.12577108368108147,0.11146295758801537,0.14957158417023392,0.1408428315210188,0.8797376898340278,0.8964689299708826,0.7852967490221838,0.9433393860697846,0.7275822500350886,0.0824339321118449,0.07512699287879371,0.07038850210133037,0.21084832119546432,0.26297969500876384,0.22815753224878213,0.30794165008491375,0.0783592912739774,0.06143828322396109,0.1459328347278644,0.06561219967126822,0.06381446987810269,0.1509243745891559,0.15409691080380586,0.1392054924094777,0.23618851453906664,0.153957779208395,0.45008965682257307,0.07910143163500864,0.07584176087446708,0.8935803512407048,0.9606303328851894,0.7821756739136333,0.689645646903909,0.07362636399514018,0.06448892909722324,0.2484230059177201,0.2411404652396191,0.11075702058078872,0.10603984774137819,0.06550376603452525,0.06930871262519343,0.10622636309537362,0.10093111004868086,0.10350186233210135,0.08619928993943332,0.07641062742088821,0.1108923567373704,0.07938124827873705,0.14802568203337219,0.13379295784232215,0.11726911316291935,0.0703385345330766,0.06449353894885058,0.12998567737299804,0.08198554255840294,0.09347674534763693,0.1363641695851939,0.14139660268801502,0.07318542956495128,0.07700430924352919,0.07372317673351508,0.2724152883077666,0.1721354645686019,0.07698774188532877,0.09147502054358424,0.08299864050438004,0.07095311342624232,0.1734400185233089,0.22088377734378675,0.1789928249445331,0.07508342229806297,0.1297049169501844,0.07861161804016119,0.029325855532489807,0.1317929079260834,0.15944644177366862,0.14601867846883254,0.2541897601816391,0.13852571846831763,0.10868021684263968,0.15235135859362445,0.14739518573750415,0.11628776701800152,0.11261217284232117,0.15952236119171462,0.26528747332885416,0.18308236149967005
0.18887381124752214,0.19135397253890865,0.9104414586967776,0.909262147367392,0.9597876126481101,0.25653298523354623,0.27369788039524073,0.2585865403504317,0.2514573741540274,0.06617049635026762,0.054618097474949154,0.04730328089749077,0.6212877812772463,0.17900452013353213,0.17454003777769314,0.2964080715132965,0.288916072897987,0.24169198507992184,0.21109663857246433,0.19955790475559876,0.5972442824763912,0.6409108490468283,0.0555445367026121,0.6102009798642093,0.0493472368184203,0.031505576093668344,0.02774823014112913,0.025704353730835586,0.2823199351724422,0.2439037083454028,0.1870538502285476,0.8821131867754378,0.8995403754546217,0.808262744648877,1.0,0.30595194067347475,0.21289164880694833,0.3273417916733434,0.2399451763733933,0.3878075301381065,0.27001277933137124,0.24550961839532795,0.26213867853548317,0.32347100240270243,0.17285076521676837,0.1592030532092282,0.8249533026532584,0.8205298874745582,0.835760618271969,0.8411041881287783,0.8299784010390456,0.8111080922702133,0.8217470388252031,0.8415984951841715,0.7243066663163904,0.8311713459337401,0.7952638643571606,0.7775091176916752,0.8086840936927644,0.28373159114311935,0.7622320500573109,0.7199406426692365,0.1890473192457771,0.18392564413907175,0.06325372367045198,0.05996762001448349,0.05276618142259654,0.04596196587636925,0.10113234435075143,0.087397065993958,0.19084869253686887,0.17867530620149455,0.8089732604892095,0.9081800479875313,0.9716517145223257,0.8156156604331946,0.6873290713002818,0.05012692576389589,0.03977024585369476,0.039686738162771885,0.2641757302342187,0.33022429163240896,0.28135155243536464,0.3913954473680012,0.04471578585809701,0.031214885712114785,0.13221921620227609,0.024588987433091073,0.07352572290838875,0.14627425620943815,0.18858829376102348,0.1719098435587066,0.33062945407705907,0.21641013550659333,0.6349887510884364,0.04654864390567398,0.04042016203466204,0.9084106838111167,0.8324841417856857,0.9599142426395971,0.6618508931513941,0.04177754308571551,0.028966559443837622,0.32265506059023147,0.3146498048430244,0.1015353701194897,0.09681416895247436,0.07038894661206847,0.07610479467676289,0.09129916784313734,0.08936510946875117,0.09087676392255338,0.0776334517892423,0.07164136693925398,0.09961504728737397,0.04449163656291744,0.1844718715740944,0.16495833762336787,0.11769931404187695,0.03536174199512571,0.03299526990777695,0.11151944312653703,0.0629613319861208,0.0500155161468227,0.17343269358603988,0.1747879966529006,0.03661214735814452,0.04540040229857098,0.03940354784444219,0.23079681474566568,0.14154086616740796,0.048505909349057116,0.06050592676376782,0.052621392539780446,0.04734923561688287,0.22298502408701787,0.28583194372616766,0.22633439077719475,0.042453817816417105,0.11459735483470897,0.05440181940834981,0.031275371348521194,0.17729486331119088,0.19556386791827077,0.18323590460510725,0.34146989645281123,0.1829812406561679,0.09104218452664067,0.19449941717275288,0.1886988720544097,0.10642936279074011,0.1394808766724622,0.2107890570044404,0.35203113591748264,0.2361988705441647
0.6589375558146463,0.6772436114059258,0.28731522118358654,0.2487297130569625,0.3204505964440009,0.591506381750994,0.5167627726772561,0.513098975010614,0.5627767224262702,0.06503397035058386,0.05584232059248841,0.05358133923212073,0.09070582148734783,0.6121551618315568,0.60482320044545,0.934070320079601,0.883620462148981,0.9134708183768521,0.7302763291015363,0.6805048088492397,0.18017241395113898,0.08864066544575491,0.05469495391082698,0.08589105406820383,0.04591386643114286,0.01960616402485066,0.03608078741261515,0.14050386477446816,0.9099826460795628,0.9128986329825809,0.6469414717498475,0.20866764183042458,0.23945199440975165,0.22683883477028877,0.30595194067347475,0.9999999999999998,0.7589854910643812,0.9593385618548649,0.9382983769913731,0.928426376860657,0.9257011399852,0.5848420050417272,0.538037419621361,0.5063486231612281,0.6082190110334019,0.5782953363318076,0.48926604642922694,0.45225988090596564,0.40482553135047333,0.4281865231191264,0.43053929748417724,0.4361554520909861,0.4466089240685031,0.38289541509127306,0.2344483078328446,0.39618797681661794,0.4384426710439913,0.451477402937237,0.40893102365564926,0.9369164665579426,0.5164856630069787,0.2569691705197376,0.646742449924106,0.6254468018933387,0.06503986356781404,0.06496413510192744,0.052706332268546645,0.041587704707126805,0.10371067350658841,0.09349515622521316,0.6614647850215651,0.6469093791207882,0.15914245134350044,0.26389326416373116,0.31116063479928946,0.19737764884484482,0.08503664447298263,0.05122308134366221,0.03436213062318529,0.04746702455793786,0.9091454763063982,0.9302532200024985,0.9059200721206919,0.8395606078778135,0.046129143913140595,0.014984002865637416,0.34265131995737147,0.10606054729193318,0.13307571185061276,0.41479170198941895,0.6388565822984923,0.6282804721059776,0.6415920294846602,0.5336749444508521,0.41009023463071104,0.0484079258743977,0.03630310198143821,0.26442689466748637,0.24456796951774698,0.3093781090334052,0.08568816600349344,0.044810881705441875,0.0223954612591439,0.9520400581609079,0.9364408752476174,0.258218131015419,0.23092841307280906,0.15140743749890043,0.12196977380991117,0.24453168999475602,0.2236695806565786,0.221719583218449,0.2124434053780388,0.17621415309096078,0.2664544986028086,0.04090333671450257,0.6191240208655405,0.5899690653007289,0.37949029227798764,0.027063522861494164,0.0391479545281596,0.3160894465788766,0.1674165145061307,0.09482134896222745,0.6311375803540755,0.6118777553437564,0.02746360957542695,0.04772342522644827,0.060129966853326465,0.12213186284504887,0.08521748243069849,0.052403205348070955,0.061181164039811775,0.054060966806991274,0.04425249757791811,0.9032912106954809,0.9008705992818203,0.883476385639405,0.046089908989965366,0.3465036613707207,0.136020910149897,0.14769917337288993,0.5893057444992771,0.6779668006620309,0.6325797892820119,0.9384767498063451,0.6353986872136228,0.09930585558765513,0.6609581135440926,0.6506780180956738,0.30598027630533065,0.53465017518351,0.6578651639609299,0.939581163572494,0.8907244337727873
0.9375552635817412,0.9310787345598006,0.20884868085900068,0.18290866136418277,0.2181918179693554,0.8070733738876101,0.6792258086486512,0.7039930089699632,0.7684637383213191,0.04744945637630185,0.041221519013122765,0.042404666819814994,0.07248703240937215,0.9269781184525084,0.9278800771054281,0.901270222828621,0.9510900420776027,0.8467387490201537,0.9550039510322771,0.9446706369498318,0.10030472712537589,0.0703396672356639,0.046015490719186904,0.07189402627338962,0.03828628333093241,0.009011933900393097,0.03631405972446747,0.1449280569760548,0.8354132730453219,0.8281850498584178,0.9289030063186742,0.15535908637897375,0.17714004713336629,0.16802414840584018,0.2128916488069483,0.7589854910643812,1.0,0.8178157987837515,0.8268947293922332,0.8441750356036549,0.8479140241246379,0.8136486027299771,0.7501864103713682,0.6571230684627202,0.9299780258686137,0.9041431272078074,0.36786028619068883,0.3122534186994292,0.2747376376841241,0.29905689809878006,0.29976538829507104,0.30112876844222514,0.3247793387561086,0.2616228631299336,0.14657308898472507,0.26943067650889735,0.31287041700746854,0.3179652182712699,0.2870953380866626,0.8928841538135448,0.38134330078557643,0.16357401483613493,0.9315206713916308,0.9198563658545763,0.046245855597969794,0.05034815470346717,0.03668322569694133,0.04410517597825381,0.07325928730318583,0.06719520185813246,0.934792588646139,0.9323155698145768,0.12477556213633662,0.1944218024472627,0.21044554176406186,0.15292600721582872,0.06347139777686248,0.0418734839680879,0.03155834270162039,0.03733629851353181,0.8623440387108462,0.8683530041079538,0.7769182432218725,0.598528588916366,0.037223701375254596,0.017106407345040913,0.5393413050837753,0.17953001542106473,0.21927593056689426,0.5113791899296373,0.9305024649341374,0.9192633977635645,0.8175692795343718,0.7742765096405494,0.33969423008877125,0.035992291279898836,0.0323366309542671,0.19424096282692807,0.17701778399947266,0.20732689644699492,0.06246177219501072,0.03481596290919699,0.021895048594914247,0.8665782281755264,0.899900516718797,0.3895513117741454,0.34265592711490583,0.23736576037616405,0.199628999157486,0.33746146352263007,0.3283221377205535,0.3375019193891529,0.30779770277264606,0.27754875941385876,0.3597258267897802,0.03262489513985604,0.9329381388649113,0.9207993478323993,0.7005996180141694,0.022146092836791673,0.02326730138486291,0.5634731813130688,0.2956315518413181,0.13763058824801147,0.9395157693198191,0.9313413252398497,0.025805554377858652,0.03348500723258928,0.12413817556256596,0.10830239247853417,0.06847520806174086,0.03876227247499317,0.04733743082964118,0.042523312256896165,0.028254568269167068,0.8451208339719786,0.9412458943126623,0.9021181572327737,0.0413315430179064,0.6228640369872541,0.2617908271176106,0.15877169505863442,0.8620248899034983,0.9424183229912676,0.9200230283028401,0.6978607629540635,0.936349264081586,0.1049087383872531,0.9353729761821037,0.9101699404125166,0.5716566463839091,0.8729206075540253,0.8765980176312964,0.8479530736557694,0.8873340282996584
0.7384856097929579,0.7605312274854585,0.3128888247724861,0.2721150186180371,0.3417839691224768,0.6831776104178859,0.5948031141377379,0.5989426189340407,0.6521143322586661,0.06669959421461204,0.05640529121413101,0.05476171466302266,0.10134676819669823,0.6883283078078117,0.6813298965467979,0.9721137926264479,0.9371549996895016,0.9536104176695515,0.803663765994754,0.7575167625524032,0.20282152144854587,0.10266777318246031,0.05677008155538511,0.09652091812810977,0.048238118238085485,0.02416095267636037,0.036877313236552495,0.13605210769713777,0.9366873537929016,0.956635781844003,0.7258156408341936,0.2295694758888641,0.26182882560300064,0.2482768162396738,0.3273417916733433,0.9593385618548649,0.8178157987837515,1.0,0.95501385543963,0.9634823974465708,0.952923138281454,0.674742785061818,0.6252050204951958,0.5887681348732428,0.6834121064403532,0.6441430769422369,0.5277012685020206,0.48308155392574337,0.43591206832225904,0.46097213887410793,0.46391321779172573,0.46851197859548954,0.4825002083445821,0.41338678208656143,0.2607023896379666,0.4269537653478746,0.4735276162032044,0.4839724889769846,0.44102429659248926,0.9775151431754111,0.5517733368634111,0.28656066650104506,0.7255223654584458,0.7090258272203961,0.06612222333049433,0.06619280628861358,0.05333175702213616,0.04424942975148405,0.10588693925766783,0.0981854451117086,0.7406743661451348,0.7260005300473674,0.17787021305943207,0.28816283970749945,0.33348728023502094,0.21679324102530023,0.10077427070937674,0.053301945385182056,0.03824350442175421,0.048208619479471346,0.9514757220333231,0.9651579438207409,0.9318587453862387,0.8395855001760962,0.04793589724430349,0.021781701748210272,0.3732074832038866,0.11620047618476338,0.13927932880786034,0.4329292565556112,0.7173465309767773,0.7063024615770229,0.7315007532285809,0.6234996787829343,0.4577610958133853,0.049683461935956276,0.039772474286743714,0.28845523011461077,0.26541280046741483,0.333983734496861,0.09423435602953399,0.046111300916152495,0.027049920964713894,0.9837328083031217,0.9767092152645527,0.27672017483892286,0.24670404758143008,0.15858983286013673,0.12866339161220847,0.25832797407431896,0.2358895357408122,0.23629790690707886,0.2233266964433354,0.1848988442674999,0.2804736898994421,0.04351723086214927,0.6949424101637312,0.665494920260245,0.4340157127459797,0.031267130374062285,0.03591572698858846,0.35930356215827824,0.18314528488204504,0.09622274176696755,0.6972429494806031,0.6887959996247288,0.031259154340324426,0.046991196640371366,0.06838151083703653,0.14257224156075887,0.1055924164228439,0.05327349630611545,0.062470164450771616,0.055216511358397814,0.044899363921435634,0.9389128869113915,0.9530755451148198,0.9308291377841064,0.04783924477424619,0.39481839998712925,0.1528581826090222,0.1463024032263116,0.6703107091417585,0.7534029225765427,0.7152832622096297,0.9338199653123825,0.7108395050657628,0.10327200867480323,0.7421236955218115,0.7355051987611753,0.3531117807236509,0.6059002012568688,0.7488086615660675,0.9809728469614851,0.9317538920552109
0.7525340718258023,0.7704327216311976,0.22904911456090712,0.19362029991604102,0.2517382437529472,0.6680040977227815,0.571903625524189,0.5815522658271494,0.6360614800657329,0.04732580943899255,0.03814270987740797,0.03699543750911739,0.06472071066924326,0.7065175990620622,0.7011016683639654,0.9503604067474103,0.9260311640054198,0.947271040280508,0.8129010060337065,0.7704511353771254,0.12252352393978025,0.06127739955846862,0.03844676455860576,0.05920913031669832,0.029169743344102567,0.0008700652307514873,0.020173621763389448,0.14763722185254527,0.9295033134200856,0.9608991753815604,0.7424266432340617,0.15747510676731458,0.18670361955604217,0.1818543903819469,0.23994517637339333,0.938298376991373,0.8268947293922332,0.9550138554396299,1.0,0.9354060199848367,0.9512004746079992,0.6648351375931304,0.6111772923624474,0.5579443891098107,0.7025865884241976,0.6658352904049757,0.42624408083463877,0.3836690002140643,0.3338685128811397,0.35863041787155303,0.36185017360628974,0.36628388973140846,0.38263058570427827,0.3121419347734658,0.16959644898885323,0.3264242700873043,0.3704868477958761,0.3821949818845414,0.34046353690102676,0.9602507740792231,0.45263641857014797,0.1959428342946977,0.7427596296862382,0.7209757392861373,0.0480929433630367,0.048636930395470804,0.03600355305686235,0.02723099601142361,0.08331328466714986,0.07751532080415104,0.7560642904645586,0.7423763619823621,0.1163157358436232,0.20841365132190362,0.2445727328516869,0.1518111027947478,0.054431213338774494,0.03452000129786723,0.01807485169549001,0.03216973673134808,0.9485693917967555,0.9443840298493588,0.9266489298926797,0.7726483012930948,0.029178127845452328,-0.001411822553270032,0.3877378648323856,0.11694585709879061,0.1543843491373957,0.443993609016059,0.7333467874527524,0.7234714498326944,0.7052568143330538,0.617214347075365,0.36888616502833077,0.02967696882702373,0.01819007044348941,0.20836847500223982,0.19498273619954787,0.24167106200104863,0.04577881182637502,0.02720560331968299,0.006013667893761381,0.9581688802531309,0.9579292761762853,0.29508120721675696,0.26241603004524844,0.17323973491723332,0.14419277352367757,0.27727885582918704,0.25390884957928705,0.25410434316173836,0.24104428280914167,0.2028938710985393,0.29624074557721297,0.024936600594694477,0.7119466579163058,0.6858271111363319,0.4637038576129661,0.010278143566937917,0.022256070841025183,0.37440984680082245,0.1876543937740447,0.09016854010688963,0.7176239673403092,0.707832484647268,0.010452061708734904,0.029759833630734794,0.05962987752435471,0.11382603036046401,0.0778742987181955,0.03621231415424534,0.044002949312486286,0.037681636792792794,0.029868913080427096,0.9477742789230651,0.9374552702282982,0.9469759107994938,0.03132779738073766,0.4114309073360578,0.16057365263597687,0.15349408594456848,0.6811068374653192,0.769436694929436,0.7299672403215486,0.8872479686552888,0.7306044364854662,0.08075951135029899,0.7545625461623973,0.7468548398016268,0.3633924068868412,0.6312861570274563,0.7485983828148352,0.9460857919108356,0.9390070761111307
0.7488158886150452,0.7582455492301928,0.38771729878681305,0.34728761151732457,0.3984516033732144,0.6915893931305138,0.6098634089767537,0.610252107000026,0.6622977803052419,0.11810431438464437,0.10591264602392894,0.10257189307173106,0.16205399300055895,0.7103331028438082,0.7025224000554472,0.9703336255191203,0.9468782772943446,0.9213351867410677,0.81076564350578,0.7697469902190521,0.23085410846473484,0.16290178299045802,0.10665625178888867,0.15409505236636248,0.09585006947727827,0.059699038477930094,0.08076301291460551,0.14516602204319412,0.9774235032027807,0.9414939024581271,0.7389617684143881,0.30367092089762954,0.34027649161810525,0.3234388637965516,0.3878075301381064,0.9284263768606569,0.8441750356036549,0.9634823974465709,0.9354060199848367,1.0,0.976119613123558,0.6849539703427191,0.6403845869086485,0.6042340503212335,0.7058860796250991,0.67461146016814,0.570617454169209,0.5232964666345786,0.4738757347810066,0.5012225334299045,0.5030935676157394,0.5046906864603545,0.5242815585419124,0.4497915371413077,0.29491677671581995,0.4633346358577888,0.5078850622056543,0.516713494307781,0.47599832949205795,0.9691760101528472,0.582005076455915,0.32321237855070173,0.7395991363834685,0.7182648651483132,0.11656356659374129,0.11770115796283694,0.09983269750994545,0.0927534323311438,0.16285972925067302,0.1497284813531811,0.7505484129066684,0.7348327780255803,0.2538400098207643,0.36337852905638424,0.3881804266794027,0.29578112102268567,0.16346932022260677,0.10159259337092512,0.0818500225770694,0.0947408737158637,0.9723020315650247,0.9937777519250777,0.9607642983931823,0.8434529707966179,0.09502032879600791,0.05653539891688412,0.4410499996495562,0.13547790917687283,0.19676486189057488,0.5022908886061098,0.7334912579802407,0.7156262417727067,0.7425340441431392,0.6320538060935195,0.48490123422688614,0.09654927442314985,0.08185114780805164,0.36362973549346117,0.3447431945931532,0.3887303074624742,0.15320076570293695,0.0932748740126089,0.06762267120276944,0.9730865383009901,0.973935066961635,0.3551698560431221,0.3229662188027369,0.2207483737058063,0.18612323923290616,0.33713211779656044,0.31196780337906,0.31142072354346734,0.2959209677323224,0.25273901763834705,0.359044147603428,0.08960738824115966,0.7194362838308475,0.6878825695075509,0.4820959770632294,0.07342204750514647,0.07874879869884398,0.4056914134569398,0.22389377838306382,0.11669018176555718,0.7280755004352756,0.7089090552949291,0.07340574003777496,0.0928804667547212,0.08426090996031013,0.1978901779604179,0.15119282849103313,0.10077752572410165,0.1141626720032665,0.10425447786563143,0.08647967420673419,0.9075534475740354,0.9513808685630328,0.9237932465866302,0.09455099530049886,0.4407161881416494,0.19812006459314135,0.15788032934015744,0.677222409226958,0.7675656133591737,0.7257955085277767,0.9006058585084386,0.7261802254874861,0.14942749049764567,0.7520908110759795,0.737112165810566,0.3943545833997741,0.6152729634252895,0.7458636532274888,0.9633157795275206,0.9127298799663522
0.7534265135169088,0.7654118800929879,0.26397057773472127,0.22660863538651443,0.2774744153665425,0.6698617594031651,0.5757473777906328,0.5848525086489835,0.639203146046501,0.09999214673045413,0.09049714156967882,0.08941678522545139,0.07857556611783133,0.7112006035080402,0.7042119268178172,0.9682386266488122,0.9405928640613895,0.9413918869240744,0.8150880091767029,0.7728742115964528,0.13808033784401028,0.07684262733760622,0.09012989402376143,0.07182123403221637,0.0812435596251656,0.04643617029646255,0.07157657622668863,0.1502472719170286,0.9764848094110248,0.9552732890893533,0.7432269346885502,0.18969737578351176,0.2208034571898548,0.21635036666976246,0.27001277933137124,0.9257011399851999,0.8479140241246379,0.952923138281454,0.9512004746079993,0.976119613123558,1.0,0.6655885964820855,0.6137486684926733,0.5646598040115185,0.7078780350013207,0.6756280667981159,0.45279162773674453,0.4061763045600948,0.3549033697189544,0.3814884525310727,0.3839279611741571,0.3869371297468541,0.4061258610471217,0.33204704477994484,0.18704581742752865,0.3458752653024565,0.39275763710702916,0.403728978270116,0.3612329948127136,0.969128369412952,0.47412922567348353,0.21318665218362637,0.7434037320641402,0.7196152715490393,0.09978189125560095,0.10095299302364025,0.08470455977598222,0.0788587151034579,0.1394895866811311,0.12773513761682856,0.7550556864561752,0.7409157963531088,0.14760524412583145,0.24263391546281973,0.2708069349501123,0.1886545202695564,0.07198052844652178,0.0864112567350962,0.0686070438710088,0.08142291367856257,0.9840272645303495,0.9819873647497614,0.9750692222041939,0.7873718017178387,0.08098218668632781,0.04480613570079632,0.4327166734638525,0.1365567852919659,0.18607985005947889,0.4922376772297221,0.7365104924826136,0.7220001151648997,0.709725769616805,0.6174326198982633,0.38587679041262485,0.08160437226290354,0.06936031052963408,0.24180990320481305,0.23342016030253354,0.2665901151960968,0.062043835625166986,0.07993692900123353,0.056644005976232634,0.9657892702573059,0.9673345949422306,0.34400108620478576,0.311071784190088,0.21096641202240202,0.17647355419544714,0.3258623055098716,0.30114958242454415,0.30003333125532544,0.28648982928444744,0.24390899281599163,0.34898257416484246,0.0756844433902336,0.719790832581864,0.6899942592689116,0.4834346604960696,0.06082811102682713,0.06799613704626355,0.404008441526472,0.21930235700824804,0.11082683550299471,0.72874633080619,0.7112110247959837,0.060304222731926684,0.07936897510527591,0.08224343971995898,0.14894140419704818,0.11805129331439708,0.08604826001713764,0.09682109059809392,0.08891947597675282,0.07387496165830439,0.9313824798997555,0.9477532393237333,0.9441878523675447,0.08318491452904488,0.4407783773026481,0.1952542155833377,0.15979450937114678,0.6764205012183283,0.77215113932848,0.7287354842414518,0.8717022782716021,0.7308355248896842,0.12662674511296,0.7551403080988863,0.742967946312983,0.3955152470795029,0.6239351162511176,0.7476467865030195,0.9493659017431134,0.9303124631606433
0.906998593981729,0.8981446508829525,0.24399330821648704,0.21038523654531854,0.2569259167568542,0.9948165512136279,0.9235841623314839,0.9416870064077597,0.9802250918899574,0.0366309623557827,0.027686384894240225,0.027991668166469103,0.07774130965091419,0.904731733495209,0.89295609623977,0.735047984276676,0.816739987989944,0.7221983829850601,0.9100594201473222,0.9142284591182124,0.21583877665319187,0.08624827624183991,0.03594070192362518,0.0801244772172534,0.027541167319567,0.007950352219939394,0.021163110035034564,0.12407719637965843,0.6596173169706769,0.6837935985156567,0.9162667610741129,0.1774932133506927,0.2004048638057035,0.17897015587032533,0.24550961839532792,0.5848420050417272,0.8136486027299771,0.6747427850618181,0.6648351375931304,0.6849539703427191,0.6655885964820855,1.0,0.9769455532011125,0.9096796025222939,0.8858214897273246,0.810311258655657,0.460730978228301,0.3946721556011567,0.36248995145442975,0.38729594374650983,0.38686283073295785,0.38199336747431956,0.42620122725304743,0.35501832190861093,0.2558093942783937,0.36195988452996075,0.4067502398475989,0.4051691199259006,0.3884223256618,0.74077227536699,0.44856885114929546,0.29054561851690214,0.9158126711392454,0.9251659828170372,0.033810293251457485,0.038788325673238554,0.02555370498704887,0.030687972776215985,0.057192186453747476,0.05283743239831392,0.918923159461163,0.8963054117611698,0.13404796562151378,0.2198735727526136,0.25742315618230427,0.15766200953446632,0.08009215522129713,0.03199579270714037,0.022866823287186443,0.02732245038110881,0.7063457870204334,0.7009193838478512,0.6163880109651921,0.4343514688139893,0.02762027958682972,0.01716611899244849,0.44969939736954206,0.14748990017696692,0.1694146693678913,0.3903698901925382,0.9097935136408228,0.8883094466938933,0.9735012892195763,0.977603129540029,0.5198818618694935,0.026705130727741017,0.023945601280482,0.2197660363434255,0.18414247353092605,0.2670098423142705,0.07524025988426203,0.0245551665298777,0.014155099701605436,0.7006362843812268,0.730150478612661,0.29522912276401203,0.25460868544851767,0.16170222859433375,0.1510925331011339,0.243050051899103,0.24053395111884404,0.2512405471176222,0.2178202832228517,0.19904573531003036,0.2644788164074778,0.022249130949430016,0.9029231026800145,0.8801613447691234,0.6389485866238697,0.013750516848342803,0.00913831158753381,0.5259199296033948,0.25544113312510885,0.09835493989737079,0.8190445084068729,0.8979499042663985,0.015651605335905604,0.02361091850350241,0.09210924271090735,0.10176077608254211,0.06647310296564302,0.028257773017741763,0.034938283692701064,0.029893403220320927,0.01965810977969079,0.7172347885718091,0.8002969008670013,0.7221772833172772,0.027863930405476668,0.5788461731388203,0.22582027372964233,0.13957577406960162,0.9048687116376426,0.9036333709274978,0.9212018396408959,0.531482036497686,0.8634139837541616,0.10466005755982369,0.9189299356773944,0.9226579438839677,0.5340131589510548,0.8198264366984542,0.9466869120676151,0.7210780053631838,0.763196050123172
0.8471532057127634,0.8323598519104278,0.2643947526322826,0.2285571408301577,0.27396089766201437,0.9758059138114312,0.9454935518259016,0.9606331607289939,0.9814417061307261,0.0393128294807777,0.03019490999555512,0.030428567757073092,0.09041932143183287,0.845346409591474,0.8323779168145383,0.6800110537243993,0.7571378599160943,0.665419638027277,0.8496102720386922,0.8539261822250537,0.2471105796347522,0.09918508212955071,0.0380471063661429,0.08967756268505446,0.030576586541684637,0.0121082179493331,0.02305549294208062,0.10896555040061524,0.6096136477467922,0.6307049257291154,0.8570825041489585,0.19516790558911917,0.2179162927293904,0.18979484388856982,0.2621386785354831,0.538037419621361,0.7501864103713681,0.6252050204951958,0.6111772923624474,0.6403845869086484,0.6137486684926734,0.9769455532011125,1.0,0.9517451937494743,0.8222629912636112,0.7477552225853407,0.4869691239240685,0.4189031163174498,0.38990473673289244,0.41341472458534473,0.41293257517122084,0.4066159442820926,0.4561975906602727,0.381250076031376,0.28497761498843077,0.3882032894599838,0.4329942380580607,0.4307244970124996,0.4159371987015174,0.685314085883096,0.46764747776059157,0.3261663522099112,0.8558949783281866,0.8681805311746107,0.036023648100846115,0.04135740602342246,0.02824112854570516,0.034154105238494034,0.06015432088291157,0.05533939118858045,0.8590977787980032,0.8325392039210437,0.14840424335082636,0.23787482386826095,0.275322316702981,0.16861211178784066,0.09644361783701783,0.0347308107462315,0.024591525983555185,0.031287611265287577,0.6540505654108728,0.6523974971817249,0.5719499130157953,0.41029080808254215,0.03009848389112492,0.021880253434224686,0.4215298855414655,0.131064920467679,0.1654889700766349,0.369883183479021,0.8499810717573936,0.8206087002860294,0.960711514019735,0.9660058375836735,0.5678717480184218,0.02940125867064158,0.026047047294663516,0.2381506358592471,0.19399772963264045,0.29009940986084365,0.0909111982211962,0.02756692053601975,0.017863811430524384,0.6475949259826457,0.6767120413578734,0.28282049964875394,0.24625655012361683,0.1585465364373017,0.1539005304392807,0.2344642627743756,0.23143442692672664,0.24295132564787908,0.21051924994700943,0.19322003435695217,0.25537366274388057,0.02444468946087345,0.8451856946628238,0.8211603912045218,0.5867255379914785,0.017252899046568806,0.010959657579151447,0.48612212533603144,0.23299865821001067,0.08750384527725937,0.7536462983161,0.8398745385881844,0.01907860381491894,0.027819766069650156,0.07719770265164075,0.10929635718858012,0.07149446566247955,0.03086616281003185,0.03802011417518314,0.03225211402406798,0.023373343703606785,0.661858237428868,0.742877753739848,0.6625842361318497,0.030058649896698323,0.5324361381701899,0.21113089085185127,0.12315219233258021,0.8307922323160705,0.8421601212309485,0.8621506007818678,0.489660285168403,0.796808901726362,0.10852301872152348,0.8586219895444804,0.8582584383180958,0.49417700581158774,0.7576907498227547,0.8931418062562713,0.6684827940385687,0.7052439340603363
0.7406271191460826,0.7295412657195651,0.3237409917430634,0.282418273352323,0.3396551599630553,0.9198064253869292,0.9314410937820098,0.9460554317902297,0.9410090818312769,0.046973317337306,0.03739708926705795,0.03814203357996648,0.12370262230109587,0.7380596867538703,0.7236293985206292,0.6209103464801606,0.6855570002338155,0.6078395699894623,0.7514197385622678,0.751998448554697,0.3261744045833087,0.13243644396137727,0.04459080109928619,0.1213090697073319,0.03763195556450525,0.020446331864607824,0.027234152605750593,0.08491882321937878,0.5654948462627453,0.576794161137842,0.7513573988708494,0.2428475380760631,0.2690842208708579,0.22549025527022787,0.3234710024027025,0.5063486231612282,0.6571230684627202,0.5887681348732426,0.5579443891098106,0.6042340503212335,0.5646598040115185,0.9096796025222939,0.9517451937494743,1.0,0.7116910738542742,0.6425080295090216,0.5698079406342343,0.4988928442498463,0.4734421146120874,0.4982853478792828,0.4958983970243011,0.4876400644039712,0.5447895344181334,0.46473232013901855,0.3696334938066749,0.4714281341767142,0.5144662161348197,0.5102874942090695,0.4990561901815175,0.6279587022471091,0.5414213986981116,0.41521201561692583,0.7508758433916802,0.7651273450282604,0.0435426035076612,0.047475768917808435,0.03679541482218908,0.03563318209156105,0.07016844433607959,0.061701883897337766,0.7543444482442211,0.7211587268044134,0.18325206400367744,0.29224928532082467,0.3415437859461862,0.19847378988244907,0.13425386375061774,0.040584808395401906,0.03019463993323173,0.03886484800231435,0.6011646636836839,0.6084715096120581,0.5331239691096286,0.40884660204607776,0.03694479928115331,0.027976967396879878,0.37887815145845816,0.12000982297915447,0.16403722625948589,0.34297012663845056,0.7455208518343652,0.7134314039970155,0.9244074888091772,0.9004194808807054,0.6714007611224415,0.03670703132558197,0.031206937127703862,0.29277128566980154,0.23310616153104669,0.36402330141619155,0.1277088791914935,0.03460664438590991,0.021225089425634093,0.6035736158748892,0.6237832364094784,0.2610888681358287,0.2318426278248412,0.14816154600431936,0.15609872229755334,0.22034951435872083,0.21877568960115357,0.22805823324225546,0.19788435175698665,0.18194549828218898,0.24244967469792322,0.031754861483856395,0.7400421548248265,0.7084968656707173,0.4933208232873089,0.022652364667688173,0.017998119107816887,0.4286172566015359,0.21933656710811447,0.083462901002481,0.6472682904614071,0.7270327454436329,0.024429632384182238,0.03887662257779123,0.06778282721589486,0.1338529075327181,0.08387287227215287,0.03924835287453303,0.045160346310215024,0.03957408202455906,0.033561807843062216,0.6004517608965046,0.6752292961209962,0.5904549300132678,0.03694554424329163,0.4646640934576171,0.20351183546073695,0.09931935994368976,0.7340749658939144,0.7393138522590949,0.752525872944023,0.47147709763696155,0.6914550293924302,0.12043892465500139,0.7544956338712556,0.7552720867004056,0.42513270835397415,0.6424320894482526,0.8051419967893066,0.6273679234591285,0.634195642240837
0.9833150646006114,0.9698412813792148,0.1754176474493277,0.15316203384029595,0.17696523851919,0.8750276341496395,0.7341050713867223,0.7669654774983594,0.8364875630116521,0.031014325813887068,0.025571565354875786,0.026502662768662155,0.0687618833581579,0.997090935282144,0.9949606769828603,0.7814992283167246,0.8769267550325673,0.7492681095026436,0.975908728243222,0.9875860526333455,0.10694800453526868,0.07394803099277637,0.03358297829660877,0.07540075485030011,0.02522314419007219,0.0025451062319867025,0.023682680158999447,0.1465765847786173,0.6985176464031774,0.7088114663817114,0.9898635229406498,0.13076712864353854,0.14844474836208843,0.13943606926390203,0.17285076521676837,0.6082190110334019,0.9299780258686136,0.6834121064403533,0.7025865884241976,0.7058860796250991,0.7078780350013207,0.8858214897273246,0.8222629912636112,0.7116910738542742,0.9999999999999998,0.9675664795168044,0.3190988120223065,0.26133279951894856,0.23086747375331348,0.25452413418225295,0.252778305790902,0.2523261918421513,0.2815037431183524,0.223094206242885,0.1379070564298796,0.2299874771959286,0.2670896123136227,0.26973321493247904,0.249087561275244,0.775935693319467,0.3195219252033455,0.15413873039499426,0.9913020026447065,0.9773365889318624,0.02880291835096683,0.0347709705191489,0.020634024457379576,0.03149266004058514,0.049193659146099765,0.0451454555716307,0.9878440061170154,0.9823445459314128,0.10612403894322904,0.16209432278616123,0.17437985835088296,0.1257317061490483,0.06060911954406979,0.029795454366618408,0.02207955596892291,0.021549295273862904,0.7396038919475529,0.7337610033158359,0.6353022892464599,0.42468930675486816,0.024702373505248156,0.013255067158372503,0.573965369925936,0.1874320775201052,0.22699617252854348,0.4748039878930909,0.9930764657154701,0.98826302883892,0.8622236305730845,0.8598024711960548,0.32718090731907856,0.02372291276334454,0.02208167598528065,0.16178762542072622,0.13993811638199846,0.17280351785990558,0.05806697824494064,0.02151080613970323,0.01432530944082384,0.7290066829026529,0.7748942638131757,0.3843702319196508,0.3318207725130428,0.22172988105992375,0.19931601007570537,0.309488937421632,0.31843904639019527,0.3333041183082407,0.287344926631531,0.27134981554263526,0.33274477198186975,0.020713321365536084,0.9968478979509355,0.9933005337212509,0.8135639979241689,0.013076243643197262,0.007634627854554061,0.6715484648055241,0.3648094712887784,0.12989965830031736,0.9684447067280486,0.9920353558934539,0.015289129546565096,0.017856446689643025,0.13177695122938715,0.0866890990712458,0.050363044309872235,0.0233491455744077,0.03116973674328391,0.02741226974334936,0.012383035510507168,0.7510319991988911,0.8494571031008983,0.7929790215670314,0.026514110390368384,0.7357617287465211,0.32804862132745644,0.16259906545114886,0.9332737529889789,0.9892528992034866,0.9869073805111905,0.5343192258504021,0.9673172459464933,0.09670531722885918,0.9881021151790119,0.9637769005880659,0.6804132378111515,0.9591788439606531,0.9213097568251682,0.7285734511621214,0.8098759339340365
0.9322182256175641,0.913908729529895,0.1653814785201636,0.14407437327614195,0.16704702426126888,0.8004811766917097,0.6672684821028256,0.6959715743429798,0.7619002345544456,0.035820316292616956,0.030269649726824593,0.030137374941830688,0.06988804373192024,0.9613429743553041,0.9609080261573896,0.7450360550801816,0.8371907906143996,0.704035264661054,0.9271687766981751,0.9423381766049012,0.09882115243721087,0.07126380763149547,0.03897290751755904,0.07621182558225052,0.030536660882621806,0.009168734798573094,0.0264686078288408,0.14928560392681445,0.6684434237752035,0.6672011394142456,0.944653371126045,0.12209264291576159,0.14019956209690843,0.1297260133471939,0.1592030532092282,0.5782953363318076,0.9041431272078074,0.6441430769422369,0.6658352904049757,0.67461146016814,0.6756280667981159,0.810311258655657,0.7477552225853406,0.6425080295090216,0.9675664795168044,1.0,0.29471791652392804,0.24162539697433597,0.21211172161787098,0.2350586653285185,0.2333527294667369,0.23234361740779808,0.2592451973320462,0.2049459182841858,0.12911814173497851,0.21273840215037199,0.24605704818003768,0.2503788284136899,0.23004567257032071,0.735052126518562,0.2965550037707993,0.14191201361102107,0.946583603115086,0.9220294699387358,0.03323642889110515,0.0393976063381433,0.02482339976037951,0.031858149535484014,0.053033324348077795,0.047456932669095925,0.9400427136818389,0.9300200140600047,0.1001625230119927,0.1529321490272183,0.15930509885088748,0.11630121917194619,0.06027431294747997,0.03496835912259615,0.026920652916945332,0.026302532973915507,0.7003759735308906,0.7037359718125026,0.6033082843051482,0.41014918864827765,0.029841617065520423,0.018439623621331898,0.5914316877899289,0.1958297482821136,0.2488379901743437,0.48264371182949917,0.950981334127912,0.9483815476720027,0.7942566455387511,0.7855830130204,0.29504443181947604,0.029595190715436318,0.02555679271805346,0.15254162445987476,0.13023992845344587,0.15829780764044876,0.06074987454341993,0.0260436951175968,0.018428174699030787,0.6905739812955934,0.740287569496862,0.40381856061231197,0.3540127855914391,0.24136494657614524,0.2225674620451392,0.32623943931174204,0.34037628060780034,0.35616713059715405,0.3069686096052494,0.2911913173624426,0.35219597937772307,0.024884356852173963,0.9631007799186524,0.9684307126816976,0.8277156093609214,0.017927719752086037,0.01629754169505824,0.6850134738684772,0.39409794623122757,0.13630365156974011,0.9759135886122843,0.9580922747381946,0.019775856871030825,0.023200577181310997,0.1381586504386139,0.08748956991367038,0.05144755557281403,0.027348106178565187,0.03590904663227889,0.0324540421815394,0.013687736742345918,0.7054237843750623,0.812555406483588,0.752389004916795,0.027739013532069274,0.7527419831760026,0.36348384315256294,0.16571201952397324,0.8685869647098318,0.9495334141431169,0.9368104219831577,0.5108262075366797,0.9227988696328172,0.10910363354120048,0.9387800753292331,0.9037969468002398,0.6935095793762079,0.9071165377943841,0.8500285741815324,0.6857537928445555,0.7676564181294958
0.34726091695972805,0.35232691664856414,0.8259753959810803,0.773950825595443,0.8526619119221936,0.4761414364733438,0.5107235061260286,0.47646018736167767,0.47461814229888305,0.09517815690827244,0.08285200767300104,0.07912726936397953,0.46324367587137716,0.33188553034122453,0.32239773504597624,0.48664313971514633,0.4785958089358348,0.42536055383439536,0.38320051459225374,0.3663927363216141,0.7616219049747371,0.4815733843457892,0.08704567191198223,0.45867790044329665,0.07999294267037732,0.06028657812449102,0.05642351610689483,0.036703878128629575,0.4606437458214614,0.4286533163941369,0.3485545670665955,0.7061912608060553,0.7521283904715832,0.6440118754723678,0.8249533026532583,0.48926604642922694,0.3678602861906888,0.5277012685020207,0.4262440808346388,0.570617454169209,0.4527916277367445,0.46073097822830106,0.4869691239240686,0.5698079406342345,0.31909881202230655,0.294717916523928,1.0,0.9782847037646845,0.9789604413761424,0.9869719473627893,0.9873319950274982,0.9820900136078783,0.9928219650782114,0.9647180976131693,0.868601535049423,0.9712321259195561,0.98230924751423,0.9741742054803078,0.97430537745805,0.47521611542098174,0.9503155611167152,0.8967383370773802,0.3495582211306911,0.346473871974852,0.0911495515549548,0.09018200602392622,0.07921040896383164,0.07504170413606433,0.13172920842344352,0.11448374027204383,0.354559013611911,0.3329758617470392,0.6021948986324579,0.7820859591666862,0.8416402198341237,0.6144536741526919,0.49347599077534227,0.08120463224655498,0.07058227333959671,0.06966896649973976,0.4489661687485092,0.5217572631713124,0.45580336957415385,0.554928125773656,0.07621274351038193,0.05834196318863652,0.21626967907034805,0.054774519356059925,0.12489833118360907,0.23668853200056453,0.34603591658212973,0.3230673823734764,0.5813916146569994,0.4104060816339286,0.9108909437068423,0.07636900171999697,0.07277631652584228,0.7850561022110482,0.6743093727943554,0.8893703139573367,0.49655750100648127,0.07343449336290991,0.06067964810329683,0.520316991185162,0.5081532339751258,0.1702579207281341,0.16300785132587062,0.11028287831223145,0.12110183961689931,0.1563130073453873,0.15455097871806395,0.15822394912264215,0.135767257927698,0.1197202977849918,0.17272506260351086,0.07465110397782045,0.338674483147987,0.3084413235188865,0.19477512298454153,0.06475862513584087,0.057908352112564024,0.20435908138252623,0.12802762549282581,0.06337529033581311,0.31448892002213774,0.32342301459114936,0.06696756512748779,0.07107238020557655,0.04466402140170274,0.2348802333510866,0.15726224943350348,0.07723524527248044,0.09091214413144726,0.08184375051458828,0.07361151137808099,0.4081841345716418,0.47685463769316844,0.4036899305337398,0.07051819973786967,0.20980483354104676,0.11769068243494771,0.041417387787233285,0.34066561240974547,0.3579185477463586,0.3434859912456701,0.5256940357639438,0.3294573932800461,0.13555736985001898,0.3580998686251777,0.3556590892084143,0.1830159914787401,0.2587806350849823,0.39226990640402554,0.5572239106416019,0.42668700410574495
0.28814145184842493,0.2943692907693945,0.801449547151139,0.7516303934554711,0.8480662060067182,0.40907766376339055,0.44381706298180684,0.41220632944857916,0.4083120258622435,0.08558410974769197,0.07362877141817559,0.07096442386627248,0.4317340671706642,0.2733251203095754,0.26553022951549693,0.4370755523448761,0.42539369575374597,0.37746637288500673,0.32377125692902253,0.30713915251382634,0.7326908833361745,0.44836707147454175,0.07592143032588479,0.42691586416296057,0.06950185368027044,0.04817881405026759,0.04834183233723945,0.024610316264393004,0.41162553997740425,0.3839716652362874,0.2889326494576695,0.6808022218114446,0.7257842908990098,0.6188190421651077,0.8205298874745582,0.4522598809059656,0.31225341869942913,0.48308155392574337,0.3836690002140643,0.5232964666345786,0.4061763045600948,0.3946721556011567,0.4189031163174498,0.49889284424984637,0.26133279951894856,0.24162539697433594,0.9782847037646845,1.0,0.9792343019849334,0.9862760885121851,0.9856612137980604,0.9777597942237504,0.9830601806867956,0.9715481016327248,0.8459945436421366,0.9799096527259941,0.982376603679054,0.9793006980865925,0.975878367188205,0.4257916924433916,0.9594287048834717,0.882276026757825,0.29044162062756346,0.2877829948660619,0.08213260564469024,0.08001113634748032,0.07112297199182087,0.06833734941060605,0.12111315003556394,0.10477262792839302,0.29535255516332515,0.2749574349588682,0.5729874022241604,0.758883835957857,0.8410925189871147,0.5879949276635876,0.46578682206897365,0.07070426033062037,0.060672012908845586,0.0602872953144064,0.398912737620849,0.4734382324859847,0.4129566754579951,0.5250552817645808,0.0656804903223254,0.044312509938946906,0.18071798460578983,0.04604385903884257,0.10870497893069259,0.20214282769155098,0.2866800913356746,0.264916356318433,0.5178178635822629,0.3495173793714828,0.8863730983390982,0.06600928432254537,0.061870639288601224,0.7598539643374083,0.6500762804486384,0.8834724487235138,0.4703309062835644,0.06304654540637543,0.05139024753256133,0.47478958723096265,0.46162954921204324,0.1431790739323154,0.13839963844921188,0.09505082171107278,0.10499539899354235,0.1338039781215804,0.13292093499758117,0.13440284534459557,0.11403027491482244,0.1007647165003333,0.14589353494190138,0.0655225110743565,0.2797891018990154,0.2515346398863644,0.145159500563378,0.05485540104043804,0.050836406698721665,0.16942721176674672,0.1103405517125194,0.06127659518812311,0.2604643020271798,0.26446669037337567,0.05733256571906195,0.06154217031054776,0.035096487645317045,0.21153270652659636,0.13982192904746413,0.06850265527232226,0.0808387833208017,0.07284163993549779,0.0665403860804426,0.36077725263819427,0.42428470472188284,0.3554234449408637,0.06203761565345823,0.1691943295941331,0.10192288183910489,0.02686986702450021,0.28390589678673483,0.2990881989037665,0.28372416497878783,0.4929063012162877,0.27410265238216264,0.11148826877753765,0.29876339241986555,0.2969494200248086,0.1456240743907741,0.20729913858780366,0.33203742992258084,0.516007220653696,0.3763639265204495
0.25536698669842534,0.26187868702969586,0.828817317577751,0.7793706873939209,0.8612438923892988,0.37730453173270284,0.41543712024266694,0.3829638428529062,0.37705847349604926,0.0859438684672081,0.07427026955675127,0.07128061197466527,0.4714764961672398,0.24219678378482598,0.23459980402737152,0.38962836928002115,0.3793930601481893,0.3315370466726021,0.2869363264388964,0.27241027720074174,0.7946294376683183,0.49061409297302705,0.07754052942234631,0.46743315530806345,0.07217073363708956,0.0539059141557725,0.04952504863099377,0.024097834993809165,0.36065556983424335,0.33444183296717345,0.25636695483736543,0.7102791323861896,0.7549687297541782,0.6317450396794019,0.835760618271969,0.40482553135047333,0.2747376376841242,0.435912068322259,0.3338685128811397,0.4738757347810066,0.3549033697189544,0.3624899514544297,0.38990473673289244,0.47344211461208746,0.23086747375331348,0.21211172161787104,0.9789604413761422,0.9792343019849336,1.0,0.9922369326800053,0.9893044475084846,0.9876786015679282,0.983883310136584,0.9803484656589481,0.8972558653500031,0.9840867256171062,0.9807641657186887,0.9764049453612489,0.9809437758515605,0.377094310172334,0.9355761075639946,0.9233628589791647,0.2574384287065967,0.25686114165370916,0.08228041717730862,0.08014581708173117,0.07180322571018934,0.0700820119365421,0.12047734923961391,0.1034971474545207,0.26194162334236587,0.2439984346846031,0.6040309897816489,0.7840992720214173,0.8541645124209546,0.6082357703192947,0.5011109559725179,0.07248338370708836,0.06332959920073633,0.06100250434103032,0.3490232132188973,0.4224879463133367,0.36069112722563873,0.4865374016616593,0.06750357103962493,0.05124006945898601,0.16188004983331594,0.04390449841649162,0.09881455437581844,0.1770550992522465,0.25432141985782414,0.23428341627868537,0.48315697416749376,0.3184260598889117,0.8792856171637348,0.06757672025690617,0.06584644985016012,0.787554593066693,0.6628526516711163,0.9039444944153571,0.5070560847452782,0.06526569650026874,0.05543766656854542,0.4268050394657278,0.413319726356202,0.1274318069483432,0.12449952591865843,0.08434845059821648,0.0951012920559906,0.11729776802046381,0.11765475577087657,0.12103402056688775,0.10146268871611396,0.0887272351452403,0.1320098240246039,0.06766373777923967,0.2478243592212709,0.22195198159824514,0.12945477802328406,0.05855403673457451,0.051317619256820206,0.14764891922722187,0.09783004033517773,0.0554131191475926,0.22984245985072388,0.23445058605540106,0.06153343324180278,0.0639776717441926,0.0396617787202633,0.21598536840380728,0.13965015463924282,0.06917298598390052,0.08166793616623753,0.07369075880709486,0.06875329101955537,0.3139615325985405,0.3781375176590783,0.31079735827234867,0.06352634243070018,0.14827740059442218,0.08970904509890454,0.027162779094273774,0.25504680543876707,0.26442079111378575,0.2522993942884775,0.4470755763061499,0.24417915641757235,0.11299254513261799,0.2651967493677598,0.26344122809354525,0.1269678157622414,0.1832745742373073,0.2965039645295098,0.46475959606676237,0.32823495934094116
0.2794161478597214,0.2856818786828661,0.8291153295358874,0.7802086319177668,0.8699017767545708,0.40250992693620946,0.43731167871599685,0.40555980786286305,0.4006710255655443,0.08414926961425269,0.07229164395923944,0.06840270215900171,0.4682076325539629,0.26575516531936494,0.2583255320402641,0.41532675874928576,0.4060721585481676,0.3564081532573597,0.3122832326922789,0.2973220435064671,0.7718805375786915,0.48600105162714047,0.07534033897684234,0.46343138403980194,0.0690999949382409,0.05141787375327683,0.04581625649151911,0.028506829228942952,0.38743806706045125,0.35990840436207533,0.28065226225436213,0.7108632544942265,0.7561806608698437,0.6380998193909245,0.8411041881287782,0.4281865231191264,0.29905689809878006,0.4609721388741079,0.35863041787155303,0.5012225334299045,0.3814884525310727,0.38729594374650983,0.4134147245853448,0.49828534787928286,0.254524134182253,0.2350586653285185,0.9869719473627893,0.9862760885121851,0.9922369326800052,1.0,0.9920096470079275,0.9871217324264696,0.9916479105484954,0.9808439231441226,0.8817466118583546,0.9846192753683491,0.984918549171985,0.9802282261068491,0.9820963570855571,0.40334943291811565,0.9499651953876505,0.9105439110596822,0.28180745715676664,0.280397152855061,0.08056276474906172,0.07863923405473819,0.06971244147647895,0.06533705866389085,0.11900973466558837,0.10282422057015327,0.2863996747383051,0.2673559998555266,0.6045237682726322,0.786082522121162,0.8606974246825526,0.6126178798880137,0.4995116235413788,0.06998233649681221,0.0602925064269477,0.05847651653645451,0.3754526035852926,0.4499681575272348,0.3873462117029702,0.5058708996049853,0.06502797233432978,0.049206045837746355,0.17650437315168158,0.050039254543233415,0.1061636667890321,0.1903063761999024,0.27857145679267836,0.2580549768661813,0.5099775118097333,0.34203425013411953,0.888487758589925,0.06519361138006438,0.0623578590643399,0.788896703324972,0.6687477158370017,0.9067206414081044,0.5036873953398618,0.0626380337778749,0.05106348999395689,0.45223327744622416,0.43934725863377644,0.1385043703071784,0.1336980441339416,0.0906001174765638,0.10246407606649767,0.1269123814384198,0.12731520662000717,0.1300192520921179,0.10972032373817948,0.09746386409929206,0.1407825581870103,0.06457667907111352,0.27193608737418806,0.2448834646238489,0.14701588183202793,0.05521815130926901,0.048654769206353136,0.16249133448773914,0.10395974230525329,0.061029911898186136,0.2532626305912734,0.2575770145209644,0.0572730879056895,0.06121886125201473,0.042659717922423554,0.21585536156036442,0.13931762917487295,0.06726170830962624,0.07968092009954664,0.07124570828925887,0.06620167093628494,0.33997548076836714,0.4046262844969035,0.33473910823146175,0.060186367491627576,0.1644973335822487,0.09442122240262656,0.03212131423818275,0.27802770622620765,0.28926323097257356,0.2763899094618758,0.46974084017714673,0.2665936246893764,0.11590653506447686,0.2895509615191011,0.2882168103216902,0.14210576754816603,0.20255144685252485,0.3215664403154598,0.4915346881471591,0.35485552324285213
0.2781672619034804,0.28432537621431325,0.8261459196443681,0.775907926781225,0.8614267951791524,0.4015879951312828,0.4371540548717746,0.40544316353716986,0.40080293920956844,0.08467138717325126,0.07341681158997791,0.06991900337052848,0.4641247742579606,0.26445749429257376,0.2561657456711214,0.418644797118621,0.40777957275715004,0.35821067226854003,0.3116211631816235,0.296174521109518,0.7809367761513205,0.48231927820109494,0.07683358298597662,0.4601630953797197,0.07069723876265357,0.05253488112389513,0.048283061124081185,0.027046734386880718,0.3903376153686636,0.3624016604519668,0.27942815797807546,0.7060781911310388,0.7506848830033891,0.6349281013487619,0.8299784010390457,0.43053929748417724,0.29976538829507104,0.4639132177917257,0.3618501736062897,0.5030935676157394,0.38392796117415706,0.38686283073295785,0.41293257517122084,0.49589839702430105,0.252778305790902,0.2333527294667369,0.9873319950274982,0.9856612137980605,0.9893044475084847,0.9920096470079274,1.0,0.9899114979162947,0.9899786694997228,0.9806346076649778,0.8925277301698411,0.9860539223175734,0.989081879590112,0.9796208860010093,0.9841568333870011,0.4065689813008847,0.9492273277181676,0.9179285582788843,0.280569911999405,0.2788015327049146,0.08115531061885727,0.07922344150459226,0.07034086243601097,0.0677150422846369,0.11974509965771406,0.10306332290183678,0.2850992049885599,0.2655304639840424,0.6000412827148399,0.7826375547584383,0.8481602944605202,0.6073578925239171,0.49442684171524204,0.07154491362778377,0.06273720997980856,0.05962621509236126,0.37806347064000184,0.45292187749164753,0.389031600486161,0.5103530660407747,0.06665471314819987,0.05091133460006668,0.17583286839322804,0.04904935439092823,0.10428606536940449,0.19300577090766657,0.2773258063475018,0.25602272377833546,0.5098997726567637,0.3422403471642575,0.8922621217820995,0.0668130639697491,0.06453359657999783,0.7842783181718004,0.665685492564512,0.8985208014736915,0.4998309521584479,0.06406380876648834,0.054072009677216634,0.45609782323928144,0.44259874093659074,0.13984391010255795,0.1348132581358193,0.09488391379182176,0.10560027155583142,0.12803825272859992,0.12862873929013155,0.1316362156967075,0.11123488248236918,0.09895956937957912,0.14113879815800276,0.06624405412225352,0.2704203541899379,0.24287491810039188,0.14518981835766137,0.05745294231195521,0.051210712672546115,0.16108070177858647,0.10242082537818589,0.06128596678531561,0.251285267649418,0.25650189074397856,0.05954096157933738,0.06179251293887284,0.03633596957719311,0.2187771915304649,0.143255618649456,0.06774824770107289,0.08058264215941245,0.07219697089949328,0.06604670241133448,0.34151419081304096,0.4072062019326306,0.3376802136153688,0.061476783383354196,0.162756377158097,0.09384335953252852,0.02993892011256851,0.27502430617955254,0.2882074718497179,0.27516307774455495,0.4755926911008802,0.2647402748920258,0.11708886708785746,0.28840574673423963,0.28683586036956915,0.14218720265045903,0.2014244699005194,0.32234295824712866,0.495047046821142,0.3565663818358501
0.27725440373091126,0.28408243430232627,0.8182387234753814,0.7645483225616734,0.8402924985843206,0.3963913668411291,0.4294616531478008,0.3984543459067425,0.39505473011353875,0.08286570423680734,0.07114260038698013,0.06759349173444272,0.4640230080196555,0.263022389506936,0.255168076934385,0.421651514654667,0.4104048417407927,0.3608753570537662,0.31164036058646394,0.2954603092450488,0.8007743639379391,0.4807359196051196,0.07512213553537539,0.4594611463085669,0.0694222820697877,0.05195876547887566,0.04549922751471609,0.02822033320213871,0.39355094461814694,0.36484068217909016,0.2782611707058487,0.695544357619374,0.7391836116710484,0.6151232431513732,0.8111080922702133,0.4361554520909861,0.30112876844222514,0.4685119785954895,0.36628388973140846,0.5046906864603545,0.3869371297468541,0.38199336747431956,0.4066159442820925,0.4876400644039712,0.25232619184215127,0.23234361740779808,0.9820900136078784,0.9777597942237504,0.9876786015679283,0.9871217324264696,0.9899114979162947,1.0,0.9840610556329926,0.9739994416136436,0.8996828102279031,0.9813845289377605,0.9868431441158385,0.9781843534761778,0.9788611982527915,0.4098027782872674,0.9422887369954709,0.9255603678947963,0.27939074720688234,0.2777261356545088,0.07956223442682724,0.07725676589232597,0.06826280959990277,0.06457478981105297,0.11869563348293338,0.10247083459886606,0.28406458502834414,0.2652700737293811,0.5896167989612119,0.7707013205688359,0.8265901249163385,0.592969558944861,0.4883273028603908,0.06983011976194353,0.0603933040471237,0.059122769928265435,0.38163090912276604,0.45580901886930614,0.3919702628368827,0.5131780715474279,0.06461258202547031,0.049238692943816754,0.17520751970155468,0.04838013376985145,0.10661394614944358,0.19395235992382678,0.2760884755280422,0.2559244060126585,0.5033461107640591,0.3353769803588334,0.8865485344990921,0.06478531365283738,0.06246375088972407,0.7742903370879389,0.6457701150811662,0.8829139555488321,0.49683200640757536,0.06243716846622217,0.05190187452496308,0.4601647589144256,0.4456415048085265,0.1397686651441542,0.13541349503799907,0.09273128342591583,0.10356621420453005,0.12992999221106757,0.12857589774053588,0.1315634617446001,0.11171131616292453,0.09784178036789805,0.14414965015361045,0.06458155030984226,0.2689671982275839,0.24210640859856283,0.14234181578174435,0.056003955631734624,0.049546765603869204,0.1602921716596341,0.10252655295469718,0.06065230079352096,0.250961861576115,0.2551484211949731,0.05808112641450941,0.06182447301460671,0.041119728623031836,0.2169189738188025,0.1410797350283841,0.06631447342138551,0.07843951537754756,0.07020245926899421,0.06295069372527286,0.3436345117398865,0.40912370280929816,0.34057332534401075,0.05768277081213559,0.16153972284388154,0.09339445954772395,0.029995090388244057,0.2747027578294988,0.2874594913576379,0.27358692511866667,0.48170602941258395,0.26458951904601,0.11938389306275785,0.2874701244651347,0.2855803010007373,0.13920585150024212,0.20107224424430012,0.3187169878046014,0.49788496206196525,0.3578720549900441
0.30768445937683697,0.3129268309393481,0.8166642089946496,0.7640122157963386,0.8509863348336045,0.44286208822997436,0.47909929876684504,0.44510148215200535,0.44252411351218385,0.08864866322454493,0.07624996781733272,0.07316073382866674,0.45334806193750465,0.29437200994288704,0.28532731835004466,0.4395243413750896,0.4326655723761975,0.38117922227250856,0.34139021259005975,0.3262088424517015,0.7634380919246079,0.4707428165990701,0.0803794330650459,0.4493264640085506,0.07375351698833887,0.05557046034875521,0.05017501500105079,0.03300218204713923,0.4128631167234223,0.38414941908477385,0.30964838689597085,0.6948514616520632,0.7410157528566511,0.6256413213473045,0.8217470388252031,0.44660892406850317,0.3247793387561086,0.4825002083445821,0.3826305857042782,0.5242815585419124,0.4061258610471217,0.4262012272530474,0.4561975906602727,0.5447895344181333,0.2815037431183524,0.2592451973320462,0.9928219650782114,0.9830601806867956,0.9838833101365841,0.9916479105484953,0.9899786694997228,0.9840610556329925,1.0,0.9731468425349921,0.8748813899586114,0.9784081556462116,0.9837754977101777,0.9765776135771167,0.9796586673240701,0.4283555671183443,0.9527210228780181,0.9056615342318748,0.31063789569754624,0.3092463015251393,0.08461056654165978,0.08327252563294409,0.07330964090023688,0.06935622197560384,0.12348909018303626,0.10680438565891803,0.31526471316202204,0.2945991828726554,0.5872582088221548,0.7716052376048632,0.8404752658011597,0.5980757237887522,0.48080125619472486,0.0747457468123584,0.0652170155406126,0.06314523727999487,0.4017842228161806,0.4752439748836164,0.41117706399477205,0.521017955443402,0.07006825553072325,0.053600948447518185,0.19477123738785,0.052900323931251214,0.11958202262892147,0.2093567917965917,0.30721460295956793,0.28506217580082177,0.5502738262284432,0.37916332462442226,0.9126250846999491,0.07015185693202441,0.06738747652389071,0.7745420323982545,0.6551338005286865,0.8913274951745914,0.48805895394608606,0.0672403896922279,0.05599474189113485,0.475011063135331,0.46280465465356785,0.15558729160876025,0.14992489224145408,0.1048461885917427,0.11647446387054618,0.14383328150258332,0.14297884960781615,0.14606337161347496,0.12441489659580644,0.11125848628435304,0.15799071604244327,0.06887187353611796,0.3005471827877114,0.2718565990664158,0.16653723777516197,0.059651533112872496,0.052401122928937054,0.18123443822177784,0.11393586552854332,0.0644179443204212,0.2771221542820775,0.285721174574869,0.06125460773404485,0.06527084251847612,0.041040676020709946,0.22121801584171713,0.14576996182538268,0.07131782004065595,0.08418569624968418,0.07556965280735731,0.06912391338131862,0.36414009746927084,0.4305793355037544,0.3588677182092856,0.06428021229886047,0.1831844917032187,0.10601599960143085,0.036957501715375804,0.30471405849842886,0.3179433331328912,0.3052733794497345,0.4871783234598197,0.2913365811323844,0.1248727810962677,0.31843046267205993,0.3175578633165948,0.1590839223127606,0.22527324334415727,0.3540369836714546,0.5150442398335381,0.37960826130702663
0.24518637832266274,0.2508170859508361,0.8222538034427623,0.77849854636271,0.8690870996051028,0.36942027857889076,0.4059846708582287,0.37555333810307634,0.3689031567011797,0.07696698667861464,0.06634335357123668,0.06337744488149792,0.4644446989560993,0.23429698944910382,0.2271017850073387,0.3681212417285665,0.3612674144537307,0.31191917121679763,0.27511948259944935,0.2626570584795997,0.7817828885283479,0.4823628960012566,0.06963042236044747,0.4591614598396267,0.06394436148579596,0.04690923702158583,0.04061604539409168,0.01588931531667248,0.336620019969598,0.314011163069477,0.24739304060664158,0.7106357206463709,0.7522588966994331,0.6347801126277155,0.8415984951841715,0.38289541509127306,0.2616228631299336,0.41338678208656143,0.3121419347734658,0.4497915371413077,0.33204704477994484,0.355018321908611,0.38125007603137606,0.4647323201390186,0.223094206242885,0.2049459182841858,0.9647180976131694,0.9715481016327246,0.9803484656589481,0.9808439231441226,0.9806346076649778,0.9739994416136436,0.973146842534992,1.0,0.9038780801196289,0.9861870101259774,0.9751411647180142,0.9717297380805578,0.9773221188522793,0.3575424559200612,0.9295730458923219,0.9209110856945006,0.24875227330927713,0.2472857374967733,0.07431950592899485,0.07167360306619791,0.06439397366361531,0.05967343202824258,0.10846741299939201,0.09213767590742135,0.25252549413471337,0.23378642611255424,0.6028140256150886,0.7826258281936045,0.8615788975131327,0.6108595339775013,0.500508054024953,0.06470471218057465,0.0559403242302647,0.052461274827536444,0.3272811403712068,0.399459438702155,0.33655757364299954,0.46093809820815124,0.059519464383048164,0.04647507671060045,0.1489036547793004,0.03714313622382237,0.08948338887709778,0.15994611321080993,0.24552147871301266,0.22605045955828218,0.47093953099249675,0.31403482361511115,0.8746643478847344,0.060515660447214153,0.05787986153449839,0.7818449064106336,0.6616244948686392,0.909526142263365,0.5035321326276666,0.05722414873419135,0.04760395750824203,0.4053947175115935,0.392541332989475,0.11533439281326166,0.11259696057439486,0.07848849580716516,0.0892097486236458,0.1046210721054877,0.10589574603026206,0.10929700357110386,0.09008741655397733,0.07990885383288306,0.1163012633608652,0.060396819147365985,0.23951760529738303,0.21380396751701888,0.1255356293418707,0.05027807692510718,0.04625459882107552,0.13999982651436454,0.08920817514270878,0.051414568218529924,0.21970471403108224,0.2263816792863334,0.05373938374468381,0.056280381279205316,0.03289971467138599,0.20030478058733373,0.12304031298054416,0.06158769550819735,0.07318592643454627,0.06559541311785207,0.06131731273074744,0.29496632057201966,0.3594746776591602,0.2915670103332332,0.05392531748322045,0.14151841385274244,0.08207817104081125,0.01894215508329667,0.24728406499204983,0.25453234543203046,0.2434022327809384,0.42543848850887983,0.23300857693467103,0.10522485064268575,0.25564158639324536,0.25549702326968127,0.12388554966743262,0.17558950586672645,0.28856964682751346,0.4458303199866464,0.31023160831497076
0.15080075723603675,0.1532329352029557,0.7548623462118242,0.7066618943843244,0.7577961915171293,0.2688335382522056,0.3109220489730253,0.28251966398834033,0.269876302589258,0.06666063429005084,0.05784033232368172,0.05567594033289859,0.46044319405738743,0.1472993557233818,0.14114523409670976,0.22209701482802602,0.22231600190697945,0.17458454985325234,0.16858390194021047,0.16289429385395893,0.900053961497215,0.4814854397408589,0.06488937326049808,0.4601764067819028,0.06104853166190546,0.053205966979722706,0.03680371122078329,0.0075607039880921266,0.19097847075648547,0.17082003646428123,0.15481628895803032,0.6437626541704156,0.6865830349894531,0.547040317576907,0.7243066663163903,0.23444830783284462,0.14657308898472507,0.26070238963796655,0.16959644898885326,0.29491677671582,0.18704581742752865,0.2558093942783937,0.2849776149884307,0.3696334938066748,0.1379070564298796,0.12911814173497851,0.868601535049423,0.8459945436421364,0.8972558653500032,0.8817466118583546,0.8925277301698411,0.8996828102279031,0.8748813899586115,0.903878080119629,0.9999999999999998,0.8972298831801774,0.8886227629769174,0.8687218755982039,0.894138653216456,0.21220799359050804,0.7670833693829138,0.954888020710145,0.15489111492821503,0.1577453099253703,0.06511506477875664,0.06208794127519415,0.055323706785871195,0.05171332211149221,0.0943504114224963,0.08014704173631232,0.15680981923330764,0.14269873361331561,0.5521668359357528,0.7115750304646313,0.734272206763924,0.5326814113774309,0.4755587730770848,0.06090649867648913,0.05645230007205224,0.048612456544825614,0.18328609880013325,0.24962957087828772,0.190741512505202,0.3174323385960065,0.055658796250955746,0.056455961135377396,0.09472890438244569,0.016559196837148703,0.06472274919809315,0.08661160585986533,0.15389910354721406,0.13796344778428327,0.3590324541175375,0.22285937497077518,0.7939135181928577,0.056701231731834584,0.059976368393127914,0.7118329660842628,0.5699745978674654,0.8122229404778983,0.4832388755601157,0.05423204076726422,0.05243452717823718,0.2524186078771484,0.2425351091384849,0.07466419129103452,0.07620321175224919,0.06116284680880216,0.07194432198119881,0.06168458728810841,0.06991600638292358,0.07458053099718988,0.06044232631023836,0.054782086113479116,0.07129528397394769,0.0583244108953868,0.14980993938034962,0.13045167055792675,0.07877992280254022,0.05336657833958334,0.042453318906411415,0.09388751591192851,0.06054736047810233,0.02657563494786019,0.13450479924568118,0.14063812684616767,0.055275143857286456,0.05339992493046585,0.025683161118278456,0.19838019458567407,0.12835821503035225,0.05384708892421972,0.06381194598649065,0.0582077028986105,0.052665026341845236,0.1605385350301246,0.21847314364926723,0.16056013862447482,0.04755677314718344,0.0906792681888952,0.05655021127268279,0.009038243546520948,0.16979559381131773,0.15619227162168214,0.15190349430098526,0.2758102669696563,0.14446216163982475,0.10657812837816363,0.15992182465774357,0.1601013932274728,0.08141447751979856,0.1015619847068388,0.1890606195714064,0.287017407426272,0.1775678350491347
0.2525940553120853,0.25894065834327545,0.8161192641634128,0.767122128890449,0.859137536951636,0.3762988853045457,0.41103515930568185,0.38154152622519133,0.37551468495581963,0.07879742802368256,0.06762493277966115,0.06502266371200767,0.45766226565241025,0.24118121403257314,0.2338887001869436,0.3818880784913959,0.3729682702483458,0.32430197908435293,0.28382543801207427,0.2700729112182791,0.7906692744429508,0.4764482932269545,0.07047900360149399,0.453610578648867,0.06473407969780312,0.04625307465156376,0.041624643163004696,0.016092847281406707,0.351278585151867,0.32677263793041017,0.25473148647251853,0.6971896981175091,0.740662096145857,0.622104917125537,0.8311713459337401,0.39618797681661794,0.2694306765088974,0.4269537653478746,0.3264242700873043,0.4633346358577888,0.3458752653024565,0.36195988452996075,0.3882032894599838,0.4714281341767142,0.22998747719592857,0.21273840215037199,0.9712321259195562,0.979909652725994,0.9840867256171062,0.9846192753683493,0.9860539223175734,0.9813845289377606,0.9784081556462116,0.9861870101259774,0.8972298831801774,1.0,0.9805679822226226,0.9775726951379137,0.9849325981289762,0.3704092287691506,0.9316550737272712,0.9281467742163146,0.25601410802097635,0.25462757760989846,0.07578308510083923,0.0728810206602073,0.06606295238168404,0.06139310725482421,0.11209819199416032,0.09743684035406883,0.2601888991233916,0.24142619245423177,0.5917358149793185,0.7724835399247156,0.8503007379017548,0.5955855300390576,0.4896938429284814,0.06540652546838847,0.055972357770426515,0.055143172864943045,0.3406102128017046,0.41403294453514516,0.35135543519231677,0.4738532114522583,0.060021746825897074,0.044408510224361826,0.1551708569885669,0.03846457948735212,0.0970506181517253,0.16856509451544066,0.2526385652135438,0.23267711417111184,0.47884077988391194,0.32039149681507556,0.8838274673010835,0.06051808909442119,0.05789776762492331,0.7723708228382541,0.649092887002505,0.8969160342933213,0.49502403997627453,0.057923200526629144,0.04684920306309448,0.4183611368677946,0.40575313784940975,0.12183973542988613,0.11877807339420651,0.08275643888320179,0.09440276933705921,0.11032143371120934,0.11261945013671075,0.11534626353309003,0.09637746227738465,0.08580283111470878,0.12208261991005931,0.060964891532696595,0.24665108091299964,0.22120169297726092,0.12911369191003408,0.050006780289528284,0.04578833484618931,0.14424022863149683,0.09335672008089121,0.05234467948258816,0.22807760476831604,0.23373658763466065,0.05323939846659062,0.05819798286662446,0.034678241590226665,0.20471029765041573,0.12992750373008796,0.0632000022585987,0.07406663813410616,0.06682600285707586,0.06281457704486346,0.3076831663390712,0.3716681752632187,0.30393513031224156,0.05442283050413886,0.14558133770735104,0.08414423805641363,0.01808463789515313,0.25331797204057943,0.2623163815062251,0.2510107028170853,0.4395688837396408,0.2412086330831831,0.10304558833572501,0.2635691203768052,0.26357821764865125,0.12663315807462266,0.18287660968554154,0.29690559603466005,0.46139176638593904,0.3231704675376589
0.29280731592214077,0.2990100460051543,0.7964103663786439,0.7424223559112914,0.825536211416933,0.4209219828532456,0.4566519334330879,0.4237738141454398,0.420092330287161,0.0858879337548964,0.07543934169779201,0.07133593671177237,0.4352814935437655,0.2793867900269953,0.27053583419088645,0.42836220601898894,0.41993794796687783,0.36973835354730455,0.326685756699585,0.3114797109056083,0.7811360198484011,0.45339198535601827,0.07946999717351587,0.43224391964740855,0.07389249333102033,0.05817414284852167,0.051939847160487974,0.029946347126329466,0.39858800012096424,0.3721679435612652,0.29456637417435233,0.6710585742068005,0.7160048731217107,0.5957588129266095,0.7952638643571606,0.43844267104399137,0.3128704170074685,0.4735276162032044,0.37048684779587604,0.5078850622056543,0.39275763710702916,0.40675023984759884,0.4329942380580607,0.5144662161348196,0.2670896123136227,0.24605704818003765,0.98230924751423,0.982376603679054,0.9807641657186889,0.984918549171985,0.989081879590112,0.9868431441158385,0.9837754977101777,0.9751411647180142,0.8886227629769174,0.9805679822226226,1.0,0.9853379907959795,0.9853208917826267,0.41732750832067944,0.948443097530247,0.9201380731995061,0.2956371865915163,0.29439520427940696,0.08261826207891927,0.08099567922937385,0.0715169404084242,0.06728503380195869,0.11935617935227294,0.10332505371595882,0.30039750208894467,0.28014673673534457,0.5643426784243174,0.7491354843620167,0.8157513332463235,0.5688763742462019,0.4631964083803474,0.07486100702826058,0.0664599325569886,0.061832760050912046,0.3876238418993669,0.46171230439053335,0.3964427320942325,0.5096428131484614,0.06993307250833482,0.057278690971757786,0.17995610945785967,0.04830463221238875,0.10629140146508732,0.19691046565907924,0.2922003689634586,0.270025671575482,0.5309299998156464,0.36119083117107836,0.9084164848667358,0.07052073234901843,0.06773506581324656,0.7515286762754556,0.6249740801257693,0.8681518237835859,0.47145918110935897,0.06734098996844869,0.058484663432625754,0.4655098061516817,0.45262448862305465,0.14236248908653248,0.1378810949683723,0.09445118527043701,0.10272786118905362,0.13165072361374858,0.13026460694972047,0.13300680084743752,0.11306829339783861,0.09837027981266236,0.1453178695281304,0.06926761506192075,0.28526799291475374,0.25749523916750716,0.15112044058063265,0.06238147841956406,0.05304082684126979,0.16876850895385978,0.10517308571129404,0.05843929051886082,0.2638683971401128,0.27107160450218115,0.0642755076055302,0.06290223588456825,0.03649472094853786,0.21345195356457775,0.1429496373068742,0.0696754797546075,0.08224071280524142,0.07356223220835051,0.06598386073558206,0.35358044573037256,0.4193221282827494,0.3490247129381968,0.06190206878584574,0.16943453780840517,0.09481081030763874,0.03205627723108397,0.29206953808107494,0.3027229971737369,0.2901456465618218,0.4788737928386225,0.2768239348948444,0.12223920749416667,0.3037334127851199,0.30402815069891753,0.14748931304268537,0.21338506272007116,0.339292446377066,0.5050486832576587,0.36918348299250897
0.2953591404580135,0.3014170193826286,0.776591792139905,0.72220300312577,0.8127244741812741,0.42006638630570975,0.45687205422344745,0.42352891891580524,0.41924397720290524,0.08628365350185051,0.07535862411431803,0.07277091431170608,0.4147945766489232,0.2810700259279103,0.2731686324938589,0.4385460961729643,0.4279561434673352,0.3780786442492764,0.3303268219419802,0.31420927883854016,0.7463452744564126,0.43164765566241664,0.07776821065334684,0.41042642253258055,0.07162748860481111,0.05354621664551355,0.04977388023384444,0.017816482531052946,0.4072527843227245,0.38111190212629387,0.29635372636358764,0.6492228505363632,0.6954776848234556,0.5793760860643963,0.7775091176916752,0.451477402937237,0.3179652182712699,0.4839724889769846,0.38219498188454143,0.516713494307781,0.403728978270116,0.4051691199259006,0.43072449701249965,0.5102874942090695,0.26973321493247904,0.2503788284136899,0.9741742054803078,0.9793006980865926,0.976404945361249,0.980228226106849,0.9796208860010093,0.9781843534761778,0.9765776135771167,0.9717297380805578,0.8687218755982038,0.9775726951379137,0.9853379907959795,0.9999999999999999,0.9802057495085349,0.42675868715528964,0.9547499060304071,0.9006744539159416,0.29766199110774205,0.2961207359683227,0.08291721463262397,0.0808858015774733,0.072482868653503,0.06682239289502324,0.12012559589541329,0.10427575146952447,0.30295900326979835,0.28259414194608196,0.5414624163078373,0.7302804174863236,0.7986180333687003,0.5496243794957301,0.4384872269184414,0.07305027080974669,0.06301274518373778,0.06251919019583635,0.3971925991868762,0.4711291739524872,0.40641725108964794,0.5195672387278438,0.06808416474421207,0.052643835403245444,0.17625083237139105,0.04146632040845417,0.10408619582213856,0.19551199393660962,0.2936891304146003,0.2722159863333428,0.5281431678653787,0.36045201498467017,0.9014905836806832,0.06847946617163783,0.06463929427277512,0.7311463232689287,0.6082593545952436,0.8564359807650983,0.4501539599256154,0.06592143927977691,0.054169577077259896,0.4754217579698227,0.4618779671673986,0.1382702251189838,0.1328562154249942,0.08723225614058193,0.09799544535388141,0.12870066280585518,0.1271419473109894,0.12910891732355434,0.10969323651091016,0.0957473156464898,0.14148387275634686,0.0680629952540339,0.28750665569825146,0.26001472299149464,0.15197222873593008,0.05730520826556128,0.05262172988458857,0.167957077903484,0.10926635404594918,0.052033749147826505,0.26864683849319493,0.2729199263902814,0.060903806269340034,0.06453550386686732,0.03522086121305124,0.2044504944429122,0.13113444083247572,0.07080058998113792,0.08198890686795264,0.07405080722127075,0.0686510029109891,0.36154418399827065,0.4273306238625639,0.3564396728443073,0.06269577670233777,0.1702452840545332,0.09783950131043913,0.022670947314195316,0.29161714375577047,0.30529281761586574,0.29180685244957255,0.4920246894703427,0.28030757371216003,0.11253037199513743,0.30590016018082644,0.3047909792247868,0.14625497421075603,0.21469786924480497,0.33831545278113917,0.5149789731305755,0.3792970436310997
0.2729517690262935,0.27831988314602685,0.7971470643669865,0.74498018478538,0.844960763385242,0.40263344875243723,0.43928758434552845,0.41073429512648985,0.40331177991286643,0.09069803088617572,0.08001839073028186,0.07770767867541262,0.4374574688850735,0.2612308222044427,0.25308992143171033,0.39693657904141716,0.3896848221135992,0.33980514489186125,0.3037626818554472,0.29039455812576087,0.7857490743158104,0.456420334390869,0.08300378214657456,0.4348423223866571,0.0770590516757771,0.05699146667951474,0.05706652396023758,0.027005055319082,0.3660580244135254,0.34143704397772,0.2746901357527254,0.6740954949635102,0.7196126514609626,0.5993932289922405,0.8086840936927644,0.40893102365564926,0.2870953380866626,0.4410242965924893,0.34046353690102676,0.4759983294920579,0.36123299481271354,0.3884223256618,0.41593719870151735,0.4990561901815175,0.249087561275244,0.23004567257032071,0.97430537745805,0.975878367188205,0.9809437758515605,0.9820963570855571,0.984156833387001,0.9788611982527914,0.9796586673240701,0.9773221188522793,0.894138653216456,0.9849325981289763,0.9853208917826267,0.980205749508535,1.0,0.3859680027884779,0.9439776873637149,0.9212943361726073,0.27614944728699886,0.27592289885847576,0.0874285476884388,0.08509565225922189,0.07712554140912099,0.07321457280023624,0.12292446665249503,0.10650667375926959,0.28074135139486245,0.2606495284024242,0.5661744403597623,0.7520386472529651,0.8321756363108855,0.5726606025990726,0.4653862246230575,0.07839637610603754,0.06949689543473594,0.06471533037860795,0.35612523043032207,0.42939683247515537,0.3654544070235355,0.47953886250905753,0.07261023736686333,0.05504024698929138,0.16845078336878194,0.04507495337953217,0.10103963687382723,0.18007739018274715,0.27238719603462674,0.25189870767905875,0.5083634494778922,0.34617489743741314,0.8936750498814239,0.07384371039098946,0.07068710661010537,0.7524321238835422,0.628850814862654,0.8794237747018413,0.47252944993046436,0.07083884177105579,0.05960838206776596,0.43159557136425264,0.4200752437157359,0.13345043563481157,0.12868004326037477,0.08733168319621169,0.09885463664722838,0.12277795109405626,0.12180449546515565,0.12488208254104322,0.10610579691822257,0.09445273968387634,0.13575023496808464,0.07292355002998294,0.2665929527173014,0.24121075096885994,0.14094910435695307,0.06339824723793762,0.05471797470560569,0.15625566678789643,0.09711202205608538,0.05473727585722369,0.24572130633645084,0.2537501083644196,0.06613057067934587,0.06754875433439202,0.034169686589182506,0.20523221546189965,0.13252171913901073,0.0750054981074605,0.08629221063836291,0.07936768978732082,0.07560498757119898,0.3239969831751301,0.3890617923531935,0.3193066618712815,0.0690067772127379,0.1564347009088111,0.08953605847319661,0.030951429935152687,0.273739473494546,0.28188749256752854,0.27072745950570115,0.44855125958083,0.25867188954291587,0.11769602741771287,0.2839304167815711,0.2837865695650348,0.13626321007206396,0.20013019442188476,0.318172622700707,0.4741403436471873,0.3401280439289842
0.8227405734903084,0.8356311233740373,0.2735278837405439,0.23595001567415197,0.29252728964711544,0.7452443150861503,0.6431846203093882,0.65152910494865,0.7114315467366561,0.06637480739480925,0.056467327254547194,0.0549437081031858,0.08671300913202863,0.7799618301190966,0.7744763929208118,0.9901949189172959,0.9765736797775896,0.9648666533798236,0.8778735571920019,0.8390626307919461,0.15838417600854796,0.08570582341954203,0.05844109386641948,0.08195214095216993,0.04916363039502917,0.021949154050292154,0.03904316856911181,0.15043259947307225,0.9559108856914204,0.9642567250597324,0.8114832352831353,0.19802012737942637,0.2276829110714539,0.217557301068587,0.28373159114311935,0.9369164665579426,0.8928841538135448,0.977515143175411,0.9602507740792229,0.9691760101528473,0.969128369412952,0.7407722753669899,0.685314085883096,0.6279587022471093,0.775935693319467,0.735052126518562,0.47521611542098174,0.4257916924433916,0.37709431017233397,0.40334943291811565,0.40656898130088476,0.4098027782872674,0.4283555671183444,0.35754245592006123,0.21220799359050804,0.3704092287691506,0.41732750832067944,0.4267586871552897,0.38596800278847787,1.0,0.4951194751185456,0.23809182556850458,0.8121093421474722,0.7944050705274304,0.06592414977155281,0.06732425154793024,0.052172541032429624,0.04644297258414313,0.1040933480637081,0.09658155458126447,0.8243612326704509,0.8115639850911823,0.15317279542896037,0.25142262218944167,0.28658342314621876,0.19017245395964785,0.07789025753534788,0.054497469791163725,0.03882386089958799,0.050051361391545465,0.9729856097377948,0.9777041279697252,0.934696304604471,0.7895785790931467,0.04909586442476742,0.021594854578248918,0.4332891899469261,0.13415167195529953,0.1673516852709809,0.47614845104161607,0.8046145877957062,0.7915364568142271,0.78117621055328,0.69211789165831,0.4220419536964637,0.050205625370689184,0.03968178054990427,0.2507103636312056,0.232495333202333,0.28429765770231663,0.07404177861178972,0.04674850810240395,0.02718207800860168,0.9875265742163937,0.9908919648847261,0.3242043303467121,0.28807223984704705,0.19036990815535293,0.1549006408204416,0.29824810473885927,0.2756344336475071,0.27794899601881634,0.2609944989779327,0.22264088874881094,0.3195730162491399,0.04358988708172873,0.7861971868908776,0.7589996433563768,0.5242913154313615,0.03130330328114811,0.037214814573630045,0.4260495641562645,0.2185670437636705,0.10744129463088285,0.7852303424990045,0.7805966800027587,0.031178347664790714,0.04735797982952726,0.08392044179291756,0.14080479895816164,0.10636497581656797,0.05326897008297299,0.06317766942452412,0.055766287251385736,0.04260590695142895,0.9556285060425765,0.9846818849875932,0.9642059792025675,0.049694479852421126,0.4695394475702337,0.18686866770432253,0.16145752786573772,0.7501823052270261,0.836058265581621,0.8010712341315785,0.8908724680607806,0.7999997813373199,0.11361951449253264,0.82504756530772,0.8130407611978656,0.4234587493600145,0.6991682731067954,0.8163267989257488,0.9809392175740732,0.9619851545852299
0.3487370426087718,0.35510838422425844,0.7275599177697806,0.674499345911645,0.7980961279933104,0.4638685514508958,0.4873645018211638,0.4559703715374028,0.4602700997103197,0.08411829202908516,0.07300955888807857,0.0713390548958372,0.3583350319486009,0.3308982310518746,0.3224515607908781,0.5072147466711401,0.49498737843605534,0.4466644224020494,0.38765570071071664,0.3686038907896135,0.6568523387877817,0.37215860559731234,0.0740658116866477,0.35407809493798426,0.06732638378416571,0.04206923627688521,0.04908340986532038,0.04565558676551311,0.47642819612745557,0.45138314695448106,0.3479846877426279,0.6062652834735958,0.6492095034966853,0.5579508332193831,0.7622320500573109,0.5164856630069787,0.38134330078557643,0.5517733368634112,0.452636418570148,0.5820050764559149,0.4741292256734835,0.4485688511492955,0.46764747776059157,0.5414213986981116,0.3195219252033455,0.29655500377079924,0.9503155611167152,0.9594287048834717,0.9355761075639946,0.9499651953876505,0.9492273277181676,0.9422887369954709,0.9527210228780182,0.9295730458923219,0.7670833693829138,0.9316550737272713,0.9484430975302469,0.9547499060304072,0.9439776873637149,0.49511947511854565,1.0,0.7981486476468482,0.3497832978202401,0.3461212996919971,0.0797252072963779,0.0790967369265151,0.06986841467779811,0.06850479997903103,0.11845132866298264,0.10141715779687333,0.3556033110497088,0.3344094736926561,0.4954940989841828,0.6857970076076495,0.7834543807995532,0.5221197754744342,0.3860034184975024,0.06890209102380529,0.058072624639259565,0.05665398741507083,0.4667355250155318,0.5391075248020604,0.47562800886878687,0.5779070317458338,0.06367531427277186,0.038066909268560094,0.2075544351324707,0.06079989935765754,0.10818439763839134,0.22925566879309583,0.3446290613295101,0.3237338249337452,0.5771588888177968,0.4009882678921098,0.8622522588458317,0.06448708144108606,0.05819967297565809,0.6862759629511656,0.586738267902723,0.813484907032982,0.3956798409562386,0.061620701830957365,0.04606130594719468,0.545314206871595,0.5310286098706398,0.16150493770227153,0.1530724418284023,0.10041905180729409,0.10787517958664733,0.1534702105318185,0.14495239427793002,0.14747572121982627,0.12929414690257673,0.11060981280782681,0.1691174653902888,0.06279649366603235,0.3382892675070277,0.3099806170630508,0.18160162620607886,0.05087610710965193,0.04778518223043769,0.19528119642107117,0.12160836162110107,0.07134142647639365,0.3179356198821364,0.3222355269432185,0.05432961771036477,0.05910290266954787,0.03800850500899738,0.18783817726224208,0.11705430580297838,0.06811945732439781,0.0798447682125781,0.07199273789560302,0.06962481556055526,0.4317310804412554,0.4951975784136916,0.42628452161138836,0.06425367828949369,0.20126746414306912,0.10763878465946765,0.04683865565175156,0.33497526743269496,0.3600039799257499,0.3417079930414263,0.5536663048236741,0.33006660878432664,0.12019465727295989,0.3588893300240913,0.3568860585871097,0.17935960325983968,0.25954582754953254,0.38830914171308734,0.5846725852450128,0.4455691586484631
0.1680669740051313,0.17221124636615182,0.7612999503789679,0.7057163086305095,0.7452256089074406,0.3045311653705098,0.35215195686288375,0.3219324831507173,0.3081508749613485,0.07497121972508967,0.06486134656163613,0.0629177878983918,0.45621342669647347,0.16522628387530564,0.1580313663930741,0.24644741853360283,0.2469697353146442,0.19917560597557157,0.1889040685386362,0.18309785694540137,0.8804726480401319,0.4765649848794763,0.07188392580291283,0.45383339494029423,0.067827434430051,0.0593607468880098,0.04291266571408054,0.0077794719422136505,0.22159748826938327,0.19793875863949462,0.17435942790725842,0.6387673564042013,0.6809656911059562,0.5385722064532275,0.7199406426692365,0.2569691705197376,0.16357401483613496,0.28656066650104506,0.1959428342946977,0.3232123785507017,0.2131866521836264,0.29054561851690214,0.32616635220991114,0.41521201561692583,0.15413873039499426,0.14191201361102104,0.8967383370773802,0.882276026757825,0.9233628589791648,0.9105439110596822,0.9179285582788843,0.9255603678947963,0.9056615342318748,0.9209110856945008,0.954888020710145,0.9281467742163146,0.9201380731995062,0.9006744539159416,0.9212943361726073,0.23809182556850456,0.7981486476468482,1.0,0.17449389928547349,0.17630230216218906,0.07295100473885201,0.06954484979120273,0.0636289646779217,0.058611816120731186,0.10419665070007376,0.09103260284253151,0.1763508658215391,0.15944179347049994,0.5452217514949154,0.7090005644012868,0.7395209978285645,0.5236090932550661,0.4696188255667733,0.06753828131232047,0.06260011029810598,0.057726297211010254,0.21234370133964317,0.2777555676992757,0.22042212706200565,0.3379155901667072,0.06284456865808297,0.06094869809074675,0.12076992863417126,0.040262183957917995,0.0894730357240583,0.11287108526421168,0.173244826262296,0.15469111464628452,0.3981933539477576,0.2557636016434899,0.8610065376395085,0.06284438217622045,0.0641552788072849,0.7104840794789434,0.5634403721174089,0.8147041608946554,0.4796472903019478,0.06009672531929632,0.0566489686495728,0.27845053110926477,0.2683822943554529,0.09592539033840614,0.09720734783386502,0.07474577754575701,0.08788748506973815,0.08111001546145803,0.09070197466723533,0.09659389772599401,0.07688286425477192,0.07225159044715927,0.08955817481341655,0.06523113070133042,0.16870096631913817,0.14735353375577773,0.0845731796558627,0.05792614431221845,0.04710889241696145,0.11089110178249784,0.07675701874798777,0.04414279141278628,0.14803080924760736,0.15722411298870717,0.06091775269411098,0.060307483151052006,0.0349964093159055,0.20696259692290375,0.14058426867355794,0.061554835494267726,0.07107450076643983,0.0645190237724251,0.060988043961154745,0.18350972094378004,0.24345221261047714,0.18045487474008826,0.05278386167979988,0.10570290257839263,0.07583593668654094,0.010249828695324186,0.18404027588538246,0.17614256375315973,0.17195214752576973,0.29911559097211693,0.15912165775929538,0.10417317172744159,0.1795081588360877,0.18014436024694347,0.08978391256213565,0.11632574827161937,0.21342761946207425,0.31433478762936345,0.20034982361773446
0.9928050900835738,0.9836673885995411,0.19043121788481554,0.1655713116807215,0.1932020755824613,0.906650319379646,0.7742713328711192,0.8048824480435831,0.8709341002306263,0.032695153246030964,0.025989578563192305,0.026743175378467453,0.07138120640126207,0.9944446080301815,0.9904168194150436,0.813365589167268,0.9000896657674923,0.7935019217257756,0.9896230793115802,0.9970650751677127,0.12226514675632605,0.0749097276341342,0.03353582753717608,0.07550421426489476,0.02459410900220693,0.0014708535124537548,0.0222984176253196,0.15082141816944397,0.7300966642274871,0.7526813793127153,0.9982595261755068,0.1407739926794936,0.1598214111916221,0.15217612306559314,0.1890473192457771,0.6467424499241059,0.9315206713916308,0.7255223654584458,0.7427596296862382,0.7395991363834685,0.7434037320641402,0.9158126711392454,0.8558949783281866,0.7508758433916802,0.9913020026447064,0.946583603115086,0.3495582211306911,0.29044162062756346,0.2574384287065967,0.28180745715676664,0.280569911999405,0.27939074720688234,0.31063789569754624,0.2487522733092771,0.15489111492821506,0.25601410802097635,0.2956371865915163,0.297661991107742,0.27614944728699886,0.8121093421474722,0.34978329782024004,0.17449389928547346,1.0,0.9872123480878807,0.030377481117807033,0.03610298692336187,0.021945080613231135,0.029774664158001358,0.05347824893626444,0.04995214877140612,0.9979896420088097,0.9900097171883734,0.11241523153426357,0.17501272508193128,0.1923393597093196,0.13496868379758079,0.062182720722268374,0.029490533213891133,0.020931877451412444,0.022032045645622885,0.7766236494120944,0.7650727408679494,0.6771060338765661,0.4593666754181682,0.024552112982866983,0.011247236305638916,0.5539009491050838,0.1809333223415259,0.2163175139335239,0.4671446675059458,0.9985153406526651,0.9924872490270524,0.8958351481022936,0.8899303919966384,0.35951397642408794,0.023668539393880125,0.021017250876360336,0.17462286323490495,0.15345978058950943,0.1905932146175333,0.05994805268467069,0.021328758731366387,0.012439782178432716,0.7658684579016126,0.8064953763609923,0.3689857043232131,0.31804105707429475,0.20963405920356026,0.18870523511668524,0.29846557572059906,0.3048054363840473,0.3183326633501951,0.2745922933031891,0.256991077459209,0.3221583535843213,0.020148274530279637,0.993151433965306,0.9833018903745926,0.784658761063292,0.011738751773111039,0.007882038862079273,0.6510211964163006,0.3453770305841088,0.12569427484253617,0.9512663314068606,0.9901932263239758,0.013411264007486372,0.01774389694005867,0.12403348516108907,0.09422714122941238,0.05820564552471767,0.02420801014760307,0.03202776395459415,0.027878405491828843,0.01450503517496006,0.7963462159886235,0.876508703751631,0.8254414559589031,0.02693396703512412,0.711691679494317,0.30840959402629314,0.16564057120471343,0.9491302035566566,0.9967794710763291,0.9957526040660095,0.5701030997776256,0.972701723809629,0.09571775757524054,0.9979585264118036,0.9816833468267,0.6591518110580941,0.9490347512076652,0.9523674593022601,0.769445630267671,0.8487497373302981
0.9894225878060502,0.985076726232012,0.18173057130729584,0.15688518076934319,0.18935618663489545,0.9163435814290889,0.782548916341968,0.8173540562070438,0.8826308487439861,0.02374849076719275,0.016885246183005798,0.017626701647820132,0.06651152076094934,0.9803836148534216,0.9820715087704547,0.7955444580367168,0.8822994266563821,0.7779267000333623,0.9803771789261853,0.9856371141540902,0.12298651742800949,0.06901628424980524,0.02385490000311811,0.06922615310280854,0.01590158169732566,-0.004845366182136287,0.016468593224102802,0.1421099547502423,0.7041806188932727,0.7332948893695662,0.9872915589116658,0.13175982740570005,0.1498062920339195,0.13869146398551196,0.18392564413907175,0.6254468018933388,0.9198563658545763,0.7090258272203962,0.7209757392861373,0.7182648651483132,0.7196152715490391,0.9251659828170372,0.8681805311746106,0.7651273450282604,0.9773365889318623,0.9220294699387359,0.346473871974852,0.28778299486606185,0.25686114165370916,0.280397152855061,0.27880153270491465,0.2777261356545088,0.30924630152513927,0.2472857374967733,0.1577453099253703,0.25462757760989846,0.294395204279407,0.2961207359683227,0.27592289885847576,0.7944050705274303,0.3461212996919971,0.17630230216218903,0.9872123480878807,0.9999999999999998,0.021585327011181137,0.026565395500367846,0.01386865599194309,0.020864227954325982,0.043788284502923144,0.04203031321700177,0.990177716878333,0.9887537603069556,0.10215380320568322,0.16565698439777443,0.18825160405940883,0.12227740932882476,0.054150795333221854,0.0200037834775379,0.012972584477413658,0.01521188855422708,0.7553560330851813,0.7443437021217965,0.6533320396870526,0.43850496041342907,0.015534060836728945,0.006157896979231782,0.5011760247429305,0.16131774458730758,0.17830202757844962,0.4250173993588731,0.9840369650450741,0.9789542353179469,0.903590462654933,0.9020119562209454,0.36161596793879425,0.014358431543884291,0.014197757751527873,0.1657200911878943,0.14088511612707336,0.18742080163448213,0.05596238061064797,0.013204820149139398,0.005614784879661174,0.7459213520690595,0.7890945594963732,0.322321877284114,0.2718117423139346,0.17186704745714987,0.153989201226696,0.2571532328020223,0.25888479903373296,0.27053646484680954,0.2328450578548521,0.21618490727407982,0.2797754212435361,0.012060361960240759,0.980392399663495,0.9725509615851695,0.7360380501528161,0.0042352598265523326,0.0009637640315718572,0.5890594775997028,0.2893432450158042,0.1071364607400412,0.9374461436896199,0.9817060746345613,0.006887464617437176,0.009358772497201765,0.11677684151207302,0.08364452740816267,0.04631606814243493,0.015649682564085738,0.02283387166370931,0.018780122208133104,0.006772369215785062,0.7789528478640136,0.8618676386091507,0.8026688378721163,0.018744495759632246,0.6511762369508309,0.2494137861097475,0.15548360619142687,0.9605539296251407,0.9808347325479616,0.9896158981084504,0.5516257134824626,0.9767882600731571,0.08430028991078546,0.989356712632264,0.980383013025647,0.6030387870205772,0.9479695606111532,0.9563352574073969,0.7538109604318434,0.8315060747662386
0.024892770118302068,0.028143332779307077,0.11350315470447074,0.10016491788717045,0.062469188717839685,0.03942435986641409,0.04818113893927249,0.041656482802540085,0.03603443522812813,0.9965391521241159,0.9927886893570566,0.9868745898100162,0.08881193392840359,0.03152722417027431,0.02417861299151974,0.07726272999631344,0.06663901970760273,0.05522551694609208,0.03636327700495623,0.03450759759630268,0.07174535339241687,0.109223764161728,0.9734149610689594,0.1062300938435104,0.9642884212218614,0.8012062529963551,0.9205904991985923,0.042754089821435526,0.14660828941479598,0.06926768069837809,0.030304316667616127,0.08938845575067654,0.10363833251431497,0.09246310737506357,0.06325372367045197,0.06503986356781405,0.046245855597969794,0.06612222333049432,0.04809294336303669,0.11656356659374129,0.09978189125560097,0.03381029325145749,0.03602364810084611,0.043542603507661204,0.02880291835096683,0.03323642889110515,0.09114955155495479,0.08213260564469024,0.08228041717730862,0.08056276474906172,0.08115531061885728,0.07956223442682722,0.08461056654165978,0.07431950592899486,0.06511506477875664,0.07578308510083923,0.08261826207891929,0.08291721463262397,0.0874285476884388,0.06592414977155281,0.0797252072963779,0.07295100473885201,0.030377481117807036,0.021585327011181137,1.0,0.9941016947691144,0.9903181956775117,0.937244929738445,0.9662545437081543,0.9298519738666539,0.02786920714772559,0.025939134975514592,0.092890189562267,0.10401324002974995,0.05307680436484256,0.08667318762519612,0.08458967314789216,0.9682082253709887,0.9169829443687314,0.9664100000058227,0.09728855625606123,0.10951582900060644,0.11903047739386735,0.10413357832441786,0.9622951577336459,0.7708265868272169,0.10056333966273438,0.0402895450475764,0.027915879660039486,0.12745586279324364,0.03236797454645403,0.029229216070132853,0.05438485591832805,0.02302440455913856,0.09122014614471131,0.9670591072293908,0.9067087503670915,0.10215365088510296,0.09629911571494393,0.06092223022528504,0.0807222365979837,0.9716104203021293,0.8755158804846054,0.0698362971299096,0.06922118873348888,0.1093444388010813,0.11405796074754967,0.057404012422882504,0.030486174168711085,0.13467084719184055,0.09956111390735216,0.10030870655888867,0.09113568391846115,0.06008594142185252,0.1367695082868402,0.9693435345048735,0.03398555842521243,0.025717350176649067,0.045859799030371226,0.8770354039765416,0.9520421796692828,0.05353426610953369,0.034418971952007195,0.036191485329721426,0.029979142897122023,0.026243918222359858,0.8937672630014776,0.9699919811040519,0.06649346253678766,0.21936376556033718,0.18415599017715148,0.9909585194380318,0.9939959016514336,0.9930442235755436,0.9495911319324543,0.05224578689047825,0.06292024556979575,0.05449210910916486,0.9507021666636412,0.05346059944924267,0.057050148295882036,0.0570853777367399,0.02549115085614575,0.03666189952021699,0.025070375471223018,0.07469053973853784,0.022994226315031896,0.4828488451720768,0.030051126701984118,0.027746351578624352,0.05070130551697459,0.01953224390899225,0.023134712839094507,0.06674798826036289,0.046204856900058586
0.03000030218358571,0.032646051419357475,0.11392211635937677,0.10049550951244762,0.059634435802203456,0.04419945750426444,0.05194834012828203,0.046012066630365424,0.04086356698339444,0.9962863063173956,0.9965332183494261,0.9877728545114797,0.09351615949675587,0.037611255923065655,0.029118909943880042,0.07826805380002949,0.0693985742524985,0.056382501365161514,0.04099868013994907,0.039667717293070844,0.06939101271423515,0.11348512299489759,0.9865637585202349,0.11131359731552404,0.9792464981373651,0.8327844175503488,0.9344400025049928,0.04255567824212011,0.14901632964151584,0.0700189743541572,0.03580747094508693,0.09015950199935428,0.10438321109566634,0.09202940673873995,0.05996762001448349,0.06496413510192746,0.050348154703467166,0.06619280628861358,0.04863693039547081,0.11770115796283694,0.10095299302364025,0.038788325673238554,0.04135740602342246,0.04747576891780844,0.0347709705191489,0.0393976063381433,0.09018200602392623,0.08001113634748032,0.08014581708173117,0.07863923405473819,0.07922344150459225,0.07725676589232597,0.0832725256329441,0.07167360306619791,0.06208794127519416,0.0728810206602073,0.08099567922937385,0.08088580157747331,0.08509565225922189,0.06732425154793024,0.0790967369265151,0.06954484979120273,0.03610298692336187,0.026565395500367843,0.9941016947691144,0.9999999999999999,0.9865370060172692,0.9478337906909021,0.9555172141350368,0.9146683407342652,0.03288183838560429,0.030793154233075173,0.09472640006252697,0.10444574146929757,0.05108473600743083,0.0868203827440392,0.08758926667688671,0.9827608287644308,0.9399160545815501,0.9636136336749485,0.09867985362220119,0.11104299154738374,0.11906259861105872,0.10442695758923634,0.9781471791673665,0.8057263895088929,0.11128737642477855,0.042389788749710625,0.03470274341668961,0.1350708421014472,0.03850414936745496,0.035039050477000316,0.059063909220473394,0.026804581202783985,0.09156013372817647,0.9812319904632825,0.9286547571212095,0.102923887170319,0.09606219917615239,0.05826619252518253,0.08363196569379663,0.9839585005549815,0.9019098895994627,0.07071321182130669,0.0705827092183461,0.11885623934998013,0.12282220407401093,0.06429792094525252,0.038127021935417595,0.14313394276776314,0.10820250037084714,0.10917636631539111,0.09922781725454212,0.06784002050340505,0.14431215391947438,0.9793081054359283,0.040017555811940664,0.031771902242131424,0.055194674095518724,0.9061161456837286,0.9513955387389617,0.06443241306913756,0.04103333433734957,0.0385345697123976,0.0351495845123906,0.03143799441616965,0.9181217161652849,0.9672240020879482,0.06937531933583832,0.21932184683864042,0.18411086018246262,0.9890349513917168,0.9980787257008548,0.9930864871955467,0.948519810366572,0.05309458394531674,0.06511535601214197,0.05657255408338433,0.9584422994794425,0.06332526933569213,0.06348093938974553,0.058810365119422205,0.029781014824514535,0.04269419557371207,0.029703448586115472,0.07242224314802875,0.028070128956282393,0.5153917613728864,0.03525365544159023,0.032269386333587224,0.06252652958742211,0.02448188967325917,0.026773501135679365,0.06836738861893453,0.048697880067313126
0.01631341561642249,0.02004724705398613,0.09889949759661605,0.0875531422704006,0.04950664523211549,0.03149743398761694,0.04134399551522241,0.034622106521842146,0.02870681751241981,0.988543266921233,0.989185251797601,0.9892765750220935,0.07868346137991575,0.023286103191247163,0.016032053693715225,0.06421985472291662,0.054230510021663375,0.04420427838788766,0.02663634225405898,0.02551218886392819,0.06398304820317992,0.09761809007172782,0.9654532652686516,0.09462885020166999,0.9583920005620319,0.786185483364178,0.9103801966125837,0.03160847145199965,0.12872118979616978,0.05622326013422357,0.021838309141973898,0.07760645000024353,0.08989446113850866,0.08010482482284095,0.05276618142259654,0.05270633226854664,0.03668322569694133,0.05333175702213616,0.03600355305686234,0.09983269750994545,0.08470455977598222,0.02555370498704887,0.028241128545705155,0.036795414822189086,0.02063402445737958,0.024823399760379505,0.07921040896383164,0.07112297199182087,0.07180322571018934,0.06971244147647895,0.07034086243601098,0.06826280959990277,0.07330964090023688,0.06439397366361531,0.0553237067858712,0.06606295238168405,0.0715169404084242,0.07248286865350301,0.077125541409121,0.052172541032429624,0.06986841467779811,0.06362896467792169,0.021945080613231135,0.01386865599194309,0.9903181956775117,0.9865370060172692,1.0,0.937993758527654,0.9486894478545066,0.910610420751961,0.01918625218458997,0.01765981444185912,0.08161266134869272,0.0904226771715955,0.04337801061713082,0.0748486217417165,0.0767457174335478,0.9613416706180453,0.9073404191992929,0.9726188839738112,0.08287565545152697,0.09282825019956767,0.10281853661630805,0.08949924638942951,0.956432984747318,0.7574555818263458,0.08845945809373398,0.03467518083767371,0.017381423109561128,0.11228169085944914,0.02394056141831118,0.021581769546692123,0.044591057635648246,0.015332220798310932,0.08422806556677316,0.9602662875328187,0.8954755016588016,0.08856433231746273,0.08313197661978343,0.049849475682907006,0.07240151395691581,0.9672498681459772,0.8625533914888215,0.05636066016687133,0.05576982880665036,0.09619858761104653,0.10033342830643086,0.04822931254696827,0.022018469243636738,0.12137220093408435,0.08712553578490093,0.08709536694230767,0.0790623836408903,0.049804122231187235,0.12177233850966562,0.9673694974208953,0.025306584593886756,0.01735619876773387,0.03839953935379234,0.8629885521835919,0.9589863580181068,0.04586186977597573,0.028794417139938355,0.02885102683388669,0.021120229151299224,0.01804361069666788,0.8802052645759016,0.9759370992330219,0.06553396243818832,0.1962040992323189,0.167870523862013,0.9951785571105966,0.9871162643719831,0.9931592559226822,0.9647760160981299,0.04212157843683064,0.050473847599896135,0.04315260920049972,0.9515258092266289,0.046311848746466475,0.049545211369674484,0.04723433902188406,0.018504201785626714,0.027601765329399768,0.016842453504929973,0.061388587721209524,0.014232347490930873,0.4608194989038966,0.02154418567321443,0.01990821605538668,0.04441716595588794,0.011731365116543867,0.015779602688830704,0.05408363430518038,0.03489615160275952
0.023171905157684244,0.025462133965225776,0.09526417432635595,0.08382085402066658,0.04400896446808188,0.03460028498530528,0.04008376834364464,0.036889910146051766,0.031247327746255087,0.940685600599594,0.952691369686811,0.9577230410451553,0.07784971256866215,0.03348110643160768,0.025062849680632313,0.060148166992613813,0.05388665002245757,0.03518206800620629,0.031989303348066475,0.033235256925867006,0.06386963637395796,0.09711267541808236,0.942936670824644,0.09295183886848724,0.9447200952570897,0.8031445428014719,0.9442415045860587,0.012328992320387186,0.12320569927472691,0.04631155433780827,0.028605950782070157,0.07401282663822106,0.08747391321057349,0.08176707761955236,0.04596196587636925,0.0415877047071268,0.04410517597825381,0.04424942975148405,0.027230996011423605,0.0927534323311438,0.07885871510345792,0.030687972776215985,0.034154105238494034,0.03563318209156104,0.031492660040585145,0.03185814953548402,0.07504170413606433,0.06833734941060607,0.07008201193654208,0.06533705866389085,0.0677150422846369,0.06457478981105297,0.06935622197560384,0.05967343202824258,0.05171332211149221,0.061393107254824206,0.06728503380195869,0.06682239289502324,0.07321457280023624,0.046442972584143136,0.06850479997903103,0.058611816120731186,0.02977466415800136,0.020864227954325982,0.9372449297384451,0.947833790690902,0.9379937585276539,1.0,0.8705704258855109,0.8164855159081422,0.02632411721472826,0.02471653480514487,0.08040516074080857,0.08760284868651244,0.03721194503846471,0.07225006406919211,0.07399601016460527,0.9454871314075145,0.9264958857879891,0.8938321706117965,0.07499400915952278,0.08772832759406951,0.09038412376132895,0.08596554269190547,0.9469756308229821,0.7810426713187248,0.09656934835988748,0.04081274924942572,0.01784891647539282,0.11859479381022237,0.03247683394289798,0.030873764320532612,0.046555228797182775,0.017096443731118356,0.07736980645369582,0.942301065324762,0.9211376084245376,0.0845011697084769,0.08413360331117452,0.04116677903104306,0.0715168529460529,0.9466440879703846,0.8955724922880074,0.051509827090831115,0.0516725884923007,0.1008097459519212,0.10180154869000158,0.04541084535761627,0.023478080052192787,0.12060208118614348,0.08777783033494649,0.09115370450027363,0.08119960395888262,0.052317286664317085,0.12114300251061948,0.9481455397361529,0.03515035195375818,0.027762241611802695,0.05769844644666981,0.8866126749086011,0.8958282127862901,0.06588777743063134,0.04020454000629908,0.034990133198398346,0.028568302419116964,0.026220092033259552,0.9046212777574111,0.9116138007255511,0.05351937899079318,0.17159518594166248,0.1433841775189437,0.9458693071309077,0.9486676250046862,0.9553197807116197,0.9435337358961202,0.0338277636527706,0.04794213751514543,0.042620595486711106,0.9740715909308384,0.06533359092777782,0.061547496044918014,0.027582869180125626,0.02286787506648104,0.03595754319222567,0.023034980032857845,0.05004233278152775,0.02259779714019026,0.48095206727464457,0.028133049672275187,0.024067341833489644,0.06732922888742396,0.022950783964995992,0.017519074928434276,0.04963694156399645,0.030088914266425952
0.0477339349800778,0.049423074936214804,0.1552285027649564,0.13899709033675584,0.10073231720975542,0.0639980614706017,0.07268444477600783,0.06592427013526443,0.06252066866463171,0.9682166616819933,0.9452355680938404,0.9379193814530195,0.1105398449128786,0.052550004613801715,0.044574379939946354,0.11515531770394488,0.10276963626106476,0.0889676501751217,0.06263331115649862,0.05832737382384361,0.09611902779366649,0.13639268903524146,0.919285445283949,0.13022860425961463,0.9009058430426329,0.7175225368465666,0.8532321708144266,0.06400178689498388,0.18781764910457913,0.1027717969437989,0.053526742511309344,0.12712132669432621,0.14219053832312883,0.12577108368108147,0.10113234435075143,0.10371067350658841,0.07325928730318583,0.10588693925766783,0.08331328466714986,0.16285972925067302,0.1394895866811311,0.057192186453747476,0.06015432088291157,0.07016844433607959,0.049193659146099765,0.053033324348077795,0.13172920842344354,0.12111315003556394,0.12047734923961392,0.11900973466558837,0.11974509965771406,0.11869563348293337,0.12348909018303626,0.10846741299939201,0.0943504114224963,0.11209819199416034,0.11935617935227293,0.12012559589541329,0.12292446665249503,0.1040933480637081,0.11845132866298262,0.10419665070007376,0.05347824893626444,0.04378828450292314,0.9662545437081542,0.9555172141350369,0.9486894478545066,0.8705704258855109,0.9999999999999999,0.9747470863436098,0.05054114098132453,0.04605906741900377,0.12680580898059587,0.14357207061612998,0.08847113131620728,0.12422039398142731,0.10739158046289961,0.9077448238705771,0.8419792905244592,0.9215318695437796,0.13731908592760442,0.15247706338052247,0.16134916104206742,0.14801251404281993,0.8961653194717597,0.6880680990546431,0.12676364824046787,0.04882388692059868,0.04537062807732319,0.15283561266232626,0.055274720876671624,0.04975725686686499,0.08255249127019304,0.0466933274637799,0.12067189550759673,0.9059251470247056,0.8279374048645094,0.14355703899251693,0.13290145196239397,0.09718480059194616,0.10238228373045442,0.909807270025523,0.7941353485876289,0.10986640965424901,0.10805313830641688,0.13577776006697342,0.1422861175762563,0.08358383162415123,0.05170920050510598,0.1610570657902259,0.12593491229284354,0.1275477651703785,0.11831170150995404,0.08465017982000841,0.16521888170605878,0.9082846979310589,0.05570545505964948,0.04486435924430618,0.056284142250242836,0.7967291431794802,0.8972147687370426,0.07603448474846505,0.0584712951751512,0.04512410053165,0.05263503967866189,0.04747544196307138,0.8159180682853486,0.9226864880094076,0.0662545539121552,0.28115767998446844,0.24353045009184088,0.946344112431442,0.953957617439309,0.9462747721513871,0.8944666331123277,0.08268275278275145,0.09911052242756217,0.08496006676225665,0.8910469207295793,0.07640106798452341,0.07971886526490776,0.07819659521603052,0.044671047564758044,0.06126582954168136,0.047236458151029656,0.11557439256930957,0.04403336742731632,0.4507966655987417,0.05328171523905371,0.050982744797799115,0.06768790197014472,0.036813355908212456,0.04666878642401618,0.1039456832368845,0.07610109852094739
0.04645963518373941,0.04770650256153382,0.1390719453041014,0.1252696772971599,0.08909128324227063,0.05946937951550937,0.0693819693597427,0.06456721057950839,0.058734693303964476,0.9324048240520013,0.9002242422995616,0.8934359014166335,0.10057153240585125,0.04846244877290236,0.04235880926415768,0.10711415761581884,0.09452799334817776,0.08268016629684377,0.059026083659273365,0.05415880292436807,0.07853934291661066,0.12107401323474691,0.8704735397523702,0.1177817076595473,0.8476839986841447,0.6612101531541614,0.7970651120343042,0.0675171572803235,0.17285077667283646,0.09624766988954124,0.050369706616738896,0.11454269302156618,0.1279424979866365,0.11146295758801539,0.087397065993958,0.09349515622521318,0.06719520185813245,0.0981854451117086,0.07751532080415105,0.1497284813531811,0.12773513761682856,0.05283743239831392,0.05533939118858045,0.06170188389733775,0.0451454555716307,0.047456932669095925,0.11448374027204382,0.10477262792839304,0.10349714745452071,0.10282422057015327,0.10306332290183678,0.10247083459886606,0.10680438565891805,0.09213767590742135,0.08014704173631232,0.09743684035406883,0.10332505371595882,0.10427575146952446,0.10650667375926959,0.09658155458126448,0.10141715779687333,0.09103260284253151,0.049952148771406114,0.042030313217001763,0.9298519738666539,0.9146683407342653,0.910610420751961,0.8164855159081422,0.97474708634361,1.0,0.04796879010504404,0.04419136002722516,0.1140821842891157,0.12856569690697323,0.07581381598235043,0.11426104815412881,0.09461292840531003,0.8557209629778552,0.7824943806199351,0.8887683335246508,0.12591270765447943,0.1402267758608785,0.14895746500275783,0.13473682503194662,0.840508197484152,0.6289227226623585,0.10992599581104318,0.043394793337983635,0.03618353550037292,0.13161839655106639,0.05115211525616842,0.046378593607658856,0.07588740434157505,0.044772569521731635,0.10499326262641702,0.8538989145318142,0.7681701615510794,0.12911141210327093,0.1207584928404738,0.08456565124429943,0.09231403579141988,0.8582627745167102,0.7350495105957732,0.10116870816149316,0.09924812758345661,0.12165456013384315,0.1277784672023356,0.07712032427891881,0.04333728708692661,0.14714776678914576,0.11250394639510324,0.11360877492288166,0.10648873188365482,0.07624249530500284,0.15206086593144222,0.8555480468197497,0.05079708391557695,0.04177616780371229,0.04558959919679487,0.7370402894232216,0.8525674328765173,0.06258745412716327,0.049790752404300316,0.040458748663846765,0.04954545381474757,0.046118579013693234,0.7567200028176886,0.8811332440630171,0.060998201111301,0.2625775181714159,0.22782737306151765,0.9058013550546236,0.9119171600360467,0.9048896443632328,0.8410276979997843,0.07717497493586861,0.09206464357223838,0.0791895643030942,0.8335995813856873,0.06389121252779208,0.0659891604663094,0.07961394880461872,0.043077701532005026,0.056372277360611435,0.044718402686985785,0.10646051260265686,0.04229198957209882,0.4047612749485592,0.05039349624218236,0.05019609644933703,0.05452358579175615,0.03710397093316717,0.04499505205985416,0.09563723070861935,0.07088300904093715
0.9946487970339349,0.988175397035966,0.19016003666960815,0.1646911612857649,0.1950354774953911,0.9104319420867535,0.7770225845743004,0.8081949490544548,0.8739901699476316,0.02976952260330836,0.022966841697351026,0.023660361807894083,0.06934694819395067,0.9907074392094236,0.9891896837716075,0.8250080324371531,0.9078177368594449,0.8087019085805871,0.9929022589097729,0.9975761281707842,0.12332392960144574,0.07296700096277474,0.03024587690067377,0.07343032475959256,0.02151286334455141,-0.00017656941680280257,0.019384891719090535,0.14956782334041993,0.7396822157287822,0.7671189625970212,0.9976001401988723,0.13926550976951568,0.15839821041899874,0.14957158417023395,0.19084869253686884,0.6614647850215651,0.934792588646139,0.7406743661451348,0.7560642904645587,0.7505484129066684,0.7550556864561752,0.9189231594611629,0.8590977787980032,0.7543444482442212,0.9878440061170155,0.9400427136818389,0.354559013611911,0.29535255516332515,0.26194162334236587,0.2863996747383051,0.2850992049885599,0.28406458502834414,0.31526471316202204,0.25252549413471337,0.1568098192333076,0.2601888991233916,0.30039750208894467,0.30295900326979835,0.28074135139486245,0.8243612326704509,0.3556033110497089,0.17635086582153914,0.9979896420088097,0.9901777168783329,0.027869207147725592,0.03288183838560429,0.01918625218458997,0.026324117214728264,0.05054114098132453,0.04796879010504404,1.0,0.9923948219033576,0.10965366237945372,0.17432997410509796,0.19437985141134415,0.13241624257285767,0.05887521248271897,0.02634135812690678,0.017811871529367657,0.01976250807411636,0.7880874952212343,0.7758058373069252,0.6891578228173556,0.4711426344021951,0.02147336849927695,0.009897401846209243,0.5339777221520168,0.17248207737949903,0.20131922363152657,0.4568052044513542,0.9955704341246836,0.9906909298632376,0.900712790193167,0.8923474194138977,0.36362352178651297,0.020446545189266245,0.018312556782506262,0.17392598155940117,0.15172810024252134,0.19259021029269868,0.057554783482874426,0.01841898010681739,0.010282856694033254,0.7786517465451542,0.8182318766897725,0.3528619631714625,0.30229624777361025,0.1963491416216121,0.17513335305275282,0.28589564637197257,0.28912719469997467,0.30153859307333397,0.2607263686479752,0.24255282164251868,0.30929241722991224,0.017225319959235933,0.9901341792417435,0.9801264158980136,0.7652574086269781,0.009132334562667896,0.005781104863130952,0.6242166802795373,0.3219588392181412,0.11847879079771739,0.949280902250883,0.9881728640731064,0.011189923489475052,0.015232994411750482,0.11934673729353602,0.09205499754417991,0.05620380316073699,0.021261857648955756,0.028844799908623313,0.024764332596318297,0.011362438048935625,0.8111416846810808,0.8861076658537418,0.8374918533380217,0.023375898493607165,0.6861397835408237,0.2842097683389301,0.163610355873358,0.9528551908015567,0.9950526241388862,0.9965126121706749,0.5842810238223755,0.9753356009249203,0.09301538015677539,0.9985908123486884,0.9846693251417005,0.6315049416606093,0.9470738328096882,0.9593252437377778,0.7827659578501047,0.8607336222731967
0.9933575678905501,0.9906378734690002,0.17726235682588712,0.15346069009539295,0.1813534638063805,0.8865614993494928,0.7475811816090222,0.7751124886036922,0.8445132559298366,0.027391629991419465,0.02146470563216907,0.021749175668622837,0.0644509794343103,0.9830203868858316,0.9858464780622492,0.8132124331951611,0.8972119074121999,0.7964503400930757,0.9852523568014933,0.9897906007506204,0.11127030365875766,0.06737130099695855,0.028919631842580364,0.0680555217201194,0.020866221061791698,0.001364879337912188,0.01889347837140505,0.14924363719049863,0.7229630695247382,0.7540118939956225,0.9904755041312875,0.12860349484753375,0.14737652902942835,0.14084283152101879,0.17867530620149455,0.6469093791207882,0.9323155698145766,0.7260005300473674,0.7423763619823621,0.7348327780255802,0.7409157963531089,0.89630541176117,0.8325392039210436,0.7211587268044134,0.982344545931413,0.9300200140600047,0.33297586174703914,0.27495743495886815,0.24399843468460314,0.26735599985552655,0.2655304639840424,0.2652700737293811,0.2945991828726554,0.23378642611255424,0.14269873361331561,0.24142619245423177,0.28014673673534457,0.2825941419460819,0.2606495284024242,0.8115639850911823,0.33440947369265617,0.15944179347049997,0.9900097171883733,0.9887537603069556,0.025939134975514592,0.030793154233075173,0.01765981444185912,0.024716534805144866,0.04605906741900378,0.04419136002722516,0.9923948219033577,1.0,0.10176077698214621,0.16237562684939905,0.18089725755284558,0.1232136430569789,0.0525735132196441,0.025314646326753166,0.01792284064135177,0.019965678766416018,0.7734945306912792,0.7610192240763359,0.6733667552859018,0.45783181417605706,0.02089787950466236,0.011679202055743985,0.5128963745926437,0.16009978401134048,0.18531638381150645,0.4404977294552507,0.9873444022980841,0.9855282624526809,0.8802305628749663,0.8652235990682675,0.33840530143718717,0.019244984767271593,0.01905631326621979,0.16234432707418997,0.14082342118026703,0.17900512153811254,0.051947863515954186,0.018182610133314243,0.011515410516574703,0.7638339551516315,0.8058081200559438,0.333410794723167,0.2820581615607748,0.17920763808834053,0.15788456786222835,0.267054564993277,0.26954182055700476,0.281177215816639,0.24263669652700573,0.22491535272921057,0.2906290133109437,0.017100591550194163,0.9830165663169345,0.9765644677840899,0.7485650509462394,0.010458093254147708,0.006344911599295025,0.6029231501824901,0.30054512397936284,0.10572903863607327,0.9441604086698293,0.9829990987942698,0.012964098374523081,0.01416541393785706,0.11738229777126055,0.08229251545466353,0.046773039093861116,0.019615205619959837,0.027103557784907573,0.0229464007549351,0.009573199297991697,0.7996073468678944,0.8750423289732261,0.8293829453225886,0.021425660160545763,0.6647297344880517,0.2603215283265305,0.16065521745570926,0.9511526591202126,0.9862327707899213,0.9909848168123431,0.5697059214851076,0.9808693085599799,0.08628556657036969,0.9921339046194125,0.9779193867462905,0.6156785079301477,0.9580976359392096,0.9453013557181661,0.7668117436896525,0.8521633532681937
0.1090856667580016,0.10376603493878805,0.9316752547686745,0.9566574815015768,0.7632410096962065,0.139052951526096,0.15373535859603563,0.14649472478641967,0.13970963894946273,0.09617448126556226,0.08764465754591572,0.07975015153139259,0.8598373667241213,0.10828412986724911,0.1056566523653933,0.16311908429085392,0.16591187374533634,0.11787991877813506,0.11958311083583519,0.11651456625886893,0.46348798686240517,0.8812124058926897,0.0948560879282313,0.8478879238033326,0.09009931253822182,0.0840802227590494,0.06890022471507712,0.02169188999396815,0.17225679580980235,0.12132604986561482,0.11110184726493888,0.9753810046773231,0.9657331249823572,0.8797376898340277,0.8089732604892096,0.15914245134350044,0.12477556213633662,0.17787021305943207,0.1163157358436232,0.2538400098207643,0.14760524412583145,0.13404796562151378,0.14840424335082636,0.18325206400367744,0.10612403894322904,0.10016252301199269,0.6021948986324578,0.5729874022241604,0.6040309897816489,0.6045237682726322,0.6000412827148399,0.5896167989612119,0.5872582088221548,0.6028140256150886,0.5521668359357529,0.5917358149793184,0.5643426784243174,0.5414624163078373,0.5661744403597623,0.15317279542896037,0.4954940989841828,0.5452217514949153,0.11241523153426358,0.10215380320568324,0.09289018956226698,0.09472640006252696,0.08161266134869272,0.08040516074080857,0.12680580898059587,0.11408218428911572,0.10965366237945369,0.10176077698214621,0.9999999999999999,0.9557147067716627,0.7721850218098745,0.942890552448082,0.9042752804366743,0.08993955659323546,0.08461875306822733,0.07415414592995596,0.14430906630679718,0.19733756351870976,0.159659158019556,0.23866586413048152,0.08536837476764701,0.0867544733338152,0.155095766477332,0.0668573724337207,0.1163447117707578,0.15803770001032516,0.11554377268549558,0.10096314088296886,0.18168172812146455,0.11604620414137486,0.409856859961002,0.08626452902643578,0.08307403228138871,0.9544414419339755,0.9062754587599711,0.7766107559510594,0.8731059333723066,0.08117142204065987,0.07685997824230448,0.1795232405994544,0.17385460397786245,0.1333540084117312,0.1315231383048983,0.10434750191654114,0.11457442543704457,0.11959920247419878,0.12699456176211898,0.12949801186134252,0.11173334298571234,0.10905609700564636,0.12859469997276912,0.08641237835304176,0.11360227747528062,0.0990378401338267,0.11252620868577254,0.08428555815989529,0.07213080117360533,0.10798121182382055,0.07730607812395542,0.08362092755529442,0.10563823494460196,0.10625961934561974,0.08488690910958542,0.07745417780903358,0.07792284449306562,0.3183559364208323,0.20591390285613118,0.07937818918007544,0.09415489501519321,0.08439060630326237,0.07095918317471644,0.1000829337798583,0.15723086227045271,0.11286351290595525,0.07552092758278177,0.11273530515883459,0.07674529624831818,0.02769476284040408,0.09376760191723275,0.11690434972805742,0.10745660758464465,0.18602644637420623,0.10218874806313515,0.11981515343546909,0.11184949278076955,0.10466891662371158,0.09546624170512773,0.08392842091619927,0.1123966596913781,0.19333944593429617,0.11057774165645885
0.17200413486194915,0.17002749860805103,0.9931683504827795,0.9962586794271319,0.8858571477369047,0.22860885317337737,0.24901645123336086,0.2344070907804829,0.228030969108818,0.10762633761400471,0.09632826651596997,0.08890070989889143,0.808744262811273,0.166791096984971,0.16212780882942068,0.2632399338753635,0.2604993399834304,0.2073431768354568,0.19146419457472968,0.18344394860545676,0.6016202207470847,0.8308880564136618,0.10320757840602138,0.7962599789995888,0.0967710062659958,0.08637122709246786,0.07145072018924137,0.027718264989724815,0.26330143565266273,0.21280993596782327,0.17349227111670745,0.9858987302149311,0.9954848537444106,0.8964689299708825,0.9081800479875312,0.2638932641637311,0.19442180244726273,0.28816283970749945,0.20841365132190365,0.36337852905638424,0.24263391546281976,0.21987357275261363,0.23787482386826092,0.29224928532082467,0.16209432278616123,0.15293214902721833,0.7820859591666862,0.758883835957857,0.7840992720214173,0.7860825221211619,0.7826375547584382,0.7707013205688358,0.7716052376048633,0.7826258281936044,0.7115750304646314,0.7724835399247156,0.7491354843620167,0.7302804174863236,0.752038647252965,0.25142262218944167,0.6857970076076494,0.7090005644012867,0.1750127250819313,0.16565698439777446,0.10401324002974995,0.10444574146929757,0.0904226771715955,0.08760284868651244,0.14357207061612995,0.12856569690697323,0.17432997410509796,0.16237562684939905,0.9557147067716627,1.0,0.885107053190473,0.9309823918761699,0.8463865490851065,0.09736186091777145,0.08995793688076999,0.08079592153072498,0.23699467371166036,0.3018986012864023,0.2537661054406377,0.3531958655862002,0.09202961993479279,0.08509205551243854,0.17664440282967517,0.06490940777456791,0.12176971453136076,0.18444281185073938,0.1767393836491771,0.15926416869617743,0.2960715396398563,0.1911397697090399,0.591686218397807,0.0930388803426977,0.08890659466979724,0.996769045643302,0.9262466208701571,0.9033500132405855,0.8308000577730622,0.08798894000746275,0.07965762778887404,0.2868396541019272,0.2789648185360507,0.1496388324244143,0.1471961708962717,0.11203725677713257,0.1207186495746217,0.13545379706669053,0.14049095343971577,0.14344985633209556,0.12398020389289441,0.11727190335429719,0.14424158778351823,0.09210408246474391,0.17292559668779106,0.1528593376119961,0.1343743962623407,0.08788058357908846,0.07664798582571476,0.1340963982932211,0.09029403610418743,0.08352632935385308,0.16304345238074253,0.16276966908799717,0.08827008368007365,0.08515518384685286,0.07117557155763533,0.32665450003609525,0.21536506523596577,0.08760510752764096,0.10424678624575284,0.09356268959023958,0.08185389131285756,0.18811608764513862,0.25376700984774375,0.19850412075077878,0.08222679679950683,0.13802201291867294,0.08864589705187363,0.03463790044370169,0.15797148441358355,0.18171924184207539,0.16891108333947583,0.2997316086858526,0.16418473594415878,0.13560842309178273,0.1771928816253777,0.16998216091423748,0.11831765627374231,0.1281567554306905,0.18604688841303094,0.3091456021520056,0.20156157972598288
0.19131933168207668,0.19558870407762013,0.8914595056379254,0.8873327800378313,0.9643230872200874,0.27000726350616705,0.2881821419850793,0.27339450588270736,0.26542757444161397,0.056352972876870494,0.045516660762596126,0.03882323701450214,0.5919277280484082,0.18145177362470247,0.17654642642570267,0.29852406771888934,0.2915560544351016,0.24638102662635641,0.21401767423234094,0.20301123810776833,0.608880442553013,0.6112871305020103,0.04748790944709771,0.5834504988048321,0.0414945048427659,0.026881688266847736,0.021168889206525234,0.018776791567296766,0.28216583650565874,0.2501058669903277,0.19043566613968352,0.8567812039223374,0.8759360368383853,0.7852967490221838,0.9716517145223258,0.31116063479928946,0.21044554176406183,0.33348728023502094,0.2445727328516869,0.3881804266794028,0.2708069349501123,0.25742315618230427,0.275322316702981,0.3415437859461862,0.17437985835088296,0.15930509885088748,0.8416402198341238,0.8410925189871147,0.8541645124209546,0.8606974246825526,0.8481602944605202,0.8265901249163384,0.8404752658011597,0.8615788975131325,0.734272206763924,0.8503007379017548,0.8157513332463235,0.7986180333687003,0.8321756363108855,0.28658342314621876,0.7834543807995532,0.7395209978285645,0.19233935970931962,0.18825160405940883,0.05307680436484256,0.05108473600743083,0.04337801061713082,0.0372119450384647,0.08847113131620729,0.07581381598235043,0.19437985141134415,0.18089725755284558,0.7721850218098745,0.885107053190473,1.0,0.7843272875148707,0.6572629243850631,0.04226262065324318,0.03299046893579213,0.031162646649276562,0.2645019017615892,0.3320320838371826,0.2815562336716838,0.39825781518378556,0.037746966897770774,0.024330770301287892,0.13201722011649558,0.026581671949294634,0.0747933996456815,0.14329159230773178,0.19118846161554223,0.1763121575832496,0.3456102967560003,0.22821192110224597,0.6632960222517688,0.03872058038939366,0.034140704710508445,0.8852827061362815,0.8107696913319818,0.9696377404402743,0.633464165976826,0.033806621002864294,0.02329693887056744,0.3265903770099007,0.31734664270541424,0.10305460609534521,0.09902622715220753,0.06958570617947538,0.07873659218594913,0.09559200805121573,0.09313345614830922,0.09437982622892532,0.07975349699826834,0.0735370453122728,0.10245362532402423,0.03565250253702722,0.18669168948870785,0.16664096504723666,0.11958457026241649,0.029433236736898332,0.02472303765837196,0.1150727307530897,0.06659821588796969,0.04960401466723042,0.1739142645236028,0.17676693819153574,0.03082780040515361,0.036489591729683586,0.03352614728403804,0.21410141733639607,0.12774497443549965,0.039516331194777356,0.05144678854514619,0.04361651614162969,0.03854739437352171,0.2286924395862157,0.28901975336380725,0.22737765236902338,0.03434463622210366,0.1168952141834146,0.060713403999612614,0.024924751807555615,0.18274797664564824,0.1985968025734716,0.18715898659731853,0.34790618472082596,0.1843936857434145,0.08323787920386103,0.19774069760482377,0.19359360090983185,0.10738142340840588,0.14028695370087543,0.21710566206897544,0.358449039719005,0.2401945426400153
0.13299895105965787,0.12707300968212085,0.9071526138593486,0.9330752207810338,0.780528607215361,0.16298589760931054,0.1734398862141045,0.1644819965040922,0.16100068418327196,0.08952454744249537,0.0789219923824207,0.07124254728812694,0.7327278880365397,0.12843056956259352,0.12543761444067772,0.20357635678511815,0.20074552280592795,0.15241240997727912,0.14595813014016584,0.14066132032840611,0.431019749550858,0.755108373324717,0.08203840736719932,0.7140601706337141,0.07491842916815623,0.06192397239815878,0.05669099928829172,0.03222748609534253,0.2077587597606989,0.15991694366424453,0.13369751540225244,0.945001437654944,0.9400654384195303,0.9433393860697846,0.8156156604331946,0.19737764884484482,0.15292600721582872,0.21679324102530023,0.1518111027947478,0.2957811210226857,0.18865452026955637,0.15766200953446632,0.16861211178784066,0.19847378988244907,0.1257317061490483,0.1163012191719462,0.6144536741526919,0.5879949276635876,0.6082357703192945,0.6126178798880137,0.6073578925239171,0.5929695589448611,0.5980757237887523,0.6108595339775013,0.5326814113774309,0.5955855300390575,0.5688763742462019,0.5496243794957301,0.5726606025990726,0.19017245395964788,0.5221197754744342,0.5236090932550661,0.13496868379758079,0.12227740932882475,0.0866731876251961,0.0868203827440392,0.0748486217417165,0.07225006406919213,0.12422039398142731,0.1142610481541288,0.13241624257285767,0.12321364305697889,0.942890552448082,0.93098239187617,0.7843272875148707,0.9999999999999999,0.7900717333392516,0.0761508174823767,0.06775730220718111,0.06746595781752683,0.18283854054337317,0.23581646894827824,0.20080618200567102,0.279803228387535,0.07221380945170584,0.06074418551481511,0.14460102831028013,0.05927535257588163,0.08011259824518413,0.14436247329362847,0.13745327857506814,0.12173161170734581,0.20726364206569417,0.1362804200358351,0.4148392024626863,0.0729472097631574,0.06544494427088521,0.9290969148042012,0.9733894387634943,0.7802544962649158,0.7581424403648568,0.067857044281615,0.05659238924619975,0.21951710804417804,0.21231696688535504,0.11812857374693608,0.11319291308030274,0.08477828877844489,0.08610946451728077,0.11073889133463957,0.10834138319128818,0.10954873652534951,0.09686284974346392,0.09132582085162111,0.11573048063906033,0.07331070622696041,0.13365572336880435,0.11854882322699481,0.11387684342277563,0.06426796574609323,0.0640318938354159,0.11322286707979787,0.06534798002209144,0.08031556569221855,0.12305229885720721,0.12636054940740676,0.06543170467524966,0.0736407945031645,0.07334534589912718,0.2882899191937139,0.1816784834043115,0.07168516450063772,0.08600306741663913,0.07692329406509672,0.06237756776430965,0.13808153431201856,0.19363136506014966,0.15010839240930676,0.06562038063937835,0.11585652703879443,0.06349442856749447,0.03978104210099317,0.11385449886285035,0.14035971324958035,0.1293314117147291,0.22771171990356168,0.12409977186354025,0.10793572974139347,0.13480699720903783,0.1283281417994001,0.10298424559852701,0.09990159583979781,0.1381979935247587,0.23330728111785298,0.14875012083199954
0.05626461812305561,0.05137664547148161,0.8238111479403852,0.8509236840168508,0.6495420299881848,0.0847970795667525,0.10502003101794688,0.1021881757617258,0.09074142041350748,0.08843183566720053,0.08322502616559539,0.0758689147627131,0.815033640005157,0.062307409683253025,0.05876205842173351,0.08458246700026407,0.09329583445890864,0.05395214409591142,0.0636540360480959,0.06420956482301003,0.4122986976657192,0.8493939291718785,0.09525101540654397,0.8128829931411896,0.09093068754748532,0.09495501283050788,0.0674280756263093,0.008628645216961453,0.1007985267611071,0.0568368158543537,0.060429830892417824,0.8813804935265472,0.8575976635151201,0.7275822500350886,0.6873290713002818,0.08503664447298263,0.06347139777686248,0.10077427070937674,0.0544312133387745,0.16346932022260677,0.07198052844652177,0.08009215522129713,0.09644361783701783,0.13425386375061776,0.06060911954406979,0.060274312947479966,0.49347599077534227,0.46578682206897365,0.5011109559725179,0.4995116235413788,0.49442684171524204,0.48832730286039083,0.48080125619472486,0.5005080540249531,0.4755587730770848,0.4896938429284814,0.4631964083803474,0.4384872269184414,0.46538622462305756,0.07789025753534788,0.3860034184975024,0.4696188255667733,0.06218272072226837,0.054150795333221854,0.08458967314789216,0.08758926667688671,0.07674571743354779,0.07399601016460527,0.10739158046289962,0.09461292840531003,0.05887521248271897,0.0525735132196441,0.9042752804366742,0.8463865490851065,0.6572629243850631,0.7900717333392516,0.9999999999999999,0.09102796527642927,0.08806866511032904,0.06988694735560932,0.07409606207829152,0.1158328877447252,0.08275551376804413,0.15644287530701742,0.0857447703774526,0.10116657661001745,0.1505684048485865,0.0764769496964268,0.12835236566428435,0.14684790134205694,0.06636349828392925,0.057143655577795806,0.11594644981259655,0.06853665365765056,0.32760001983513304,0.08647217874867243,0.08818933718332227,0.8459051115167382,0.7484338678688771,0.6635109351210721,0.8329806150923925,0.08288463479562443,0.08109939527416565,0.09829412590669441,0.0963954963009909,0.1334221590885847,0.13494109809124785,0.11436541859162222,0.12522092620111092,0.1175316699986237,0.1327188077712633,0.1351697116283422,0.1137655743055938,0.11653911036884668,0.12550092923622563,0.08568707949396366,0.06674667291610338,0.05484223229498374,0.08573629104062219,0.09053258574154323,0.07106461762820175,0.09413244154107804,0.09016982314507928,0.0822682068999004,0.06171016091179376,0.058602456973502054,0.09116394178204723,0.07398770092885996,0.07881339905264806,0.29850585492800635,0.19087002962106187,0.07602032558437638,0.08829706849937026,0.0794261144458904,0.06723576316749501,0.037127219534786364,0.0840003437185772,0.04541203114032622,0.07440045458254045,0.09820346763598115,0.09233505215975886,0.016129201475083843,0.046142648875147074,0.06558513420419765,0.05803105018408042,0.10587326712376742,0.05025775686315116,0.1150987764430326,0.060343540726678656,0.052174050984865446,0.07736932561214171,0.04706429886676742,0.05478218365383809,0.11093187090975178,0.04112139693648667
0.023637267107478047,0.027186735182669397,0.10633074529902008,0.0928412197096129,0.04934149842812777,0.03656671466073494,0.04430048855263061,0.039215114091975534,0.032745074552664725,0.9714052763287142,0.9829642360399627,0.9709331466235929,0.0944832202994101,0.031970355947629654,0.023752336887544204,0.06468295359983302,0.057451850515875015,0.0443646911750013,0.03275898106886913,0.0328374541637756,0.06878757764003796,0.11432755894649092,0.9975807059378892,0.11189655929090918,0.9973953596438399,0.9027743093037389,0.9476963067061764,0.034461892825723615,0.1334844873837338,0.057492652754492266,0.028959764953011665,0.08348464122306108,0.0975114564170692,0.0824339321118449,0.05012692576389588,0.051223081343662206,0.0418734839680879,0.053301945385182056,0.03452000129786723,0.10159259337092512,0.0864112567350962,0.03199579270714037,0.0347308107462315,0.040584808395401906,0.029795454366618408,0.03496835912259615,0.08120463224655498,0.07070426033062037,0.07248338370708836,0.06998233649681221,0.07154491362778377,0.06983011976194352,0.0747457468123584,0.06470471218057465,0.06090649867648914,0.06540652546838846,0.0748610070282606,0.07305027080974667,0.07839637610603754,0.054497469791163725,0.06890209102380529,0.06753828131232047,0.029490533213891133,0.020003783477537895,0.9682082253709887,0.9827608287644308,0.9613416706180454,0.9454871314075146,0.907744823870577,0.8557209629778552,0.026341358126906782,0.025314646326753166,0.08993955659323546,0.09736186091777145,0.04226262065324318,0.0761508174823767,0.09102796527642927,0.9999999999999999,0.9798787178028924,0.9462875936993449,0.08412598601126882,0.0962411859277474,0.10216811838557784,0.09188633671056017,0.996459575768216,0.8811206505021577,0.10862353482614817,0.043078984108777855,0.039009804789121624,0.1280347216295837,0.032491541624453495,0.02962554655025643,0.052012456119461994,0.018141173692524173,0.08746780002973063,0.9974687488544713,0.9706267226349691,0.09524227882765768,0.08382452936593902,0.04949662527405933,0.083386953679672,0.9957212310183494,0.9530595179452437,0.05733132939505215,0.05727607045438346,0.1182501196937414,0.12221383912905281,0.06451058982419457,0.040347153714388,0.1422497244498429,0.10752186675147068,0.10841895922336818,0.0988819288909473,0.06737926888996011,0.14079234170696034,0.9910409131087955,0.03432279027344276,0.027451428945086336,0.055426625272206057,0.9593864926486447,0.9426190536797048,0.06480746448007892,0.03916104421495215,0.037279256423189314,0.027876556512664727,0.02506244860836782,0.9652723833875415,0.9495332510711012,0.06623125043513328,0.20290291117562997,0.17102635973284816,0.9682402401328637,0.9820203874080883,0.9739399592698805,0.9266399105157145,0.04079349418485906,0.05365746925955295,0.046128941853886336,0.950296970519805,0.0627944367978444,0.06047131416223529,0.05199725806551851,0.023519279042430074,0.03631624195771517,0.023149838685503202,0.057686419090834745,0.022744953865815376,0.5761926382748064,0.028563955274345403,0.024054686447863242,0.06696830107065013,0.021401709171948242,0.019115370128021482,0.05579690304434723,0.038610400016546156
0.015977970774608035,0.02056362804969706,0.09840496923408987,0.08468434383009425,0.03742592461494228,0.027497071503435243,0.03454042233546872,0.03153321537045657,0.023785345730906626,0.9220497756899027,0.9408866902893566,0.9284660035114592,0.0952210506548386,0.023830725014696307,0.016140315357041534,0.04873510956655804,0.042904066342808814,0.03161930171350555,0.022705109226726486,0.0242622116164214,0.06576590223094517,0.11535304300598043,0.9748838530255693,0.11119845647974402,0.9811402080504614,0.9449914774575655,0.9449643601149955,0.024651543237650276,0.11347113538805202,0.04242929439319328,0.020156565967057977,0.07670606820386851,0.09002810131896558,0.07512699287879372,0.039770245853694756,0.03436213062318529,0.03155834270162039,0.03824350442175421,0.01807485169549001,0.0818500225770694,0.06860704387100879,0.022866823287186446,0.024591525983555188,0.03019463993323173,0.022079555968922915,0.02692065291694533,0.07058227333959673,0.060672012908845586,0.06332959920073633,0.060292506426947695,0.06273720997980856,0.0603933040471237,0.0652170155406126,0.0559403242302647,0.056452300072052236,0.055972357770426515,0.0664599325569886,0.06301274518373778,0.06949689543473594,0.03882386089958799,0.05807262463925957,0.06260011029810598,0.02093187745141244,0.012972584477413658,0.9169829443687314,0.93991605458155,0.9073404191992928,0.9264958857879891,0.8419792905244592,0.7824943806199353,0.01781187152936766,0.017922840641351766,0.08461875306822733,0.08995793688077,0.03299046893579213,0.06775730220718111,0.08806866511032903,0.9798787178028924,1.0,0.8847261200395359,0.0660462571544843,0.07810296943359125,0.08232124740010759,0.07552153423924783,0.9834410344997404,0.9304263543685516,0.10063641328935778,0.04176434099194053,0.03767583927017654,0.11587271601228194,0.02436411712059934,0.022066261237874894,0.043354286010543225,0.008440559852328623,0.07993804610774026,0.9804799178095327,0.9874611185565518,0.08708876634764813,0.07414005121354914,0.04063538224693953,0.08351819733826915,0.9756442209993693,0.9818945511312416,0.04157888906717618,0.041452109178569396,0.10947361391839756,0.11337620602364527,0.06064860890820273,0.03790288152345435,0.13374600986035265,0.09939553965095385,0.10057550311124246,0.0915354766843523,0.060038852527620375,0.1279496910933358,0.9744138219276024,0.026143205142534445,0.020025221937164495,0.05116174766244825,0.9850117525681563,0.888618613567255,0.06154468588246559,0.03396189418752466,0.036982803669419216,0.018024128342601246,0.01684674366950626,0.985946871120354,0.8919016492744173,0.058112824860453355,0.19088553493308952,0.158768607085373,0.91538064723095,0.9397945241668243,0.9274380418042323,0.8832258181076647,0.028602574756846428,0.03996881839060169,0.03253820544071529,0.926028623729194,0.05720651456943487,0.05455170527952986,0.04340465353185576,0.01826491624502687,0.027430556215676066,0.014792325079435616,0.04035729963028157,0.01659565473282244,0.6031653121085099,0.02012757780215193,0.016246139857912224,0.06387318734713739,0.015740786514018595,0.011685988044841576,0.040636912397017784,0.027074379690250772
0.01775017422825682,0.021219347725342924,0.08896355409262925,0.07876018577799343,0.03787019064035332,0.03176425876576052,0.04320231723753433,0.03579103687602175,0.029234886033665447,0.9635013138990811,0.9651220552057772,0.9635257100242509,0.07819645515419439,0.023814236930869013,0.017081957579326953,0.060359673442659675,0.05153699419915026,0.04000897168096379,0.026546921827769045,0.024891981088544946,0.05664453083840054,0.09345165088058834,0.9483747645697093,0.09581638621635591,0.9466845854498125,0.7868081321997569,0.8792190385812555,0.026762230157132066,0.1226537823778349,0.05261210449504743,0.022653774164333177,0.06922718936344398,0.08097677316485109,0.07038850210133037,0.039686738162771885,0.04746702455793786,0.03733629851353181,0.048208619479471346,0.032169736731348084,0.09474087371586369,0.08142291367856258,0.02732245038110881,0.03128761126528758,0.038864848002314344,0.021549295273862904,0.026302532973915507,0.06966896649973976,0.060287295314406394,0.06100250434103032,0.05847651653645451,0.05962621509236126,0.059122769928265435,0.06314523727999487,0.052461274827536444,0.048612456544825614,0.055143172864943045,0.061832760050912046,0.06251919019583635,0.06471533037860797,0.050051361391545465,0.05665398741507083,0.057726297211010254,0.022032045645622885,0.01521188855422708,0.9664100000058227,0.9636136336749483,0.9726188839738114,0.8938321706117965,0.9215318695437797,0.8887683335246508,0.019762508074116364,0.01996567876641602,0.07415414592995596,0.08079592153072498,0.03116264664927656,0.06746595781752683,0.06988694735560932,0.9462875936993449,0.8847261200395359,1.0,0.07836282399740396,0.08814017715494984,0.09766531083945298,0.08478327632916219,0.9408302851143567,0.7595347000794487,0.08595995474496446,0.030915533346365164,0.01927437287877744,0.11151077207310796,0.024083008805487766,0.021157079942472488,0.04470351404595349,0.016564267889644525,0.07941247809866242,0.9438261718002992,0.875918916604651,0.07963050964012584,0.07491872035785052,0.03980381016295042,0.07000735398594482,0.9539037825577756,0.8496785954320909,0.052818671878887294,0.052451762384797936,0.09689929267519043,0.10125785319128823,0.04751325599692572,0.02568116369477762,0.11971298071959938,0.08824362242413367,0.08858359377074222,0.0795801310658741,0.05210459758454571,0.12130878670978652,0.9497556843602287,0.025350834354720717,0.020049253968054695,0.03158100205079558,0.8535687335037345,0.9714036820258425,0.03870217021808548,0.021413837940689243,0.0257380310529727,0.022335156501478586,0.01984894531700662,0.8659013698731551,0.9767822912347454,0.058533013606569005,0.18887465571991402,0.15820584678347824,0.9740299659596645,0.9631096715510131,0.9702816460093825,0.9173420579364014,0.03654910435670635,0.04782084815873145,0.041163496211455125,0.9046368652423895,0.04123209198127693,0.044487497443610524,0.041372817657971565,0.016953560298199513,0.026687848767476513,0.01808954288486166,0.056309504215382514,0.015709020066354825,0.4580036007028635,0.021873698345649516,0.019806526904017765,0.03955745964243608,0.013414078965217359,0.01592431549003565,0.04968679260137691,0.03284447669423506
0.7855130081829298,0.7981386086094902,0.25898083871438654,0.22187148543213972,0.27085264267620557,0.7115002777200141,0.6128405790921101,0.6243371156509897,0.6806646908722643,0.09736062977669341,0.0872965956979562,0.08593931235176804,0.07595891072763356,0.7442093258390271,0.736449663761875,0.9673908435842924,0.9524946659860419,0.9512069093974101,0.8437206866937269,0.8044117166304455,0.13686709205133485,0.07708865027155498,0.0881121596949229,0.07121777229231209,0.07894407825544485,0.0450090103624391,0.06729496409065804,0.1481670359342029,0.9753395094569303,0.9642699854640355,0.7761040529088788,0.18505326118804466,0.21558862917052046,0.21084832119546432,0.2641757302342187,0.9091454763063981,0.8623440387108462,0.9514757220333231,0.9485693917967555,0.9723020315650247,0.9840272645303495,0.7063457870204334,0.6540505654108729,0.6011646636836839,0.7396038919475529,0.7003759735308906,0.4489661687485092,0.398912737620849,0.3490232132188973,0.3754526035852926,0.37806347064000184,0.381630909122766,0.40178422281618054,0.3272811403712068,0.18328609880013325,0.3406102128017046,0.3876238418993669,0.3971925991868762,0.35612523043032207,0.9729856097377949,0.4667355250155318,0.21234370133964317,0.7766236494120944,0.7553560330851813,0.09728855625606124,0.09867985362220118,0.08287565545152697,0.07499400915952278,0.13731908592760442,0.12591270765447943,0.7880874952212343,0.7734945306912792,0.14430906630679718,0.23699467371166036,0.2645019017615892,0.18283854054337317,0.07409606207829153,0.08412598601126882,0.0660462571544843,0.07836282399740396,0.9999999999999999,0.9794883821182843,0.9652845875269488,0.7665372066743804,0.07820883109270274,0.04373712835069865,0.44936491662106404,0.14075881017791816,0.19671087398605344,0.5061735109711372,0.7702092622340214,0.7558224503006276,0.7449419715291539,0.6591389214321428,0.39485633827001926,0.07890157073486508,0.06647616628666646,0.23658201686869393,0.22448922556649334,0.26151877906870696,0.058091659590545686,0.07686249695206916,0.05269733326082794,0.9615631140986028,0.9672533691669918,0.35752593865940496,0.32310029980047217,0.2198146245713191,0.18638670181591194,0.33565621071101925,0.3127114111049521,0.31235012505869725,0.296190036331238,0.2546526589452657,0.3577011248596947,0.07372372236156843,0.7513341629699906,0.7211713588492881,0.5118887845740888,0.0566982611844756,0.06317547495548992,0.42653157578418177,0.2319867170212644,0.11571497455985269,0.7524591677023708,0.7440758526617448,0.05778081076081204,0.07666996101070216,0.08236266207474476,0.1542915783623684,0.11876903553128174,0.08385999716515637,0.093900098051798,0.08579123769087722,0.0716820610795934,0.9383448952221014,0.9571151104474911,0.9479952419809419,0.07948470628654002,0.464726470901855,0.20724277101549143,0.15744244290750156,0.7113059030590262,0.8031331318236179,0.7642767162804147,0.8562009744296316,0.7610491895010539,0.12882056509299555,0.7882235169054,0.7774222710665407,0.4142290938406573,0.6565188235767515,0.7823110694554369,0.9496721197837934,0.9325620003269163
0.7746993327180681,0.7837399758193294,0.3259110484293989,0.28565844166266435,0.3415939888537813,0.7054112820101621,0.6160167957945946,0.6207236903591781,0.6748394504749307,0.11077266007918357,0.0994760426484514,0.09672699687966718,0.11891124471425774,0.7374063258588937,0.7296568705874564,0.9796351180262007,0.9602693892381609,0.9304357628067448,0.8339767386321912,0.7941758485704026,0.1904432195751822,0.11818984133477002,0.10075920783986936,0.11226545678642448,0.09040221310504108,0.05669400017405847,0.07839351670643248,0.14838379452326808,0.9832356678193326,0.9495103421847175,0.7641888685097914,0.2440364150905584,0.27878176142466454,0.2629796950087639,0.33022429163240896,0.9302532200024985,0.8683530041079537,0.9651579438207409,0.9443840298493588,0.9937777519250777,0.9819873647497613,0.7009193838478512,0.6523974971817249,0.608471509612058,0.7337610033158359,0.7037359718125026,0.5217572631713124,0.47343823248598477,0.4224879463133367,0.4499681575272348,0.45292187749164753,0.4558090188693062,0.4752439748836164,0.39945943870215495,0.24962957087828772,0.41403294453514516,0.4617123043905334,0.4711291739524872,0.42939683247515537,0.9777041279697253,0.5391075248020604,0.2777555676992757,0.7650727408679494,0.7443437021217963,0.10951582900060644,0.11104299154738373,0.09282825019956767,0.08772832759406951,0.15247706338052244,0.1402267758608785,0.7758058373069252,0.7610192240763359,0.19733756351870976,0.3018986012864023,0.3320320838371825,0.23581646894827826,0.11583288774472521,0.0962411859277474,0.07810296943359125,0.08814017715494984,0.9794883821182844,1.0,0.9626831275219486,0.8299100784358466,0.09009511052953427,0.05431269793883918,0.45409582928226466,0.1399061424669226,0.2006038316593042,0.5110577930130981,0.7590226286852637,0.7423633877118061,0.7511626331174808,0.6504476700711379,0.4507193643684992,0.09145253213348963,0.07806338134087788,0.3018233472366159,0.2809510674736917,0.3315438240984916,0.10751167865442439,0.08813395707951546,0.06462202776226794,0.9784405564080709,0.981332853280438,0.3624223795473479,0.3286174183861176,0.22375256246203856,0.18890858132897825,0.34202166460038264,0.3172516893338608,0.3173226548131683,0.3012035191330999,0.2573538910175713,0.3657955735438481,0.08418440930942762,0.7463050428155266,0.7161566189656782,0.5038524451490782,0.06990373881958298,0.07358278554220742,0.42257300804970593,0.23048206609781902,0.1172588156750496,0.7553690889760584,0.7363355193552833,0.06966736286308561,0.08576579324572808,0.08889216208386992,0.18085568846466432,0.13873818235540306,0.09417043080095541,0.10728874279607442,0.09778711274197971,0.08021579243624902,0.9191796485984038,0.9646670027173668,0.9363596144536612,0.08996899866962574,0.45998063708358694,0.20392594038142048,0.16056451236327285,0.7026933560733826,0.7924302073872455,0.7511397009562256,0.8990267546864511,0.7524771405134864,0.14394774294152046,0.7769521396189011,0.761147188246992,0.4136932884657914,0.64412379176632,0.767584470551433,0.9658095444087249,0.9275469600368523
0.6879925583462165,0.7027167739023193,0.27613243976725116,0.23774532367038828,0.2879633835954838,0.6229657255563642,0.5438827534567241,0.5481928417278646,0.597665391243497,0.11902924918287416,0.10793473698209607,0.10486785146691675,0.08676052842083096,0.6402034680699368,0.6317364498239415,0.9335777447133317,0.894426730515158,0.9162411644383937,0.7521508450959891,0.7070997110919827,0.14491643871705825,0.08644042569505912,0.10578159923706096,0.07962121276709894,0.0968035492186586,0.063204684350888,0.08354493329103689,0.15209709095433702,0.9639339222350831,0.9452570990199787,0.6777885804162884,0.20020869294810908,0.23285493809394064,0.22815753224878213,0.28135155243536464,0.9059200721206918,0.7769182432218725,0.9318587453862388,0.9266489298926798,0.9607642983931822,0.9750692222041938,0.6163880109651921,0.5719499130157953,0.5331239691096286,0.6353022892464599,0.6033082843051483,0.45580336957415385,0.41295667545799514,0.36069112722563873,0.3873462117029702,0.389031600486161,0.39197026283688263,0.4111770639947721,0.3365575736429995,0.190741512505202,0.3513554351923167,0.3964427320942325,0.40641725108964794,0.36545440702353543,0.9346963046044711,0.47562800886878687,0.22042212706200565,0.6771060338765662,0.6533320396870527,0.11903047739386735,0.11906259861105872,0.10281853661630805,0.09038412376132895,0.16134916104206742,0.14895746500275783,0.6891578228173556,0.6733667552859018,0.159659158019556,0.2537661054406377,0.2815562336716838,0.20080618200567102,0.08275551376804414,0.10216811838557784,0.08232124740010757,0.097665310839453,0.9652845875269487,0.9626831275219486,0.9999999999999999,0.7899804435213712,0.09680790238126434,0.05900201568901016,0.3913347963288206,0.11073605274156713,0.17023975736376376,0.46926555490229793,0.6692753414134789,0.6562557001041469,0.6669766215849147,0.5711194374010027,0.3848807183986433,0.09813604550591097,0.08192996693370867,0.25333915371200333,0.2460706117793151,0.27597430908869364,0.07151967999696499,0.09555079538826572,0.06958359740807946,0.9312210478966997,0.9325801652486302,0.3182565331566316,0.2899001320702993,0.193730466197085,0.16304778417262683,0.3081049763111378,0.28227166705496937,0.2790360474751611,0.2668437368809133,0.2231227261280559,0.33053137986365577,0.09214676876086847,0.6487817876808872,0.6165840747160659,0.4195891395157911,0.07513870950719469,0.08453941904257001,0.36037209635113043,0.19690044841913495,0.09302679438112513,0.6552772559609177,0.6402074432213518,0.0743634373600967,0.09562665778820632,0.06352916115113666,0.157232713569846,0.12505518387756392,0.10309669323033833,0.11489621929127762,0.10567652858929932,0.09074865897816713,0.9051545567998849,0.9027328112274331,0.8951036951852703,0.09735019901463607,0.38928369973385935,0.17688282423617246,0.16269044968759844,0.616638017394215,0.7056744605301101,0.6637334217570146,0.8616446253590808,0.6617059138685251,0.13236238432329436,0.6894410453033092,0.6839648245184753,0.3465005676494072,0.5494723225241904,0.6950280208677694,0.9174151897264434,0.892561685259989
0.47184415879229724,0.485624537371693,0.37836707687953386,0.3380440111406923,0.4128028652922733,0.4452230944577718,0.4067890437908351,0.3881130389103575,0.42510977740858924,0.106858974538759,0.09544112301884983,0.0925085115008917,0.14975368232236533,0.4299631354176003,0.41975324703473815,0.8021580626570692,0.7385974819223308,0.7236183040617467,0.5423657802570004,0.49370056497414894,0.259193220474726,0.15141662147885715,0.09478172959993977,0.14267297906927437,0.08570222272609955,0.05776161670874576,0.07643469809211291,0.08355750492271814,0.7906458467284657,0.7527563305750947,0.4584007449184926,0.2948536281624187,0.3294312513390414,0.30794165008491375,0.3913954473680012,0.8395606078778134,0.5985285889163661,0.8395855001760962,0.7726483012930949,0.8434529707966179,0.7873718017178387,0.4343514688139893,0.41029080808254215,0.4088466020460778,0.42468930675486816,0.4101491886482777,0.5549281257736559,0.5250552817645808,0.4865374016616593,0.5058708996049853,0.5103530660407747,0.5131780715474279,0.521017955443402,0.46093809820815124,0.31743233859600656,0.4738532114522583,0.5096428131484614,0.5195672387278438,0.47953886250905753,0.7895785790931467,0.5779070317458337,0.3379155901667072,0.4593666754181682,0.438504960413429,0.10413357832441786,0.10442695758923634,0.08949924638942951,0.08596554269190548,0.14801251404281993,0.13473682503194662,0.47114263440219517,0.4578318141760571,0.23866586413048152,0.35319586558620025,0.3982578151837855,0.279803228387535,0.15644287530701742,0.09188633671056018,0.07552153423924783,0.08478327632916219,0.7665372066743804,0.8299100784358466,0.7899804435213713,1.0,0.08654283786975626,0.048780473980571615,0.25509291327335526,0.06802618316293604,0.09900619754641934,0.33191206347827984,0.4523915837271175,0.4366580926830904,0.5164089790322414,0.3844580564441256,0.45237860051832773,0.08961757470133819,0.07707974745678786,0.3547162780295792,0.32833444385604293,0.39921508779581405,0.15116455821669908,0.08420629235997505,0.06428808834608289,0.8338773338273087,0.8132210906267107,0.20720769296736072,0.19069323819611927,0.12127191811171877,0.08898562866918105,0.2019471954550226,0.17856279304803813,0.178059174736033,0.17217903743478616,0.13659330225616642,0.2188586422806476,0.08261895768981717,0.43930466298902887,0.40944468060361683,0.2334036256270998,0.07113086139468738,0.07434559542715422,0.21144089610689715,0.11318141639311632,0.073976626833178,0.4595407407650775,0.42765431141970806,0.06955074032892963,0.08143072662935533,0.04000301745966991,0.17784905610751958,0.1342337871127994,0.09093043339591769,0.10205291751621227,0.09441433049753221,0.08146936373602953,0.7108060142773894,0.7527781795781949,0.7192301104385204,0.08488284651081746,0.22452860245823325,0.08884474363500315,0.09379146320418952,0.41061823654412316,0.4885848742851725,0.4455145605815122,0.8907190391636709,0.4529439945249509,0.11952073253476939,0.47373053951364463,0.4603859765837692,0.19874047043486007,0.34236032187848375,0.4789146586705378,0.8189606292648293,0.7033821093878857
0.01898013847095044,0.023228360044783205,0.10096117599306643,0.08768657370403397,0.042934185940237374,0.032082056857045176,0.041497147650080154,0.03540752381953064,0.0283500982549072,0.9658122394958845,0.9794295445273699,0.9672979276339372,0.09073862184943586,0.027107488804314562,0.01876381211535334,0.05940741526756076,0.051770501483031764,0.040880463205350534,0.027817516699824955,0.02817562212455942,0.06449092580477155,0.11066663293271828,0.9943884927151575,0.10771723864238833,0.9964824950622269,0.9120367577651686,0.9497998410832461,0.02865584238908799,0.12741198510460255,0.05260560720280063,0.02394949937466461,0.07855232722980378,0.09247558163036067,0.07835929127397738,0.04471578585809702,0.046129143913140595,0.037223701375254596,0.04793589724430349,0.02917812784545233,0.09502032879600793,0.08098218668632781,0.02762027958682972,0.030098483891124916,0.036944799281153316,0.024702373505248156,0.02984161706552042,0.07621274351038192,0.0656804903223254,0.06750357103962493,0.06502797233432978,0.06665471314819987,0.06461258202547031,0.07006825553072325,0.05951946438304816,0.05565879625095575,0.06002174682589708,0.0699330725083348,0.06808416474421207,0.07261023736686334,0.049095864424767426,0.06367531427277186,0.06284456865808297,0.024552112982866983,0.015534060836728945,0.9622951577336459,0.9781471791673666,0.9564329847473181,0.9469756308229821,0.8961653194717597,0.8405081974841521,0.02147336849927695,0.02089787950466236,0.085368374767647,0.0920296199347928,0.03774696689777077,0.07221380945170583,0.0857447703774526,0.996459575768216,0.9834410344997404,0.9408302851143566,0.07820883109270273,0.09009511052953426,0.09680790238126434,0.08654283786975626,1.0,0.890416481367089,0.10292240502083723,0.04121679711164748,0.0334033535701158,0.1232548140786585,0.02777019651372712,0.025068123102280654,0.047640982161721204,0.013442724715443376,0.08481508600353532,0.9966387010951182,0.9756175762976779,0.08987926052308308,0.07961463476063785,0.044917921658869986,0.08070573314563116,0.9949155523879292,0.9605117236480266,0.05215200105927267,0.05182573930033638,0.11213308566027384,0.11534887285357567,0.0580426581458001,0.03382281019842367,0.13666947838180982,0.10154102661135157,0.10233161852335569,0.09292640641716803,0.061830394511529795,0.13347097692679288,0.9912281316155872,0.029279960100655495,0.02230765685666895,0.05053643911123715,0.9654953262183291,0.9423863632841587,0.061472238675180084,0.03588161234101818,0.03619582520971194,0.02250271844608813,0.02023659986729088,0.9693248756240496,0.9439986614591831,0.06524070171811358,0.19728321026528464,0.1652235588015753,0.9635493439593096,0.9776146568554561,0.9696435629828554,0.9248626695688487,0.03762339218923184,0.048164544147344626,0.040987882778580426,0.95212449223655,0.05887517282268507,0.05757628625338747,0.046014575626120414,0.019390041202155175,0.03132078492588314,0.018393759713627313,0.052337088137859644,0.018258891777210292,0.572742693129682,0.023726986220226065,0.019999995513121725,0.06283585058384364,0.017070167388763477,0.015082925942389051,0.05048087889103443,0.03411152012298995
0.008565238688901392,0.014955575904578045,0.09218722299502996,0.08020111765370114,0.025426736555407482,0.021141444116784373,0.033215484226611955,0.029875870702323767,0.018803983519831483,0.7786977629809599,0.8049720060176201,0.7806882246215399,0.10171099006073213,0.01507495022085409,0.008216400922700873,0.02799106327575859,0.024889572246190483,0.019126706914369372,0.0126959915592105,0.014844138398644572,0.06586442521007652,0.12153902317341271,0.8723747704313078,0.1173149226492963,0.8863410596624689,0.9728171325665359,0.8169448050056171,0.014885635617716601,0.08570857447487731,0.027820994914579563,0.011465317687076683,0.07565028450298328,0.08617452956464286,0.06143828322396109,0.031214885712114785,0.014984002865637414,0.017106407345040913,0.02178170174821027,-0.001411822553270032,0.05653539891688411,0.04480613570079633,0.017166118992448486,0.021880253434224686,0.027976967396879875,0.013255067158372503,0.018439623621331898,0.05834196318863651,0.04431250993894691,0.051240069458986015,0.049206045837746355,0.05091133460006668,0.049238692943816754,0.05360094844751818,0.046475076710600444,0.0564559611353774,0.044408510224361826,0.057278690971757786,0.052643835403245444,0.05504024698929138,0.021594854578248918,0.038066909268560094,0.06094869809074676,0.011247236305638916,0.006157896979231782,0.7708265868272169,0.8057263895088929,0.7574555818263459,0.781042671318725,0.6880680990546431,0.6289227226623585,0.009897401846209245,0.011679202055743984,0.0867544733338152,0.08509205551243852,0.024330770301287892,0.06074418551481511,0.10116657661001745,0.8811206505021577,0.9304263543685516,0.7595347000794487,0.04373712835069865,0.05431269793883918,0.059002015689010166,0.048780473980571615,0.890416481367089,1.0,0.08545222553707178,0.033037335447384464,0.03957179779794467,0.10331587118322386,0.01550913715016505,0.014330618271338825,0.03631879087878312,0.0034921917435507773,0.07227115142301191,0.8837664854954014,0.9289851993119282,0.08257626495775565,0.06096946176437471,0.035948748557712344,0.09250904857278047,0.8741231544123573,0.9457647113044564,0.022943401773924402,0.023169281018078535,0.09804909634806436,0.10052203638257824,0.05624457453169893,0.04127108613226316,0.12296710885552817,0.08918111054286303,0.08803229839018027,0.08338778396446696,0.053008712021478874,0.11181704774506386,0.8745278588428466,0.017348523918491784,0.012994382620634412,0.0366075924061658,0.9455437392987363,0.7694293850459711,0.0509827999452292,0.024627314619118598,0.02791717109882048,0.0047209825922827605,0.008161715060330445,0.937725561294535,0.7598812223462005,0.05402934213810133,0.17197287574143372,0.1399322394833922,0.7697949379768846,0.803861550800329,0.7802064335704948,0.7233298444009126,0.014561788492096595,0.023733616009381665,0.015861237685674982,0.7768344989772166,0.0460467312440265,0.040637583264159845,0.035061856157626095,0.009918984432617217,0.01729606789404723,0.007674318555389033,0.015889515107161186,0.009106730387288464,0.6285034368570032,0.01167219058465132,0.009517700943725404,0.05516969898815485,0.013992031695916153,0.005542495432610393,0.02166934266663687,0.013563117300245786
0.5198157435627567,0.4969108194226944,0.1853319695519257,0.16924856831749555,0.1407273914827624,0.44664244318391383,0.3910813253923996,0.3988481169677985,0.4317203856259193,0.1064648221320283,0.10098717444010341,0.09586214979109685,0.14678831104367193,0.5752215095861295,0.5482877516454742,0.43406040893265535,0.5064149041244078,0.40027876250975014,0.5312343065073101,0.5502954931276691,0.09920614932109129,0.15030068984786463,0.11509019769001837,0.15080125200637695,0.1026400978626582,0.08131504769642355,0.08911964711149846,0.27444715656571733,0.4886420363461799,0.39240154263712707,0.5483969037807838,0.1611120908574638,0.17131522057442455,0.1459328347278644,0.13221921620227609,0.3426513199573715,0.5393413050837753,0.37320748320388664,0.38773786483238565,0.44104999964955627,0.43271667346385256,0.44969939736954206,0.4215298855414655,0.37887815145845816,0.5739653699259362,0.5914316877899289,0.21626967907034803,0.18071798460578983,0.16188004983331594,0.17650437315168158,0.17583286839322804,0.17520751970155468,0.19477123738784996,0.1489036547793004,0.09472890438244569,0.1551708569885669,0.17995610945785967,0.17625083237139105,0.16845078336878191,0.4332891899469261,0.2075544351324707,0.12076992863417124,0.5539009491050837,0.5011760247429305,0.10056333966273438,0.11128737642477857,0.08845945809373398,0.09656934835988747,0.12676364824046785,0.10992599581104318,0.5339777221520168,0.5128963745926437,0.155095766477332,0.17664440282967517,0.13201722011649558,0.14460102831028016,0.1505684048485865,0.10862353482614819,0.10063641328935778,0.08595995474496444,0.449364916621064,0.45409582928226466,0.3913347963288207,0.25509291327335526,0.10292240502083723,0.08545222553707178,1.0,0.6074463512145536,0.7720170941536558,0.7801759400327957,0.5748775956654111,0.5589741133179404,0.4479441071822856,0.42849804925677726,0.2119763144384706,0.10547076412332303,0.10034704947682188,0.17764134059852113,0.1495334245269841,0.1373015832384394,0.12707273525851254,0.09879534729158931,0.08733647009338918,0.41540250132062395,0.4378595554008386,0.8904325975315863,0.8804692366018685,0.7575797612798457,0.7371913038754435,0.7804608584454086,0.8613714210463301,0.8871003555701986,0.8184204961930909,0.8206506783969065,0.7801707147044852,0.09033862424241453,0.5762792623365385,0.5551579453617864,0.7186177094669775,0.09513912866953957,0.0847367508103213,0.80391040113355,0.7069887117906724,0.5252859903505341,0.5603981237608416,0.546596700887512,0.0853690420808263,0.09066571114245861,0.4530840804163755,0.18555580856335985,0.13659906837978594,0.0930850572460063,0.10906168591791528,0.09881900379440639,0.08101724416409285,0.3945533870921826,0.47338338319514367,0.4430836242217928,0.09597204826538831,0.7968503154152762,0.7120421351263161,0.31593213890363825,0.47141012599864296,0.5780261685884782,0.5287737754442997,0.3003629157174847,0.4998566259540181,0.24507747921984369,0.5374114510724414,0.4984198695609655,0.703741430054192,0.5058858080131282,0.45576187077310376,0.3970726877043081,0.4156391964978992
0.16655200230869574,0.15525718863310928,0.0657973762241636,0.06121394577070076,0.0374861067762915,0.14969437329696533,0.12303249564023831,0.13644758841677831,0.151606646232418,0.04175231275337997,0.040694255991707305,0.03877882492762706,0.06572266672086452,0.18943478680417977,0.17699749583999366,0.1305171625517654,0.16200920138523833,0.13044935399006793,0.17376719092039927,0.17968078610663962,0.030224352853618627,0.06951967009547648,0.0466209795110798,0.07196349926737658,0.040699635158705845,0.03641174689454211,0.0402049496581148,0.27877647488955504,0.1548715152524742,0.11573013205860173,0.1774272599808111,0.06085669670154702,0.0606098525864498,0.06561219967126823,0.024588987433091073,0.10606054729193318,0.17953001542106475,0.11620047618476337,0.11694585709879061,0.13547790917687286,0.1365567852919659,0.14748990017696692,0.131064920467679,0.12000982297915447,0.1874320775201052,0.1958297482821136,0.05477451935605992,0.04604385903884257,0.043904498416491626,0.05003925454323342,0.04904935439092823,0.04838013376985146,0.052900323931251214,0.03714313622382237,0.016559196837148703,0.03846457948735212,0.04830463221238875,0.04146632040845417,0.04507495337953217,0.13415167195529956,0.06079989935765754,0.040262183957918,0.18093332234152587,0.16131774458730758,0.0402895450475764,0.04238978874971063,0.03467518083767371,0.04081274924942572,0.04882388692059868,0.04339479333798364,0.17248207737949903,0.16009978401134048,0.06685737243372068,0.0649094077745679,0.026581671949294634,0.059275352575881624,0.0764769496964268,0.043078984108777855,0.04176434099194053,0.030915533346365164,0.14075881017791816,0.1399061424669226,0.11073605274156713,0.06802618316293604,0.041216797111647475,0.03303733544738446,0.6074463512145536,1.0,0.4191314112985077,0.3299326732695769,0.1912617133627674,0.18243928696499212,0.14542565712407998,0.14785459506830592,0.057517714361622924,0.04183774578910551,0.04828891276153205,0.0637623677274315,0.06188322841050062,0.026071498266403523,0.04440106783470991,0.040161546482700976,0.03780805369873502,0.13362872886827776,0.13736434609053044,0.4260224403243663,0.4372104247831039,0.39722831715885587,0.3967091941102431,0.3556288408211755,0.42416006280040675,0.4405594228921776,0.4101378182496347,0.42249467494663445,0.3446100744866477,0.03503737978528746,0.1912142837660189,0.17892482469963658,0.2500626481214273,0.037745939279915146,0.03921591114790413,0.3568113222820131,0.3329121611401629,0.872507628177426,0.18650057818716922,0.1756078875200139,0.03320963691259964,0.038155629479193036,0.6737629781701826,0.06456123786915346,0.027993932257055675,0.03476211263935675,0.04391220222650818,0.04013542535649193,0.0317713501703335,0.12211612427688305,0.15180744265854015,0.13843688414258012,0.036853179918825224,0.32931438045763056,0.34920786251643887,0.3206806391750113,0.15814367282169714,0.19184161216584203,0.17023388498579428,0.09857823283989803,0.15438770967195986,0.111249103877145,0.17339609999112734,0.15748355398895028,0.27890155898438385,0.1514849718257202,0.14896843165887366,0.12524093752548138,0.12094620056276822
0.18939949650734605,0.17538320311585656,0.1302475467187424,0.1155739612462059,0.07918408639892505,0.16887518454003053,0.17256260763247785,0.16442869899633897,0.16842119520751717,0.030080128381391527,0.027147856645541545,0.02012849787143039,0.13442048820654381,0.23103385998466625,0.2082991548760721,0.16376320184323231,0.20469429019580637,0.14541041868458704,0.20138889722916117,0.21415159398798564,0.07970683111507085,0.13745609129865205,0.04301683466453067,0.1416536433857599,0.034224005654317616,0.03849436788187363,0.016692656013277112,0.1791896587914763,0.2388265819590009,0.14987241211667143,0.21105159884738464,0.11596196921255872,0.12144927724391309,0.06381446987810269,0.07352572290838875,0.13307571185061276,0.21927593056689426,0.13927932880786034,0.1543843491373957,0.1967648618905749,0.18607985005947889,0.1694146693678913,0.1654889700766349,0.16403722625948589,0.22699617252854348,0.2488379901743437,0.12489833118360907,0.10870497893069259,0.09881455437581846,0.1061636667890321,0.10428606536940449,0.10661394614944357,0.11958202262892147,0.08948338887709778,0.06472274919809315,0.09705061815172532,0.10629140146508731,0.10408619582213856,0.10103963687382725,0.1673516852709809,0.10818439763839134,0.08947303572405829,0.2163175139335239,0.17830202757844962,0.027915879660039486,0.03470274341668961,0.017381423109561128,0.017848916475392825,0.045370628077323186,0.03618353550037292,0.2013192236315266,0.18531638381150642,0.11634471177075781,0.12176971453136076,0.0747933996456815,0.08011259824518413,0.12835236566428435,0.039009804789121624,0.03767583927017654,0.019274372878777438,0.19671087398605341,0.2006038316593042,0.17023975736376373,0.09900619754641934,0.0334033535701158,0.03957179779794467,0.7720170941536558,0.4191314112985077,1.0,0.5995386346849251,0.2310457248437531,0.21852924797130618,0.17538566557788235,0.16112507277173413,0.12292895710295086,0.037041403116704286,0.03693074133188231,0.12340015922389054,0.0724448112078466,0.08427749411376113,0.12044080514133376,0.03179637940181798,0.030239607655053374,0.1637375199725233,0.17225270178651725,0.8325778164255588,0.8524605554204006,0.8143623305682085,0.8894838983814605,0.7201974381855206,0.8452051912318365,0.8496591605638215,0.8228304390579586,0.8697918538269185,0.7053375428512626,0.02211120937799945,0.23213319995995135,0.21475525842839271,0.4137907378510186,0.04037507153325513,0.023763366415580675,0.49036667486018903,0.5023678411557589,0.3547506314255251,0.22236262011489596,0.2090516840143734,0.02914858536296558,0.019386685415300527,0.27691182018960786,0.15057834764141337,0.12304690798742371,0.01953164375149547,0.03464846052378898,0.022896268153209665,0.011601929816471694,0.14075627988562706,0.18494140835023806,0.17340553549541482,0.016962602921054174,0.47247177228059994,0.5257035642808536,0.19718258005885714,0.16652911314535904,0.23425208861749441,0.19727283613713842,0.11319006989320723,0.17647668936004293,0.20260333754597384,0.20434307398517146,0.17384395556961674,0.39640836117316747,0.17399220407012858,0.15947456759325893,0.14773276589056844,0.14734085005911038
0.4496091266132799,0.435738351035376,0.1963592678811611,0.1786090219648287,0.14413157050055747,0.3881008126428197,0.3527008761632285,0.3530184363097427,0.3756264437150306,0.13012102771620634,0.1269803706270139,0.11903509176591145,0.15097600374745226,0.4777285098152338,0.45807929256499624,0.4732946349756796,0.5129638508193316,0.43465985372272425,0.47323626287601755,0.47434587792166377,0.08747372574275113,0.14702616279377065,0.1347144065952857,0.14704125379738983,0.1251741887320293,0.09869476607390554,0.10288724616274905,0.1145973811695437,0.5729533800517552,0.45711149359561415,0.4647225311160524,0.16663703154893264,0.18002711279739816,0.15092437458915592,0.14627425620943815,0.41479170198941895,0.5113791899296373,0.4329292565556112,0.44399360901605905,0.5022908886061098,0.4922376772297221,0.3903698901925382,0.36988318347902094,0.34297012663845056,0.474803987893091,0.48264371182949917,0.2366885320005645,0.20214282769155098,0.17705509925224652,0.1903063761999024,0.19300577090766657,0.19395235992382678,0.2093567917965917,0.15994611321080993,0.08661160585986533,0.16856509451544066,0.19691046565907924,0.19551199393660962,0.18007739018274715,0.47614845104161607,0.22925566879309583,0.11287108526421169,0.46714466750594585,0.4250173993588731,0.12745586279324364,0.1350708421014472,0.11228169085944914,0.11859479381022237,0.15283561266232626,0.1316183965510664,0.45680520445135425,0.4404977294552507,0.15803770001032516,0.18444281185073938,0.1432915923077318,0.14436247329362847,0.14684790134205694,0.12803472162958368,0.11587271601228194,0.11151077207310794,0.5061735109711372,0.5110577930130981,0.46926555490229793,0.33191206347827984,0.1232548140786585,0.10331587118322386,0.7801759400327957,0.329932673269577,0.5995386346849251,1.0,0.4815944964026592,0.46346419683832896,0.40497265594333937,0.3620200947513474,0.22543302679930924,0.12622285742167627,0.11381496986580755,0.1875119618571573,0.154119142192133,0.15403883208508268,0.12614096057638963,0.12059529435620334,0.10502699330780148,0.4619319401943333,0.4775049014637146,0.7822597201843676,0.7524355378211155,0.616986799361653,0.5756554155141299,0.7432138865766746,0.7403815697615219,0.7447226662907034,0.712232843277804,0.6670504722530815,0.773619264194642,0.1101488363317824,0.48375539864849715,0.4592260669317985,0.548030879952437,0.1117533887843485,0.11002328633251227,0.5425728310408365,0.45287648947307674,0.27855365095883977,0.47877217535195965,0.45778221710323974,0.10528489724595379,0.11411052109753869,0.23198856659970313,0.1766645321283084,0.12853233123311034,0.1182193544070862,0.1339908464783134,0.12282254531783522,0.10462012147982581,0.42787173061037387,0.48959054596096746,0.4728418435961822,0.117797751313042,0.5516710567106236,0.4532670844146444,0.13827752084351755,0.3957356338319789,0.49258835540034096,0.4450571370605711,0.3802231093695627,0.43217433886405554,0.20070780163888788,0.46023508572242183,0.4277332351777314,0.4928437877751194,0.4075676975939127,0.40371749267928025,0.44096248597778176,0.4368696950009124
0.9903038658924886,0.9799406260453503,0.19163414528825634,0.16733095519293775,0.1924580954929863,0.9008070791419472,0.7689854046113396,0.7994909698530202,0.865266194604701,0.03481723181398539,0.02848567982757736,0.02924548119591405,0.07482023411476191,0.996071224550857,0.9907063651732497,0.8060114519264844,0.8953527735060742,0.7855048401330109,0.9867154316965827,0.9959099528075815,0.12163396559269127,0.07894920375338259,0.03667862723275201,0.0794090641822869,0.027804754050487875,0.005323501247132995,0.02495398717571695,0.15203591680542064,0.725529557832085,0.744164209809108,0.9970168238701599,0.14307832471312262,0.16194614847695277,0.15409691080380586,0.18858829376102348,0.6388565822984923,0.9305024649341375,0.7173465309767773,0.7333467874527524,0.7334912579802407,0.7365104924826136,0.9097935136408228,0.8499810717573937,0.7455208518343653,0.9930764657154701,0.950981334127912,0.34603591658212973,0.2866800913356746,0.25432141985782414,0.27857145679267836,0.2773258063475018,0.2760884755280422,0.30721460295956793,0.24552147871301266,0.15389910354721406,0.2526385652135438,0.2922003689634585,0.2936891304146004,0.2723871960346267,0.8046145877957063,0.3446290613295101,0.173244826262296,0.998515340652665,0.9840369650450741,0.03236797454645403,0.03850414936745496,0.02394056141831118,0.03247683394289798,0.055274720876671624,0.05115211525616842,0.9955704341246836,0.9873444022980842,0.11554377268549558,0.17673938364917707,0.19118846161554223,0.13745327857506814,0.06636349828392925,0.03249154162445349,0.024364117120599337,0.024083008805487766,0.7702092622340214,0.7590226286852637,0.6692753414134789,0.45239158372711746,0.02777019651372712,0.01550913715016505,0.574877595665411,0.19126171336276737,0.2310457248437531,0.48159449640265917,1.0,0.9919743241287488,0.890042696993549,0.883892542404694,0.3567213824138112,0.02683896301169347,0.024620111079323482,0.17644558917506578,0.15510868679184442,0.18999374243240738,0.06376360688800774,0.02409727811086671,0.015949904555191064,0.7581517486579146,0.7995242269171372,0.385051195467617,0.33414767249158694,0.22287992574049634,0.20149202110677764,0.31111429362427473,0.3205784925967813,0.3353604831257199,0.28864800322832995,0.27197618983856753,0.33496079096941234,0.02309800157969477,0.9946354870247763,0.9838530805130236,0.797058841185167,0.015432550427914167,0.010370620875001004,0.6737809470068487,0.3661301321877883,0.13399002805950833,0.952819423821941,0.9896008040667176,0.01693586191980659,0.02040413560876077,0.13238572852639324,0.09704676869694531,0.05989613217793268,0.026472577263711036,0.03449475651424462,0.03018445759304953,0.016577980881583125,0.7876536701942815,0.8705414711485896,0.817653512312646,0.029718971412610505,0.7324582388002912,0.3290876923764293,0.16752785563983424,0.9444880957405045,0.9969926405007111,0.9936144242807189,0.561743686951057,0.9694278080375266,0.10069228073885252,0.9960211498481397,0.977138245923517,0.6777273054010907,0.9497903429174988,0.9453038072327529,0.7611591494912371,0.8394699743781814
0.9851682359519363,0.9812636289895962,0.17335904198208726,0.15059902459168006,0.17720595328063207,0.8793398085566112,0.734380575795759,0.7674927773399378,0.8389799119388499,0.03169839620768119,0.025611762512098485,0.026470532995042918,0.06735946868604695,0.9883490334692072,0.98473089954367,0.7944944993090066,0.8844472662858693,0.7820340332611697,0.9793118570356526,0.9888956590693948,0.10935782313508954,0.06934063373668442,0.033430452371588024,0.07254549987995455,0.024745964125257886,0.004233637684099336,0.022644212291516797,0.15378262415553365,0.7091864905958776,0.7375561320871024,0.9914127028650941,0.1279387726126326,0.14497746830407937,0.1392054924094777,0.17190984355870656,0.6282804721059776,0.9192633977635644,0.7063024615770229,0.7234714498326944,0.7156262417727067,0.7220001151648997,0.8883094466938933,0.8206087002860293,0.7134314039970155,0.98826302883892,0.9483815476720026,0.3230673823734763,0.264916356318433,0.23428341627868535,0.2580549768661813,0.25602272377833546,0.25592440601265853,0.28506217580082177,0.22605045955828215,0.13796344778428327,0.2326771141711118,0.270025671575482,0.27221598633334276,0.25189870767905875,0.7915364568142272,0.3237338249337452,0.15469111464628452,0.9924872490270524,0.9789542353179469,0.029229216070132853,0.03503905047700032,0.02158176954669212,0.03087376432053261,0.04975725686686499,0.04637859360765885,0.9906909298632377,0.9855282624526809,0.10096314088296886,0.15926416869617746,0.17631215758324964,0.12173161170734582,0.057143655577795806,0.02962554655025643,0.02206626123787489,0.021157079942472488,0.7558224503006276,0.7423633877118061,0.6562557001041468,0.4366580926830904,0.025068123102280657,0.014330618271338825,0.5589741133179404,0.18243928696499215,0.21852924797130618,0.46346419683832896,0.9919743241287486,0.9999999999999998,0.8675126913354632,0.8578898682692521,0.32905187455568774,0.023789421674776236,0.02293729861513134,0.15911011028151173,0.13905333225001526,0.17300164156791664,0.054889651883593744,0.021457814452179938,0.01474784984096765,0.7445432324283501,0.78599470234342,0.3712877048145303,0.31905442284678454,0.2100049515258495,0.1897000695631859,0.2960398672123072,0.3062436229065549,0.32060613277645045,0.2743201925675759,0.2584261814793748,0.3200230971813322,0.021052048936196235,0.9863983279839843,0.9782110565011776,0.7979782193537149,0.01338755797102373,0.008846653537884747,0.6647426288724679,0.35958737503785615,0.12537271979757367,0.9469854675768583,0.9827387474592872,0.0148838975545115,0.017259990937260623,0.12919627773108533,0.08461613065597588,0.04899926399222228,0.023798130222663142,0.031111705819645143,0.027564459970488363,0.015446773446455129,0.7827228393399202,0.8575739871863932,0.8100200462095726,0.027922789853270798,0.725514958759301,0.32146395146207396,0.16821188137582296,0.9470058336930031,0.9901024161957119,0.9896776441109844,0.5480095809268589,0.9703320727115597,0.09566984694069709,0.9900504192168933,0.9755990902369347,0.6717420572123152,0.9557724403784086,0.9355059170021061,0.7481082628526373,0.8339434500994501
0.8915365798794848,0.8876434975297189,0.3273233714686082,0.284221814156097,0.34643827108136177,0.9776690053842952,0.9142480391490609,0.9258019231117336,0.9627581337885043,0.057715353114540215,0.04799886203576074,0.047771160513168126,0.11623131074027142,0.8798804619886862,0.8696033549470461,0.7768226562576618,0.8430811646462468,0.7592486580297828,0.9021536786222439,0.8997279093885305,0.306374682251437,0.12489050918984994,0.056348261333654795,0.11845923238520191,0.04801477830749221,0.028425139732317434,0.038065181590630735,0.12127184941292124,0.7048943471909627,0.723967166887694,0.8965424731798032,0.24106319208741034,0.27045259726453424,0.2361885145390666,0.330629454077059,0.6415920294846602,0.8175692795343716,0.7315007532285809,0.7052568143330538,0.7425340441431392,0.709725769616805,0.9735012892195763,0.960711514019735,0.9244074888091772,0.8622236305730844,0.7942566455387512,0.5813916146569994,0.5178178635822629,0.48315697416749376,0.5099775118097333,0.5098997726567637,0.5033461107640591,0.5502738262284432,0.47093953099249675,0.3590324541175375,0.47884077988391194,0.5309299998156464,0.5281431678653787,0.5083634494778924,0.78117621055328,0.5771588888177968,0.3981933539477576,0.8958351481022936,0.903590462654933,0.05438485591832805,0.059063909220473394,0.044591057635648246,0.046555228797182775,0.08255249127019305,0.07588740434157505,0.9007127901931669,0.8802305628749661,0.18168172812146455,0.29607153963985633,0.3456102967560003,0.2072636420656942,0.11594644981259655,0.052012456119462,0.043354286010543225,0.0447035140459535,0.7449419715291538,0.7511626331174808,0.6669766215849147,0.5164089790322414,0.04764098216172121,0.03631879087878312,0.4479441071822856,0.14542565712407998,0.17538566557788235,0.40497265594333937,0.890042696993549,0.8675126913354632,1.0,0.9454091569807693,0.644821013461032,0.047002714727824746,0.04370798315480212,0.29588190048961116,0.24515398872794283,0.3628700156677314,0.11862630481250447,0.04412164184546838,0.03376921905829714,0.751519796234575,0.7757069741357234,0.30261299166503747,0.2634263567344733,0.16744037300429573,0.15892874584787095,0.25444695001645967,0.2486019518728585,0.2588691951755928,0.2256772561156014,0.20434887710583421,0.27714850099572524,0.04282708230017744,0.8812737296335343,0.8554652711546773,0.6111648468902326,0.03448931579776489,0.027425986264788732,0.5104287031516977,0.2536646776310727,0.10346184325163828,0.8065290070050569,0.871998106430891,0.036823428166302026,0.03967841334665832,0.09083507065275478,0.1330147187086646,0.09034247650514987,0.04656589197178193,0.05604377010588297,0.049221835792893284,0.038798105031775,0.7550637800026057,0.8310321519635298,0.7525408810331852,0.0449883790970332,0.558279323428685,0.22492038483704824,0.13419348255450217,0.8784330920820551,0.8889261700811765,0.8999215440986253,0.5986253549458872,0.8500363734788513,0.12664159763909313,0.901532306755036,0.901678474802989,0.5106159944286096,0.7937842150211003,0.9273410167886071,0.7752108126972969,0.7973215967322529
0.8786543581097759,0.8654416648483544,0.21275318965778392,0.1828396170213455,0.22534312829940037,0.9773431275723362,0.9120265413951719,0.9499523693398928,0.9791072609242635,0.024958920854079348,0.01578877560581474,0.01595776388995292,0.06606984997905968,0.8813704829537258,0.8691757644066188,0.6844053850606415,0.7692233476506013,0.6755190672060972,0.8792357270095031,0.8842523436371005,0.1867424146349445,0.07471194812855435,0.022531102575519706,0.06803635824135348,0.014102716159265484,-0.006995013160379319,0.008718098223967657,0.1192474832173148,0.6101121664937517,0.6372766252660924,0.8887691486521465,0.15357538032444035,0.1732409842113334,0.153957779208395,0.21641013550659333,0.533674944450852,0.7742765096405494,0.6234996787829343,0.617214347075365,0.6320538060935195,0.6174326198982633,0.9776031295400293,0.9660058375836736,0.9004194808807056,0.8598024711960549,0.7855830130204,0.41040608163392867,0.34951737937148275,0.3184260598889117,0.34203425013411953,0.3422403471642575,0.3353769803588334,0.37916332462442226,0.3140348236151112,0.22285937497077518,0.3203914968150755,0.36119083117107836,0.36045201498467017,0.34617489743741314,0.6921178916583098,0.4009882678921097,0.2557636016434899,0.8899303919966385,0.9020119562209455,0.02302440455913856,0.026804581202783985,0.01533222079831093,0.017096443731118353,0.0466933274637799,0.044772569521731635,0.8923474194138977,0.8652235990682674,0.11604620414137487,0.19113976970903987,0.22821192110224595,0.1362804200358351,0.06853665365765055,0.018141173692524173,0.008440559852328625,0.016564267889644525,0.6591389214321428,0.6504476700711379,0.5711194374010026,0.3844580564441257,0.013442724715443378,0.0034921917435507773,0.42849804925677726,0.1478545950683059,0.16112507277173413,0.3620200947513474,0.883892542404694,0.857889868269252,0.9454091569807693,0.9999999999999998,0.4708419501440089,0.013662815451961125,0.008649217878653364,0.19017264572892872,0.15732273220755522,0.23259313218390104,0.0643213679327706,0.011121504963580829,-0.00012182046555876112,0.6478978693015264,0.6797467426680256,0.27640961756451415,0.23708246735258265,0.1498695192424314,0.14578845103356688,0.22504968865525812,0.223994982901776,0.23402315023427883,0.20190056052207359,0.18723172858380738,0.24158498104577722,0.008538751106199456,0.8804763250610401,0.8603339376661504,0.6203503513992809,-0.00023033584110347324,-0.0006403726267233729,0.5044123650763873,0.2385187037897483,0.10087801608219812,0.7918781988954894,0.8744155881688503,0.0012920926768468994,0.013812479991398287,0.08616002326390214,0.09127068779751567,0.05774604713830708,0.017136668660250508,0.022668404679562073,0.018495859628773717,0.01074362985940385,0.671757188028441,0.7546916812114602,0.6774814220505729,0.01600223677159577,0.5560326615124943,0.2137850679027674,0.1347513833346595,0.8657796374184644,0.8742609749706225,0.8962343779619925,0.47996499247727337,0.8294090855168204,0.0860327057691859,0.8916879668759908,0.8896910310527262,0.5166701603431292,0.7976039097206171,0.9214938856043629,0.6686128218980367,0.7191416173722354
0.35180386247742673,0.35500790398112503,0.6458508110003318,0.5848823201743993,0.6627603121734433,0.5383024693627538,0.595267574995156,0.5503157310334862,0.5430058227550107,0.09490233440205637,0.08530325440162413,0.08494745251423758,0.31411853934448575,0.34516233688216086,0.332810690905786,0.4259136646317431,0.4343373797741259,0.38170543989378747,0.3809335929296533,0.37204931530269997,0.7076744205184556,0.3321294227744265,0.091829722728511,0.3137746566149298,0.08682004246177885,0.0722009376615455,0.06391088540940919,0.015559383563110676,0.3960080879533982,0.3757528798524623,0.35961777593312955,0.5129115212853662,0.5575416803279284,0.45008965682257307,0.6349887510884366,0.41009023463071104,0.3396942300887712,0.4577610958133853,0.36888616502833077,0.4849012342268861,0.38587679041262485,0.5198818618694935,0.5678717480184218,0.6714007611224415,0.32718090731907856,0.29504443181947604,0.9108909437068423,0.8863730983390982,0.8792856171637348,0.888487758589925,0.8922621217820995,0.8865485344990921,0.9126250846999491,0.8746643478847342,0.7939135181928578,0.8838274673010835,0.9084164848667359,0.9014905836806831,0.8936750498814239,0.4220419536964637,0.8622522588458317,0.8610065376395085,0.35951397642408794,0.36161596793879425,0.0912201461447113,0.09156013372817647,0.08422806556677316,0.07736980645369582,0.12067189550759673,0.10499326262641702,0.36362352178651297,0.3384053014371872,0.409856859961002,0.5916862183978071,0.6632960222517688,0.4148392024626863,0.3276000198351331,0.08746780002973062,0.07993804610774026,0.07941247809866242,0.3948563382700193,0.45071936436849924,0.3848807183986433,0.4523786005183278,0.08481508600353534,0.07227115142301191,0.2119763144384706,0.057517714361622924,0.12292895710295088,0.22543302679930924,0.3567213824138112,0.32905187455568774,0.6448210134610319,0.47084195014400887,0.9999999999999999,0.08317248181517799,0.07964519019940473,0.5925797926078687,0.47110208365299255,0.7314578715333833,0.34455781816218617,0.08067302343489981,0.07153190554372789,0.4515699782748505,0.44443595980142003,0.16371599170641915,0.15568420716770606,0.10491458942733241,0.1160644366744118,0.15176192546396342,0.14693940664477498,0.15220120561271402,0.12917385876138382,0.11560692389170717,0.16426388393518318,0.08260286934108335,0.350395054302562,0.3187263493327503,0.1959475954450326,0.07369731803071691,0.06498674381485556,0.21651193783223627,0.13652997640414333,0.05190798989190546,0.30318554977701745,0.3321265397789481,0.07598076498623674,0.07656689839073276,0.03060788040888958,0.18678128127689086,0.12579956756256427,0.08345693267268389,0.09262334027839458,0.08464411151378391,0.0793532130823846,0.3695875059474246,0.43066799950343243,0.3542850752043777,0.07474216400040203,0.2195667131290645,0.13120131228822793,0.022363007967865837,0.35606442541554445,0.3617648769437642,0.3559441483638187,0.43862998213386845,0.32478818000840176,0.12894963276547122,0.36592570547200803,0.36863252843212135,0.1886244072791075,0.2670305529502179,0.41523798569569165,0.48956044033081286,0.38465168024613894
0.017796190382967588,0.02156689470306401,0.10195937948454838,0.08858325351967256,0.04527411554199945,0.03167626988579473,0.04125174841284193,0.03578404505867934,0.028648671385135466,0.9702855875968385,0.9821415655312958,0.9695241274213532,0.0914988860235411,0.026113829021395505,0.01774368284542468,0.06009068675245934,0.05210637260511468,0.04137427885267887,0.027118705098464264,0.0270187257681041,0.06500310521030399,0.11088557842557303,0.996015779110589,0.10884998949833011,0.9966980720249115,0.9061515244177417,0.9463202733490467,0.033749981285677695,0.12899278781043091,0.05287704753240512,0.023142734867042408,0.07963388852563062,0.09358464854521974,0.07910143163500864,0.04654864390567399,0.04840792587439769,0.035992291279898836,0.049683461935956276,0.02967696882702373,0.09654927442314984,0.08160437226290354,0.026705130727741017,0.02940125867064158,0.03670703132558198,0.02372291276334454,0.029595190715436315,0.07636900171999698,0.06600928432254538,0.06757672025690617,0.06519361138006438,0.0668130639697491,0.06478531365283738,0.07015185693202443,0.060515660447214153,0.056701231731834584,0.0605180890944212,0.07052073234901843,0.06847946617163785,0.07384371039098946,0.050205625370689184,0.06448708144108606,0.06284438217622045,0.02366853939388013,0.014358431543884291,0.9670591072293907,0.9812319904632826,0.9602662875328186,0.9423010653247621,0.9059251470247055,0.8538989145318141,0.02044654518926624,0.019244984767271593,0.08626452902643579,0.0930388803426977,0.03872058038939367,0.07294720976315741,0.08647217874867243,0.9974687488544713,0.9804799178095326,0.943826171800299,0.07890157073486508,0.09145253213348963,0.09813604550591098,0.08961757470133819,0.9966387010951182,0.8837664854954014,0.10547076412332304,0.04183774578910551,0.037041403116704286,0.12622285742167627,0.02683896301169347,0.023789421674776233,0.04700271472782474,0.013662815451961123,0.08317248181517799,1.0,0.9715755598760392,0.0908810146725675,0.08015972930761828,0.045894121310706436,0.08081157306494985,0.9951210285852312,0.9551485714548832,0.05311731758953571,0.052432632651878655,0.11520654554312602,0.11954761644513333,0.06285359696858697,0.03773387882720704,0.14104197503404786,0.10492058638984,0.1057100102910207,0.09712635856681764,0.06488909039136372,0.13777338198132227,0.9912740645699528,0.02839909166397695,0.02132267385177673,0.0510589613569991,0.9611919551514293,0.9421442620299642,0.0613205249036687,0.03687465518881234,0.037944080791751864,0.022031139780296204,0.019163174763685904,0.9655635184039596,0.9482525627969913,0.06756685050864138,0.20155783710515834,0.170238715198886,0.9666747897200905,0.9806293712767299,0.9724773379856874,0.9256165029518113,0.03710137951464425,0.04856578551105656,0.040227903219406655,0.9480458835873767,0.058293998778146394,0.05752472990035851,0.051167459114534145,0.018328957966749614,0.03063721869307685,0.01734487237533857,0.0547391883472551,0.016661601871302594,0.5747123622291851,0.022789740970074437,0.01863458264419439,0.06259597248179838,0.014565443666959988,0.014651822851905081,0.051488044505273146,0.0343239797507322
0.017201037844103748,0.02119650646759299,0.09757045750845214,0.08357029318718466,0.03747466800396956,0.027800582091516295,0.036430604723466084,0.032033544190972665,0.024119542975996007,0.9107969183920859,0.9304657839775623,0.9182217136978722,0.0938961121466291,0.024203408685139205,0.016800704531514547,0.04863510889666823,0.04318316073155291,0.03281507051797099,0.023726927147850737,0.025009806993181546,0.06923063893405416,0.1135216268151453,0.9648152920869376,0.11018725602552905,0.9744575620043736,0.9444263476202209,0.9489899722471332,0.020242626346234166,0.11294277955263587,0.04240769625530936,0.020432994987281194,0.075821688664552,0.08933031654073813,0.07584176087446708,0.04042016203466204,0.03630310198143821,0.0323366309542671,0.03977247428674372,0.01819007044348941,0.08185114780805164,0.06936031052963407,0.023945601280482,0.026047047294663516,0.031206937127703865,0.02208167598528065,0.02555679271805346,0.07277631652584228,0.061870639288601224,0.06584644985016014,0.0623578590643399,0.06453359657999781,0.062463750889724064,0.06738747652389071,0.05787986153449839,0.059976368393127914,0.05789776762492331,0.06773506581324658,0.06463929427277512,0.07068710661010535,0.03968178054990427,0.05819967297565809,0.0641552788072849,0.021017250876360336,0.014197757751527873,0.9067087503670915,0.9286547571212095,0.8954755016588016,0.9211376084245377,0.8279374048645094,0.7681701615510794,0.018312556782506262,0.01905631326621979,0.08307403228138871,0.08890659466979722,0.03414070471050844,0.06544494427088521,0.08818933718332228,0.9706267226349692,0.9874611185565517,0.8759189166046509,0.06647616628666646,0.07806338134087787,0.08192996693370867,0.07707974745678786,0.975617576297678,0.9289851993119282,0.10034704947682188,0.048288912761532056,0.03693074133188231,0.11381496986580755,0.024620111079323485,0.022937298615131337,0.04370798315480212,0.008649217878653364,0.07964519019940473,0.9715755598760392,1.0,0.08587423382625582,0.07364843188889221,0.04228483103026224,0.08371236463711675,0.9680528869035722,0.985901487324139,0.042859047181261295,0.04193834164949582,0.10858430801692041,0.11253335469892924,0.057392092697244046,0.035915003408731314,0.13478191217439298,0.09886920219789155,0.10044489064484564,0.089933296140084,0.058392992394353825,0.12916079335921027,0.9671460893663876,0.02687943538726036,0.019863804133149345,0.04828651003390147,0.9793252218756696,0.8823097885911871,0.06220083054606804,0.036278487076235065,0.04335486655001737,0.0169978163379796,0.017501777927403497,0.984809301799084,0.8821498126516001,0.06539570658693131,0.18433069689639126,0.1545687857905308,0.9055257340516882,0.9286627574286016,0.9178252154065114,0.875466257001866,0.028686513877465847,0.04024645263757334,0.033331969088846065,0.922716933939834,0.05773211895488595,0.05409996528763616,0.038358117947681035,0.020293762999019926,0.027856615834647488,0.015018223755601127,0.04140819822398124,0.01824469639755498,0.59703693485053,0.020654383219194737,0.01606953825319755,0.0641523361925316,0.017170537690211596,0.011408713142276102,0.041233796449543794,0.02629683529268183
0.17213010885973745,0.1697307354419985,0.9937446724953926,0.9961185396893174,0.8849843399672622,0.2284396762321519,0.2502514218120254,0.23400845300710016,0.22799216760434415,0.10608095640718986,0.0945017030797002,0.08643121078811196,0.807372940992395,0.1664432454693548,0.16156268213538255,0.2625689609574657,0.2603097730373794,0.20712132704104189,0.19096742452337853,0.18300400513763412,0.6004165439344049,0.8285122221581755,0.10136002009678732,0.7938789368633858,0.09475950570754929,0.08352689936730452,0.06865725813769703,0.031020817137240662,0.2629339672207436,0.21207198662188534,0.17311166870264388,0.9853020497953956,0.9952300781610981,0.8935803512407048,0.9084106838111166,0.26442689466748637,0.19424096282692807,0.28845523011461077,0.20836847500223984,0.36362973549346117,0.24180990320481305,0.21976603634342548,0.2381506358592471,0.2927712856698015,0.1617876254207262,0.15254162445987474,0.7850561022110483,0.7598539643374084,0.7875545930666928,0.7888967033249719,0.7842783181718003,0.7742903370879388,0.7745420323982544,0.7818449064106336,0.7118329660842628,0.7723708228382541,0.7515286762754556,0.7311463232689287,0.7524321238835421,0.2507103636312056,0.6862759629511656,0.7104840794789433,0.17462286323490495,0.1657200911878943,0.10215365088510296,0.102923887170319,0.08856433231746272,0.0845011697084769,0.14355703899251693,0.12911141210327093,0.1739259815594012,0.16234432707419,0.9544414419339755,0.9967690456433022,0.8852827061362813,0.9290969148042011,0.8459051115167383,0.09524227882765766,0.08708876634764813,0.07963050964012584,0.23658201686869393,0.3018233472366159,0.25333915371200333,0.3547162780295792,0.08987926052308308,0.08257626495775565,0.17764134059852113,0.0637623677274315,0.12340015922389053,0.18751196185715732,0.17644558917506578,0.15911011028151173,0.29588190048961116,0.19017264572892872,0.5925797926078687,0.0908810146725675,0.08587423382625582,0.9999999999999999,0.9236520659865735,0.9036966352543361,0.8312556655555817,0.08597489575513319,0.07686925754506328,0.28694547181755203,0.2786589390812146,0.15120424996350337,0.1484824088207518,0.11182611126678643,0.12079421997980137,0.13727895721210928,0.14192611536565766,0.14500493933481423,0.12489647338324304,0.1175759981175804,0.14713279768834683,0.08932877762938149,0.1724808342910674,0.1524206718848866,0.13375526614682454,0.0854339086591717,0.07501929501411934,0.1343555787799463,0.09095434614958442,0.0816318263151296,0.16336635875354075,0.16220829601091297,0.08548087848036216,0.08350865409095072,0.07017425998790867,0.32802597971472436,0.21720412838235267,0.08586652977315593,0.10264948028923374,0.09157984239597093,0.07862441814280825,0.1871674890398832,0.25340070697285144,0.1979548108479025,0.07892725678509896,0.13798796514095976,0.08850146100886161,0.03822938988980023,0.15854967402648348,0.1813748063544704,0.16859309400326336,0.300519905181435,0.16465100831029789,0.13638406722773697,0.17671597981386425,0.1691524727266598,0.11766231844475629,0.12780894170203813,0.18513138782976601,0.30858337848473294,0.20127984650201666
0.15145128689511486,0.14964814773299878,0.9079772304996288,0.9280794940857648,0.8100944672813006,0.19104250088548946,0.20177671839493574,0.19019215769869008,0.18841631428302577,0.0988223819939504,0.08827684007798259,0.08142886192017287,0.6877565595329768,0.14399624222705024,0.14028567619835422,0.24627559105093674,0.23751893128905535,0.19313865005075098,0.1694653010100442,0.16117302278370146,0.461501989082611,0.7066768166086586,0.08972407428849714,0.6696158135542823,0.08214956650469925,0.06376848316714814,0.06747130869269354,0.03204692036641437,0.25025906615280963,0.20238378173632002,0.1515845409244803,0.9234929562076721,0.9297301402824736,0.9606303328851894,0.8324841417856857,0.24456796951774698,0.17701778399947263,0.2654128004674149,0.19498273619954787,0.34474319459315317,0.2334201603025335,0.18414247353092608,0.19399772963264045,0.2331061615310467,0.13993811638199846,0.1302399284534459,0.6743093727943555,0.6500762804486383,0.6628526516711163,0.6687477158370017,0.6656854925645119,0.6457701150811661,0.6551338005286865,0.6616244948686392,0.5699745978674655,0.649092887002505,0.6249740801257693,0.6082593545952436,0.628850814862654,0.232495333202333,0.586738267902723,0.5634403721174088,0.15345978058950943,0.14088511612707336,0.09629911571494391,0.09606219917615239,0.08313197661978344,0.08413360331117452,0.13290145196239397,0.1207584928404738,0.15172810024252134,0.14082342118026703,0.9062754587599712,0.9262466208701571,0.810769691331982,0.9733894387634943,0.7484338678688772,0.08382452936593902,0.07414005121354914,0.07491872035785051,0.22448922556649334,0.2809510674736917,0.2460706117793151,0.32833444385604293,0.07961463476063785,0.060969461764374705,0.1495334245269841,0.06188322841050062,0.0724448112078466,0.154119142192133,0.1551086867918444,0.13905333225001526,0.2451539887279428,0.1573227322075552,0.4711020836529925,0.08015972930761828,0.07364843188889221,0.9236520659865733,1.0,0.8083242759525019,0.7178656857774742,0.0754954759882883,0.062037896314610645,0.26582172425823164,0.2572814248905432,0.12092570359178442,0.11565745536362224,0.08359827960270003,0.08200340835073336,0.11375462187128892,0.11041848404656888,0.11213514988534026,0.09689555734745695,0.0899597399391932,0.11728862964432492,0.08073739029127479,0.14931668142841426,0.13250123456188992,0.11668589259773608,0.0688601420767882,0.06695740875655189,0.11938947781009984,0.07549642119742453,0.08586803497396145,0.14028491433239312,0.14198074916993017,0.07110234762927038,0.08148014355771417,0.07328586857917105,0.27905272302050776,0.17809307296814034,0.0802484794579436,0.09503803291827823,0.08679214608599074,0.07271996066752022,0.1784269316903455,0.23229573313112603,0.18833782910400543,0.07651226112657711,0.12261033831082747,0.07396111132832986,0.039868252583060426,0.13452411091327823,0.16081490227710152,0.1473130582861381,0.27509559144310114,0.14395734523951326,0.1108951634436849,0.1544757851156241,0.14947456647186916,0.1049996057439369,0.10989768960847754,0.16311222881463602,0.28342802928072053,0.18959967634111127
0.18912618721917562,0.1927766312144808,0.916953229793058,0.9053440343388046,0.9578747262331786,0.2792003304568662,0.30825691025813,0.2874261885708856,0.27627222268814217,0.06378119783637659,0.05200586566337951,0.04554140231110673,0.6111773858568238,0.1800831417831398,0.17502393188168755,0.2962944483365918,0.2905862452438086,0.24172876561273512,0.2122750984333274,0.20134230545538676,0.6652051726699157,0.630609061452637,0.05514680362431406,0.602404991060515,0.049351757159891214,0.03691415478690326,0.022869144416331352,0.016171808795370616,0.27882550215365465,0.2457773294124724,0.18903174224607538,0.8646015580878358,0.8917487081116993,0.7821756739136332,0.9599142426395971,0.3093781090334051,0.20732689644699492,0.33398373449686103,0.24167106200104863,0.3887303074624742,0.26659011519609677,0.2670098423142705,0.2900994098608437,0.3640233014161915,0.17280351785990555,0.15829780764044873,0.8893703139573368,0.8834724487235138,0.9039444944153571,0.9067206414081044,0.8985208014736914,0.8829139555488321,0.8913274951745914,0.909526142263365,0.8122229404778984,0.8969160342933213,0.8681518237835859,0.8564359807650982,0.8794237747018414,0.2842976577023167,0.8134849070329822,0.8147041608946554,0.1905932146175333,0.1874208016344821,0.060922230225285035,0.05826619252518253,0.049849475682907006,0.04116677903104306,0.09718480059194616,0.08456565124429942,0.19259021029269868,0.17900512153811252,0.7766107559510596,0.9033500132405855,0.9696377404402743,0.7802544962649158,0.6635109351210722,0.04949662527405934,0.04063538224693952,0.03980381016295042,0.261518779068707,0.3315438240984916,0.27597430908869364,0.39921508779581405,0.044917921658869986,0.035948748557712344,0.1373015832384394,0.026071498266403526,0.08427749411376113,0.15403883208508265,0.18999374243240738,0.17300164156791664,0.3628700156677314,0.23259313218390104,0.7314578715333833,0.04589412131070643,0.042284831030262246,0.9036966352543361,0.8083242759525018,1.0,0.6526212089273961,0.04175408452213156,0.03196530387608991,0.32654465505332186,0.3164830885663431,0.10855264324592856,0.10543914785287367,0.07525630639947603,0.08810253059500968,0.09880574335054136,0.10015792996699516,0.10112703763810908,0.08384113225590073,0.07773507403563139,0.10731691829475921,0.04419404015204882,0.18533560181275888,0.1641705960952668,0.11577173130110176,0.03761848663877118,0.03256129298373258,0.11657971975995614,0.07275128199364636,0.04729937762207206,0.17140726633253447,0.17477961402227699,0.03835411305682316,0.04312505729891211,0.031601808090775674,0.22415412417960012,0.13427576840143002,0.04596919650094625,0.058870687792994966,0.05034183349499462,0.043367082895893964,0.22271640360327397,0.2872639364724225,0.22418382940649195,0.03820992600613997,0.11733508700213134,0.06629105490950948,0.020516103800997346,0.18431344806702557,0.19665401797991316,0.18552991332697646,0.348447615383725,0.18305768592996088,0.09209039259163178,0.19635854136870431,0.19205415312475405,0.10359235724908167,0.1362954352037502,0.21741384187992047,0.3597846106499058,0.23650713579940794
0.055890129281332385,0.05276094117860472,0.8128773628728247,0.8350294170870722,0.6257249642826425,0.0784411073678665,0.0922853064366073,0.09043803747150157,0.08194921884465758,0.08429566771320554,0.07805784479980939,0.07307504396860204,0.940907163174464,0.058023207822944275,0.05735895147804411,0.07866605148177212,0.08759502096217063,0.04495510094278586,0.05985284321755711,0.06089332432552676,0.4193376656923254,0.9003322903907767,0.08719568924782113,0.9121334915084299,0.08652373558377574,0.08948025077740578,0.06579459427885859,0.0013030906145663852,0.085023403865954,0.043750446474488634,0.059197851739941604,0.8654232912197182,0.8436095512090573,0.689645646903909,0.6618508931513941,0.08568816600349344,0.06246177219501073,0.09423435602953399,0.04577881182637503,0.15320076570293695,0.062043835625166986,0.07524025988426203,0.0909111982211962,0.1277088791914935,0.05806697824494064,0.06074987454341993,0.49655750100648127,0.4703309062835644,0.5070560847452782,0.5036873953398618,0.4998309521584479,0.49683200640757547,0.4880589539460861,0.5035321326276666,0.48323887556011574,0.4950240399762745,0.471459181109359,0.45015395992561535,0.4725294499304643,0.07404177861178972,0.39567984095623865,0.4796472903019478,0.05994805268467069,0.05596238061064796,0.08072223659798368,0.08363196569379663,0.07240151395691583,0.0715168529460529,0.10238228373045442,0.09231403579141989,0.05755478348287443,0.05194786351595418,0.8731059333723066,0.8308000577730622,0.6334641659768259,0.7581424403648569,0.8329806150923925,0.08338695367967201,0.08351819733826915,0.0700073539859448,0.05809165959054569,0.1075116786544244,0.07151967999696499,0.15116455821669908,0.08070573314563116,0.09250904857278047,0.12707273525851254,0.0444010678347099,0.12044080514133376,0.12614096057638965,0.06376360688800774,0.054889651883593744,0.11862630481250448,0.06432136793277059,0.34455781816218617,0.08081157306494986,0.08371236463711675,0.8312556655555817,0.7178656857774742,0.652621208927396,1.0,0.07649535044076412,0.0770723608450356,0.09511623969311273,0.09030334053547624,0.11459549511170886,0.11684612768699211,0.09095896297578361,0.11268000037932897,0.10089271474193705,0.11384351695337246,0.11655762469551859,0.0958241147223146,0.09907227942659472,0.11299517900846723,0.08272992973457409,0.06315413166175643,0.05065262826512274,0.08800238543282328,0.08453427843469821,0.06793942897555666,0.07749090188952214,0.06572190916504912,0.05163648029920903,0.056496401658684796,0.05551868174902598,0.08453509666752651,0.06925307583294978,0.06598494023109222,0.2891977689793834,0.1772439192494362,0.07091625030390654,0.08268167854828247,0.07628246417426968,0.07059282937185817,0.031107120351217647,0.07812914478893081,0.03911478617245644,0.07083531870127315,0.08448405304116599,0.06452579794298455,0.005501922133985719,0.055694025820835505,0.06307456427889419,0.05769469278344932,0.10789665331440815,0.056795114586837524,0.1015731106638346,0.05856267633492719,0.05408942199742231,0.06614838497159958,0.045729029457300834,0.0572897017888755,0.1058957935010442,0.040649906922453925
0.01625783014291176,0.02000727279928849,0.09708551213197682,0.08359499403937787,0.040785172688914476,0.029368072249160236,0.03868303579973619,0.03286785666178812,0.025917180067083045,0.9735609283885733,0.9856332483715714,0.9766062450946337,0.08684443224390749,0.023702484171225866,0.016071244679396527,0.057354175883518974,0.04934684714441745,0.037255508701562245,0.02486594579420585,0.024703071300752222,0.06364285780011188,0.10688017595399349,0.9939802215919303,0.10395557655669285,0.9956348797032033,0.8975188539541127,0.9520772679159748,0.027837899815648316,0.12540526672095725,0.05010132286213051,0.02079145850003347,0.07454087090604537,0.08820108738168853,0.07362636399514018,0.04177754308571552,0.044810881705441875,0.034815962909196994,0.0461113009161525,0.027205603319682994,0.0932748740126089,0.07993692900123353,0.024555166529877704,0.02756692053601975,0.034606644385909914,0.021510806139703232,0.0260436951175968,0.07343449336290991,0.06304654540637543,0.06526569650026874,0.0626380337778749,0.06406380876648834,0.06243716846622217,0.0672403896922279,0.05722414873419135,0.05423204076726422,0.057923200526629144,0.06734098996844867,0.06592143927977691,0.07083884177105579,0.04674850810240395,0.061620701830957365,0.06009672531929632,0.021328758731366387,0.0132048201491394,0.9716104203021293,0.9839585005549815,0.9672498681459771,0.9466440879703846,0.9098072700255229,0.8582627745167102,0.01841898010681739,0.018182610133314243,0.08117142204065987,0.08798894000746277,0.033806621002864294,0.067857044281615,0.08288463479562443,0.9957212310183494,0.9756442209993693,0.9539037825577757,0.07686249695206915,0.08813395707951546,0.0955507953882657,0.08420629235997507,0.9949155523879291,0.8741231544123573,0.09879534729158931,0.040161546482700976,0.031796379401817974,0.12059529435620332,0.02409727811086671,0.021457814452179938,0.04412164184546838,0.011121504963580829,0.08067302343489981,0.9951210285852312,0.9680528869035722,0.08597489575513317,0.0754954759882883,0.04175408452213156,0.07649535044076414,1.0,0.9512299903455425,0.04984761150997443,0.04952520663338299,0.10944414601702905,0.11395461784558183,0.058315761856442515,0.03292809217070345,0.1363716670481461,0.10009142216538595,0.10093521161812338,0.09196635052062217,0.06035988785850121,0.1329822783051386,0.9937278653437921,0.026156955455238124,0.019360301495932323,0.04483620685979953,0.9545057327809717,0.9496573793327154,0.05454722703146407,0.031445498229303474,0.034979496578290054,0.01970198460458719,0.017246571751804943,0.9628304923718715,0.9557110935564914,0.06330118226511623,0.1983116746582888,0.1690212436748605,0.973045927032306,0.9838906360246975,0.9780066519196373,0.9339966181962271,0.03417226663082831,0.04551818161159475,0.03881633894375624,0.9541745078465227,0.05264057741706924,0.05232913883750173,0.044721619505477095,0.017178773196137833,0.027741336650619005,0.015295214527607645,0.05095959546602361,0.015666992836654597,0.5523866638835748,0.020783232556717966,0.01711226228256803,0.05602220344831351,0.013812318331624001,0.012579079497636722,0.0480267754253215,0.03175730255705172
0.009072793643055488,0.01354408997864341,0.08778136782925519,0.0744042585165854,0.026122053591214164,0.01875681604772905,0.024839950812347168,0.022970946362114768,0.014773941720093548,0.8809683644019634,0.9043573229654721,0.8902378964209261,0.08882514139312529,0.016125980981816283,0.009892647413038748,0.036484652018944776,0.031157224631104565,0.020503824143688183,0.014040838348041597,0.016047088972441653,0.06326602630563721,0.10873441311082303,0.9447249514107828,0.10550517286463001,0.9581187690852268,0.9543462408483859,0.936567851372137,0.015040945123043811,0.09790694268478012,0.031089551372531943,0.012050788236129734,0.06664700522393144,0.08035592125851274,0.06448892909722324,0.028966559443837622,0.0223954612591439,0.021895048594914247,0.027049920964713894,0.006013667893761381,0.06762267120276944,0.05664400597623264,0.014155099701605436,0.017863811430524387,0.021225089425634093,0.01432530944082384,0.018428174699030787,0.06067964810329683,0.05139024753256133,0.05543766656854542,0.05106348999395689,0.054072009677216634,0.05190187452496308,0.055994741891134854,0.04760395750824203,0.05243452717823717,0.04684920306309448,0.058484663432625754,0.05416957707725989,0.05960838206776596,0.02718207800860168,0.04606130594719468,0.0566489686495728,0.012439782178432716,0.005614784879661174,0.8755158804846054,0.9019098895994626,0.8625533914888215,0.8955724922880074,0.7941353485876289,0.7350495105957732,0.010282856694033256,0.011515410516574703,0.07685997824230449,0.07965762778887404,0.02329693887056744,0.056592389246199755,0.08109939527416565,0.9530595179452437,0.9818945511312415,0.849678595432091,0.05269733326082794,0.06462202776226794,0.06958359740807944,0.06428808834608289,0.9605117236480265,0.9457647113044564,0.08733647009338917,0.03780805369873502,0.030239607655053374,0.10502699330780146,0.015949904555191064,0.01474784984096765,0.03376921905829714,-0.00012182046555876112,0.07153190554372788,0.9551485714548832,0.9859014873241391,0.07686925754506328,0.06203789631461065,0.0319653038760899,0.0770723608450356,0.9512299903455423,1.0,0.029199169186013132,0.029334973228770336,0.09784982132443627,0.1009105418130563,0.051863407722587226,0.03127153839443122,0.12459451267417296,0.08799690414468203,0.09020347273022593,0.08126060362216916,0.04981944895290504,0.1165669673833731,0.9523240032102728,0.018786627157207046,0.013597550037124548,0.04190634770178238,0.9875765007040282,0.855543901059374,0.05229023242171938,0.02357824610754818,0.0316262811912451,0.00888544155866571,0.009334864020820623,0.9877116040197678,0.8545624058664011,0.057867185558838054,0.17729546795926693,0.14852604971799838,0.8733446858539572,0.9013917935943103,0.8891776585694685,0.8329531562348973,0.017477096848333682,0.028398909983587017,0.023716365425643014,0.888802831429507,0.04723960067435785,0.04300953880631313,0.03166246442462224,0.010929006813972075,0.018535676021564435,0.006910469534703186,0.027133399195498932,0.0104774297032568,0.5984608643514907,0.012252132443587704,0.008951759907579272,0.056554163513748056,0.011934805704554317,0.0031470547802616906,0.028818510806895885,0.016889096358277435
0.7764463391781303,0.790608956813454,0.3108758175103756,0.2710788417341918,0.33575405467210917,0.7058619489299429,0.6129059461943758,0.6169933111667025,0.672947155692918,0.07084968456139028,0.060568545085325644,0.05924188004166925,0.10465513694734614,0.7328602461715222,0.7263811652645904,0.9864189158375977,0.961800229488189,0.9487020963327168,0.8379220501372492,0.796166834523257,0.19289372185891007,0.10413818025975921,0.061556356605835846,0.09996831847000011,0.05205694763023431,0.024218996769003232,0.0424887028438267,0.13977541146593078,0.9517973766546389,0.9525540406039258,0.7650140811528794,0.2294890130586274,0.2614682154467873,0.2484230059177201,0.32265506059023147,0.952040058160908,0.8665782281755263,0.9837328083031218,0.9581688802531309,0.9730865383009901,0.9657892702573059,0.7006362843812269,0.6475949259826457,0.6035736158748892,0.7290066829026528,0.6905739812955933,0.520316991185162,0.47478958723096265,0.4268050394657278,0.45223327744622416,0.45609782323928144,0.4601647589144256,0.4750110631353309,0.40539471751159345,0.2524186078771484,0.4183611368677946,0.4655098061516817,0.4754217579698227,0.43159557136425264,0.9875265742163937,0.5453142068715952,0.27845053110926477,0.7658684579016126,0.7459213520690595,0.0698362971299096,0.07071321182130669,0.05636066016687133,0.05150982709083111,0.10986640965424901,0.10116870816149318,0.7786517465451543,0.7638339551516315,0.1795232405994544,0.2868396541019272,0.3265903770099006,0.21951710804417807,0.09829412590669441,0.05733132939505215,0.041578889067176175,0.052818671878887294,0.9615631140986027,0.9784405564080709,0.9312210478966997,0.8338773338273088,0.05215200105927267,0.022943401773924406,0.41540250132062395,0.13362872886827776,0.1637375199725233,0.4619319401943333,0.7581517486579145,0.7445432324283501,0.751519796234575,0.6478978693015264,0.4515699782748505,0.053117317589535716,0.04285904718126129,0.28694547181755203,0.26582172425823164,0.32654465505332186,0.09511623969311273,0.049847611509974424,0.029199169186013132,1.0,0.9909093878983327,0.31400650734885094,0.2806412216448536,0.18601333948006693,0.1522916735044096,0.2914373056589279,0.2694148983431955,0.2706393780642088,0.2557185550433537,0.21611883693154613,0.31219657222628705,0.04683655819194421,0.7398777948096824,0.7109420863370757,0.4819555134193758,0.03317001103502624,0.04024844486608621,0.3987573167510488,0.20959926393563813,0.1103148934636573,0.7423196610920625,0.7330384413469501,0.03380733326748869,0.05012515504550793,0.07972328946346192,0.14671157236739993,0.10851168146505591,0.05695243057491917,0.06724053930126551,0.05960924348222861,0.047131853968260175,0.9393560349374269,0.9718104184185603,0.9491162577091274,0.05338086663578373,0.4382671780914381,0.17994817703281252,0.14998580201175207,0.7052113673239655,0.7924466700039403,0.7529922848974635,0.920232696201877,0.7542888203259408,0.11351845871243728,0.7793009747617548,0.768730158805276,0.39223516521576146,0.6493208959104549,0.7753129935270999,0.9852095687618667,0.9432172608761545
0.817009565169065,0.8285756317510126,0.3023997710447112,0.2631582700684537,0.32666374934302056,0.7335822201037949,0.6344793011906094,0.6415025909208165,0.6997682977049218,0.07022221486000467,0.06020815568187875,0.058590016113359185,0.10000349218345483,0.7776672905286126,0.772857478174045,0.9930453598909544,0.9780084329129729,0.9502050785350865,0.8717316905522652,0.8344552252306557,0.18478368434013392,0.0997679324976021,0.061730636913349214,0.0952006549568465,0.051916194452901555,0.022372681334962004,0.043288961275047215,0.14403748759026452,0.9534820741471679,0.9562930217882821,0.8052191359833744,0.22258877549398656,0.2540295101433231,0.24114046523961907,0.3146498048430244,0.9364408752476173,0.8999005167187969,0.9767092152645527,0.9579292761762854,0.973935066961635,0.9673345949422305,0.7301504786126609,0.6767120413578734,0.6237832364094783,0.7748942638131758,0.740287569496862,0.5081532339751258,0.46162954921204324,0.413319726356202,0.43934725863377644,0.44259874093659074,0.4456415048085265,0.46280465465356785,0.392541332989475,0.24253510913848492,0.40575313784940975,0.45262448862305465,0.46187796716739865,0.42007524371573596,0.9908919648847261,0.5310286098706399,0.26838229435545286,0.8064953763609923,0.7890945594963732,0.06922118873348887,0.0705827092183461,0.05576982880665036,0.0516725884923007,0.10805313830641688,0.0992481275834566,0.8182318766897726,0.8058081200559438,0.17385460397786243,0.2789648185360507,0.31734664270541424,0.21231696688535504,0.0963954963009909,0.05727607045438345,0.041452109178569396,0.052451762384797936,0.9672533691669918,0.9813328532804378,0.9325801652486302,0.8132210906267107,0.051825739300336376,0.023169281018078535,0.4378595554008386,0.13736434609053041,0.17225270178651725,0.4775049014637146,0.7995242269171373,0.78599470234342,0.7757069741357234,0.6797467426680256,0.44443595980142003,0.05243263265187865,0.04193834164949582,0.2786589390812146,0.2572814248905432,0.3164830885663431,0.09030334053547623,0.049525206633382994,0.029334973228770336,0.9909093878983328,0.9999999999999999,0.3280333123833047,0.2917980359879516,0.19463381897704188,0.16037859732523335,0.30172495088825874,0.27982839675214766,0.2820981603441429,0.2643751452174976,0.22567695479403901,0.32430203944314506,0.04638048469924468,0.7850259521017334,0.7587564129055725,0.5251601019810844,0.033406744449693895,0.03984803396421384,0.42820488805004875,0.22169225119827335,0.11039688264245821,0.7935552950095792,0.7786977372316806,0.033896200771835805,0.04923005294501544,0.0843357220705498,0.14598905064879197,0.10643045968513791,0.0567158914247572,0.0670745116186331,0.05941026812384824,0.04628982433835215,0.9445836292921106,0.9856542595314799,0.9618684117997728,0.054124283538345,0.4718131932051137,0.19085770400916888,0.15335316707800564,0.7432613242708387,0.8308419340018188,0.7935255663855512,0.9008912004450849,0.7988248635114416,0.11493540704631075,0.8186411278930076,0.8042442191480895,0.42517881813938624,0.6987473579291715,0.8028454197751907,0.9794697036632463,0.9519816087848044
0.33960865596285383,0.3215174691588172,0.15769074807256217,0.14343534250443107,0.10912469186807515,0.29393330379391575,0.2635442060521696,0.2668980594961017,0.2851334598993846,0.11409320777942732,0.10868631289603106,0.10085749934569645,0.1302722726726418,0.3851858436542707,0.36038550649773904,0.3212604043664762,0.37070953449673577,0.2868984035546936,0.35817935012681146,0.36777643101845864,0.0818453918784909,0.13285906514784893,0.12413994808819911,0.13086749179824503,0.11332494314086179,0.09796628945425731,0.09337098073114532,0.16552725624073172,0.4151793237671249,0.29817767955367847,0.3642778647853659,0.13691653358438502,0.146728537276467,0.11075702058078872,0.1015353701194897,0.258218131015419,0.3895513117741455,0.27672017483892286,0.29508120721675696,0.35516985604312207,0.34400108620478576,0.295229122764012,0.282820499648754,0.26108886813582866,0.38437023191965075,0.40381856061231197,0.1702579207281341,0.14317907393231538,0.1274318069483432,0.13850437030717838,0.13984391010255798,0.1397686651441542,0.15558729160876025,0.11533439281326165,0.07466419129103452,0.12183973542988612,0.14236248908653248,0.1382702251189838,0.13345043563481154,0.3242043303467121,0.16150493770227153,0.09592539033840612,0.3689857043232131,0.32232187728411404,0.1093444388010813,0.11885623934998012,0.09619858761104653,0.10080974595192119,0.13577776006697345,0.12165456013384317,0.35286196317146246,0.3334107947231669,0.1333540084117312,0.1496388324244143,0.10305460609534522,0.11812857374693608,0.1334221590885847,0.11825011969374141,0.10947361391839758,0.09689929267519043,0.35752593865940496,0.3624223795473479,0.3182565331566316,0.2072076929673607,0.11213308566027386,0.09804909634806436,0.8904325975315863,0.42602244032436637,0.832577816425559,0.7822597201843676,0.385051195467617,0.3712877048145303,0.30261299166503747,0.27640961756451415,0.16371599170641915,0.11520654554312602,0.10858430801692041,0.15120424996350337,0.12092570359178444,0.10855264324592855,0.11459549511170884,0.10944414601702905,0.09784982132443629,0.31400650734885094,0.32803331238330474,1.0,0.9875605031806861,0.8937996845944,0.8434710806148407,0.9441379911639176,0.9813337360623273,0.9836755429644729,0.96665609151801,0.9473866687889483,0.9209269031714138,0.09937131607746737,0.38854507613518274,0.3697173396140154,0.5780711958692111,0.1079226466727561,0.09508793024398782,0.604133792133644,0.5739761115118546,0.3767742159996867,0.3838107295312016,0.3626677392561918,0.09844587844436009,0.09563149089565211,0.27465084028298875,0.17146459981876339,0.1356503249948565,0.100983250164075,0.11772340000725542,0.10510454809374638,0.08850857572507533,0.2786331878156571,0.3450400340279692,0.331098268918116,0.09934897523588851,0.5951840343764533,0.588135711553263,0.19187955988202976,0.29820640732553955,0.393163635742303,0.34613779696192293,0.23074512039078116,0.3249161464904143,0.259582130090721,0.3561518415000658,0.32079108680401464,0.515417506863729,0.3158907474737462,0.29483657625342,0.2917856389175175,0.2908512361748574
0.28883301137541484,0.2708989637410134,0.15543094223815956,0.14052121523016342,0.1054419581493625,0.2540238824321872,0.2358047050851134,0.23444683427931487,0.24806796908800224,0.11904768619569969,0.11282856811947341,0.10484273068600232,0.13357594402999307,0.3330494932473603,0.3085012640106093,0.28426042910228994,0.3278200533476498,0.2506401991986978,0.3087081988794813,0.31776361669839054,0.08491424383311684,0.1375685877578649,0.12846200252278697,0.1350926960162156,0.11713474598407725,0.10229070050296321,0.09732657650227623,0.18422330424070324,0.38161169619229646,0.26516688237999236,0.31406949277206814,0.13556958452865436,0.1444430638326685,0.1060398477413782,0.09681416895247434,0.2309284130728091,0.3426559271149059,0.24670404758143005,0.2624160300452484,0.3229662188027369,0.311071784190088,0.25460868544851767,0.24625655012361683,0.23184262782484122,0.33182077251304287,0.3540127855914391,0.16300785132587062,0.13839963844921188,0.12449952591865844,0.1336980441339416,0.1348132581358193,0.13541349503799907,0.14992489224145408,0.11259696057439486,0.07620321175224919,0.11877807339420653,0.13788109496837234,0.1328562154249942,0.12868004326037477,0.2880722398470471,0.1530724418284023,0.09720734783386502,0.31804105707429475,0.2718117423139346,0.11405796074754967,0.12282220407401093,0.10033342830643086,0.10180154869000158,0.1422861175762563,0.1277784672023356,0.30229624777361025,0.2820581615607748,0.1315231383048983,0.14719617089627168,0.09902622715220753,0.11319291308030273,0.13494109809124785,0.12221383912905281,0.11337620602364527,0.10125785319128823,0.32310029980047217,0.3286174183861176,0.28990013207029924,0.19069323819611927,0.11534887285357566,0.10052203638257824,0.8804692366018685,0.4372104247831039,0.8524605554204004,0.7524355378211155,0.33414767249158694,0.31905442284678454,0.26342635673447334,0.23708246735258265,0.15568420716770606,0.11954761644513333,0.11253335469892925,0.1484824088207518,0.11565745536362225,0.10543914785287367,0.11684612768699211,0.11395461784558182,0.1009105418130563,0.2806412216448536,0.29179803598795157,0.9875605031806862,1.0,0.9058073020246956,0.8612623649143527,0.9354656102156294,0.985793307956821,0.9900555669211392,0.9693470298188402,0.9529951849741938,0.908225645008204,0.10371278579845918,0.3368642170284973,0.3169736576418243,0.5208435528326371,0.1116473219128085,0.09920657329642768,0.5846590689439871,0.5839793718063206,0.38901726767758976,0.33206859068220723,0.31070074520975394,0.10182921893455735,0.10096087968451739,0.28264447233044154,0.179070660208733,0.14852925406425455,0.10558376179743652,0.12191731905044655,0.10924277917809777,0.0924051791866064,0.24307621671840976,0.30443972637225486,0.29225653776414295,0.10240813750271514,0.5707667866986059,0.6034818879563479,0.21058409244388626,0.2509014135447776,0.34283215825456137,0.2951997542312966,0.20844818808389964,0.27419986371460375,0.2686312878533319,0.30548981364216454,0.2718685452895653,0.48514649507375823,0.26223778569100475,0.24991603370141044,0.2586992687636397,0.25320401649364965
0.18477866350989633,0.17226216904475344,0.11624074217596014,0.10628517406815921,0.0740589106028861,0.16146151091875882,0.14820913549665082,0.1489344736772501,0.1584370597111272,0.06090805037698031,0.055237238826675715,0.04969730717755246,0.10463542490282535,0.2219620246041674,0.20022752934643018,0.18573679386257155,0.21843104917570397,0.15963006378180883,0.20073237643252723,0.20906548808333275,0.06408298200086021,0.10799494830808733,0.06913615455163873,0.10938153077966044,0.061165305347026876,0.056548089183732775,0.04000262141084158,0.16695528124378256,0.2691059243625042,0.17096654390377758,0.20612607444727027,0.10675766864893252,0.11000745634714434,0.06550376603452525,0.07038894661206849,0.1514074374989004,0.23736576037616408,0.15858983286013673,0.1732397349172333,0.2207483737058063,0.21096641202240204,0.16170222859433375,0.15854653643730174,0.14816154600431936,0.22172988105992375,0.2413649465761452,0.11028287831223145,0.09505082171107279,0.0843484505982165,0.09060011747656381,0.09488391379182176,0.09273128342591583,0.1048461885917427,0.07848849580716516,0.06116284680880216,0.08275643888320179,0.09445118527043701,0.08723225614058193,0.08733168319621169,0.1903699081553529,0.1004190518072941,0.074745777545757,0.20963405920356026,0.17186704745714987,0.0574040124228825,0.06429792094525252,0.04822931254696827,0.04541084535761627,0.08358383162415123,0.0771203242789188,0.1963491416216121,0.1792076380883405,0.10434750191654114,0.11203725677713257,0.06958570617947538,0.08477828877844489,0.11436541859162223,0.06451058982419457,0.06064860890820272,0.04751325599692573,0.2198146245713191,0.22375256246203856,0.193730466197085,0.12127191811171877,0.0580426581458001,0.056244574531698927,0.7575797612798457,0.39722831715885587,0.8143623305682085,0.6169867993616529,0.22287992574049634,0.2100049515258495,0.16744037300429573,0.1498695192424314,0.10491458942733241,0.06285359696858697,0.05739209269724405,0.11182611126678645,0.08359827960270004,0.07525630639947603,0.09095896297578361,0.05831576185644251,0.051863407722587226,0.18601333948006693,0.19463381897704188,0.8937996845944001,0.9058073020246956,1.0,0.8795798574075655,0.8350184957677269,0.9111865305369691,0.9064039583509895,0.9323722746152203,0.9328340196974286,0.7731893625896848,0.050908948634039636,0.22488831029506048,0.20670419567481646,0.40614858309308466,0.059603764872119214,0.050441930926647595,0.4593935491331821,0.48276631847036494,0.3564336532299879,0.22651048931530862,0.2051761748063033,0.050720957147815826,0.05067222990375524,0.2544316878296088,0.13544433616617454,0.12475850922513852,0.050210936143576135,0.06242697667459444,0.05198631799113924,0.04281418477292498,0.15778935608352557,0.20257681046577194,0.19754862490549452,0.04691846302650787,0.4457017810776864,0.5018164898240638,0.185595009660219,0.1567427443002946,0.22967535205755338,0.19281428750364463,0.1325296283269605,0.17607499546379313,0.2004044781558896,0.19901058336386715,0.17160924102515826,0.3678978749961552,0.1623960751204052,0.15712848755922432,0.16741627401670242,0.16046341744356266
0.1642222971329832,0.14938265877035195,0.12590778824806645,0.11532897882458011,0.08397138072697305,0.15470112748109316,0.15578404519995323,0.1551223833485955,0.1575774010530558,0.03414517115154893,0.028812254763233677,0.023797402984021596,0.1250936454778331,0.2014772266653588,0.18057905914657116,0.15069544607150653,0.1871081138011664,0.1363572067758049,0.17733122767580287,0.1868465674723581,0.07472326180656082,0.12665748712331465,0.0447312264429136,0.12797171576146088,0.036110127056244376,0.04014797457047455,0.015315746491447022,0.1712981010875014,0.22804190574857044,0.13942447577771136,0.18436751410468924,0.11730973150138907,0.11931891707451797,0.06930871262519343,0.07610479467676289,0.12196977380991116,0.199628999157486,0.12866339161220847,0.14419277352367757,0.1861232392329062,0.17647355419544714,0.1510925331011339,0.1539005304392807,0.15609872229755334,0.19931601007570537,0.22256746204513916,0.12110183961689931,0.10499539899354236,0.0951012920559906,0.10246407606649766,0.10560027155583142,0.10356621420453005,0.11647446387054619,0.08920974862364578,0.0719443219811988,0.09440276933705921,0.10272786118905364,0.09799544535388141,0.09885463664722838,0.15490064082044164,0.10787517958664733,0.08788748506973815,0.18870523511668524,0.153989201226696,0.030486174168711085,0.038127021935417595,0.02201846924363674,0.023478080052192787,0.05170920050510598,0.04333728708692661,0.17513335305275282,0.15788456786222835,0.11457442543704459,0.1207186495746217,0.07873659218594913,0.08610946451728078,0.12522092620111092,0.040347153714388,0.03790288152345434,0.02568116369477762,0.18638670181591194,0.18890858132897823,0.16304778417262683,0.08898562866918105,0.03382281019842367,0.04127108613226316,0.7371913038754435,0.396709194110243,0.8894838983814605,0.5756554155141299,0.20149202110677766,0.1897000695631859,0.15892874584787095,0.14578845103356688,0.1160644366744118,0.037733878827207044,0.03591500340873131,0.12079421997980137,0.08200340835073336,0.08810253059500968,0.11268000037932896,0.03292809217070345,0.031271538394431225,0.15229167350440959,0.16037859732523332,0.8434710806148408,0.8612623649143526,0.8795798574075655,1.0,0.7429432458744738,0.8619617548316097,0.8614839355013564,0.8622175982885532,0.900855480677713,0.7206530459118992,0.024291313365014753,0.20334452777661652,0.18704802257591271,0.37644929828027823,0.03942166205506731,0.02568971789721511,0.44541716828571276,0.4815625138257388,0.34899064128243107,0.19993970492737667,0.1814913286598806,0.028695974553938894,0.029185397657289808,0.25537917471263694,0.11659529673611266,0.10417502759313985,0.023890915440438806,0.037223615396297774,0.02620610075301627,0.016744247242586555,0.1315415381958408,0.17119828913338717,0.15952073896310587,0.020662205316953317,0.43265053859427954,0.5095259625419312,0.1848176541763892,0.13616086313061382,0.2066660160735101,0.17032774751275956,0.10554034450311339,0.1511963101927014,0.18590085715028118,0.17732983603343522,0.1500710722764945,0.35210670819922885,0.1465370739742646,0.13649993536137675,0.13629585565896463,0.1342143173773717
0.2726183481418249,0.25763372828675,0.1437611442915233,0.13036976612509388,0.0991010778361989,0.24282881516584526,0.21945902464644768,0.22122545708113886,0.2354644039164012,0.1392865371713749,0.13459872722792618,0.1252886493516851,0.11345111184055948,0.3102855370143018,0.28918873494981484,0.293883878170351,0.3298904202413941,0.2581853238399379,0.2966455165915734,0.2996862920275325,0.07205639750594284,0.11423678428964319,0.14898810832753512,0.1102721597733331,0.1390973505790637,0.12820284234234564,0.11835116588966539,0.12220521954061132,0.39908057245216083,0.2798053802763442,0.2949724635624655,0.12376302400764423,0.13356842895833312,0.10622636309537362,0.09129916784313732,0.244531689994756,0.3374614635226301,0.25832797407431896,0.27727885582918704,0.33713211779656044,0.3258623055098716,0.24305005189910303,0.2344642627743756,0.22034951435872083,0.309488937421632,0.32623943931174204,0.1563130073453873,0.1338039781215804,0.11729776802046381,0.1269123814384198,0.12803825272859992,0.12992999221106757,0.14383328150258332,0.10462107210548768,0.06168458728810841,0.11032143371120935,0.13165072361374855,0.12870066280585518,0.12277795109405626,0.29824810473885927,0.1534702105318185,0.08111001546145803,0.29846557572059906,0.2571532328020223,0.13467084719184055,0.14313394276776314,0.12137220093408435,0.12060208118614348,0.1610570657902259,0.14714776678914576,0.28589564637197257,0.26705456499327695,0.11959920247419878,0.1354537970666905,0.09559200805121573,0.11073889133463957,0.11753166999862369,0.1422497244498429,0.13374600986035265,0.11971298071959936,0.3356562107110193,0.3420216646003827,0.3081049763111378,0.20194719545502263,0.13666947838180982,0.12296710885552817,0.7804608584454086,0.3556288408211755,0.7201974381855206,0.7432138865766746,0.31111429362427473,0.2960398672123072,0.2544469500164597,0.22504968865525812,0.15176192546396342,0.14104197503404786,0.134781912174393,0.1372789572121093,0.1137546218712889,0.09880574335054135,0.10089271474193703,0.1363716670481461,0.12459451267417296,0.2914373056589279,0.30172495088825874,0.9441379911639177,0.9354656102156294,0.8350184957677268,0.7429432458744738,1.0,0.9445579890851797,0.9280845639714191,0.9451531428651038,0.8734734469016311,0.9520255687549423,0.12593754358151668,0.3159446921441701,0.29864299682137085,0.4704600722686188,0.1331016974823976,0.11441406625992437,0.48588600110929464,0.470616117527589,0.3273556833462994,0.3150088706321572,0.2919836844283851,0.12681735055815885,0.11691632767777763,0.21964713209363612,0.16058691623663734,0.13169826132532028,0.12573157899357068,0.14387138790896176,0.12930074184828458,0.1127658982019762,0.24900828166155783,0.30803135149250943,0.30049155114919474,0.12121244577875907,0.4775427631335974,0.48943198824473055,0.1387810574527265,0.23541734466782413,0.3217063283033094,0.27781505102735427,0.2209581651884815,0.2606906746458461,0.24728234624143003,0.28854715370205264,0.2580689748269391,0.4063731045082862,0.2398170277259043,0.24260636089397275,0.2692213540575149,0.25846057408357453
0.27577447247343667,0.2579801915055217,0.14854623491776092,0.1346157904979862,0.0988436862923892,0.2406137491316241,0.22196405249978685,0.22096638318046521,0.23426588393805914,0.10394396026118563,0.09846277146562982,0.0911112185415191,0.12746379746622113,0.3193997989253076,0.295621779281364,0.2721775077934424,0.3154653380636192,0.24194027218020112,0.29518051911290144,0.3039780415442778,0.07840238260890053,0.13161344701795338,0.1136937201928467,0.12935431884749832,0.10304545231337432,0.09156360841679666,0.08136720987758707,0.15674708836245235,0.37018290258204234,0.2569229631631275,0.3006479966619114,0.12973473826539053,0.13825460065759484,0.10093111004868087,0.08936510946875117,0.2236695806565786,0.32832213772055346,0.2358895357408122,0.2539088495792871,0.31196780337906,0.3011495824245441,0.24053395111884404,0.23143442692672664,0.21877568960115357,0.31843904639019527,0.34037628060780034,0.15455097871806395,0.13292093499758117,0.11765475577087657,0.12731520662000714,0.12862873929013158,0.12857589774053588,0.14297884960781615,0.10589574603026207,0.06991600638292358,0.11261945013671075,0.13026460694972047,0.1271419473109894,0.12180449546515566,0.2756344336475071,0.14495239427793002,0.09070197466723533,0.3048054363840473,0.25888479903373296,0.09956111390735216,0.10820250037084714,0.08712553578490093,0.08777783033494649,0.12593491229284354,0.11250394639510322,0.28912719469997467,0.26954182055700476,0.12699456176211898,0.14049095343971577,0.09313345614830922,0.10834138319128818,0.1327188077712633,0.10752186675147068,0.09939553965095385,0.08824362242413367,0.3127114111049521,0.3172516893338608,0.28227166705496937,0.17856279304803813,0.10154102661135157,0.08918111054286301,0.8613714210463301,0.42416006280040675,0.8452051912318364,0.7403815697615218,0.3205784925967813,0.3062436229065549,0.24860195187285852,0.22399498290177602,0.14693940664477498,0.10492058638983999,0.09886920219789155,0.14192611536565766,0.11041848404656888,0.10015792996699516,0.11384351695337246,0.10009142216538595,0.08799690414468202,0.2694148983431955,0.27982839675214766,0.9813337360623273,0.9857933079568209,0.9111865305369691,0.8619617548316097,0.9445579890851797,1.0,0.9881522198030416,0.9767773324142456,0.9559702196938807,0.911933106260272,0.09057314989124965,0.32315636009066834,0.30373782157801393,0.5153146520264499,0.09816106234596914,0.0858341731932538,0.5730552560276264,0.5746303188666722,0.3775527984982988,0.32015230141364803,0.2979331373270701,0.08923360759974866,0.08753428477677076,0.2649450826719972,0.16463134029372656,0.13157092741375476,0.09193986066618709,0.10752303833513134,0.09489730313907305,0.07900683891338875,0.23390847407789944,0.2921163418115204,0.2820692288955856,0.08785498516879997,0.560060916499115,0.6008474357501903,0.18064464907190692,0.23963253030405865,0.3291720446719986,0.28266210954148924,0.19824423865105914,0.2621468077410134,0.23743774374150553,0.29184355355677205,0.25877354509969375,0.4726576816038529,0.24823741907724212,0.2382282452717522,0.24813001759185224,0.24225431526419813
0.2877216467137196,0.2689412379616682,0.15183435059606995,0.1368512397311547,0.10037579174564135,0.2507766952383112,0.2305618445695433,0.23092207415861685,0.24455846959836652,0.10496141361200033,0.09898741804743492,0.09252685979417406,0.13096401993331577,0.33447093438930864,0.3092000044617664,0.27423897056959445,0.3207358878061944,0.24253240356044156,0.3059978934282458,0.31692739978559675,0.0844799758260727,0.13525392642337644,0.11420156749252866,0.13255907902931163,0.10360147603807929,0.08932377569590418,0.08534215276677133,0.1751450575949827,0.3695496734972106,0.256520218764721,0.31416285976311603,0.13204401786862158,0.14060062352873884,0.10350186233210136,0.09087676392255338,0.221719583218449,0.33750191938915297,0.2362979069070789,0.2541043431617383,0.3114207235434673,0.30003333125532544,0.25124054711762217,0.24295132564787908,0.22805823324225546,0.3333041183082407,0.35616713059715405,0.15822394912264215,0.1344028453445956,0.12103402056688775,0.13001925209211787,0.1316362156967075,0.1315634617446001,0.14606337161347496,0.10929700357110386,0.07458053099718989,0.11534626353309005,0.13300680084743752,0.12910891732355434,0.12488208254104322,0.27794899601881634,0.14747572121982624,0.09659389772599403,0.3183326633501951,0.27053646484680954,0.10030870655888867,0.10917636631539113,0.08709536694230767,0.09115370450027363,0.1275477651703785,0.11360877492288166,0.30153859307333397,0.281177215816639,0.12949801186134252,0.14344985633209556,0.09437982622892532,0.1095487365253495,0.1351697116283422,0.10841895922336817,0.10057550311124247,0.08858359377074222,0.31235012505869725,0.31732265481316835,0.27903604747516114,0.178059174736033,0.10233161852335569,0.08803229839018027,0.8871003555701985,0.4405594228921776,0.8496591605638215,0.7447226662907033,0.3353604831257199,0.32060613277645045,0.2588691951755928,0.23402315023427886,0.15220120561271402,0.10571001029102071,0.10044489064484564,0.1450049393348142,0.11213514988534026,0.10112703763810908,0.1165576246955186,0.10093521161812338,0.09020347273022594,0.2706393780642088,0.282098160344143,0.9836755429644728,0.9900555669211392,0.9064039583509894,0.8614839355013565,0.9280845639714191,0.9881522198030417,1.0,0.9658617622670709,0.9556822386059314,0.8979944368077863,0.09122891683022089,0.337643641761241,0.3180840063007103,0.5332171413476369,0.09991190737196262,0.08759640576269194,0.6062208660669626,0.6107040120869709,0.3904680396954764,0.3316612136687029,0.31151310806696125,0.08978141236967063,0.08857817062342373,0.2847270294148617,0.17419558697745025,0.14210336146062155,0.09199119885316719,0.1080724703300529,0.09632614808899306,0.08030234157951208,0.23561185593065298,0.29583424904328215,0.28462613310478124,0.09025726549795063,0.5920269743316089,0.6356869626881448,0.20080151770198518,0.25000477553843037,0.34299556855370583,0.2952171873491088,0.19661375146243582,0.27366979106860695,0.24657871445206075,0.30468833986035604,0.2703239580542811,0.5004375963040556,0.2647214593069117,0.24628484364615175,0.24882944058660286,0.24511821024897473
0.24785359606785393,0.23253058859471668,0.13046127556098291,0.11824308349178429,0.088048744893806,0.21756596376897142,0.20065211062643465,0.20034854435727892,0.2130165484085172,0.09512333058065872,0.08962084579910055,0.08288770672755144,0.10994442930966508,0.2878482841786154,0.2655190764463293,0.25673399475495745,0.2941802455414832,0.22511626698161077,0.2684765844092574,0.2749902650980162,0.06998844165775954,0.11128079309425061,0.10444693116388855,0.10999711974844897,0.09480631519414309,0.08687196758047182,0.07262951698509036,0.1498281208430868,0.35424704587854516,0.2410366912184416,0.2705889863613708,0.11362592581390342,0.12211955066852927,0.08619928993943332,0.07763345178924229,0.2124434053780388,0.30779770277264606,0.2233266964433354,0.2410442828091417,0.2959209677323224,0.28648982928444744,0.21782028322285174,0.21051924994700943,0.19788435175698665,0.28734492663153105,0.30696860960524947,0.135767257927698,0.11403027491482244,0.10146268871611396,0.10972032373817948,0.11123488248236918,0.11171131616292451,0.12441489659580643,0.09008741655397733,0.06044232631023836,0.09637746227738467,0.11306829339783862,0.10969323651091016,0.10610579691822257,0.2609944989779327,0.12929414690257673,0.07688286425477192,0.2745922933031891,0.2328450578548521,0.09113568391846115,0.0992278172545421,0.0790623836408903,0.08119960395888264,0.11831170150995404,0.10648873188365483,0.26072636864797527,0.2426366965270057,0.11173334298571234,0.12398020389289441,0.07975349699826834,0.0968628497434639,0.11376557430559378,0.0988819288909473,0.09153547668435229,0.07958013106587411,0.29619003633123797,0.30120351913309995,0.2668437368809133,0.17217903743478616,0.09292640641716803,0.08338778396446696,0.818420496193091,0.4101378182496347,0.8228304390579586,0.712232843277804,0.28864800322832995,0.2743201925675759,0.2256772561156014,0.20190056052207359,0.12917385876138382,0.09712635856681766,0.08993329614008398,0.12489647338324306,0.09689555734745695,0.08384113225590073,0.09582411472231459,0.09196635052062219,0.08126060362216916,0.2557185550433537,0.26437514521749766,0.9666560915180101,0.9693470298188402,0.9323722746152203,0.862217598288553,0.9451531428651038,0.9767773324142456,0.9658617622670708,1.0,0.9567268729276576,0.9023106333083333,0.08266008777237306,0.2923226090582641,0.27385335953124534,0.4682507552739465,0.09147390022781124,0.07814277751706081,0.5102314857194846,0.5150729769779395,0.36887333041404796,0.2920040283086084,0.2684882703988811,0.08262390493434583,0.0809152365869797,0.25443140680949616,0.15083164751372863,0.12921269336641283,0.08260219693167258,0.09844388707667617,0.08498615451285753,0.07380824466569902,0.2184152143813168,0.27396706230533285,0.26494184873422877,0.07874249476916227,0.49857723953919963,0.5318585921575526,0.1704219071635607,0.2133254462714215,0.2980225076180197,0.25437902244117466,0.19098748755472347,0.23566175039430817,0.23227970268232798,0.2635275083179158,0.23229407438035712,0.41866708066072783,0.21875633941176084,0.21484071051012374,0.23243671686582545,0.22688947275681856
0.2299799892411924,0.21310292735136546,0.12206434180824378,0.11124441289747204,0.08036634797570506,0.19924409697973122,0.18178983394223636,0.18390470157969213,0.19642272231282565,0.06371872065484391,0.058252430860523174,0.05303581010971646,0.11170060969169915,0.27157866877820835,0.24911608297277113,0.2190353699600267,0.2583115515374668,0.1923410142144877,0.24677892840777227,0.25568194452359116,0.06106718515641703,0.11255307710960435,0.07238681145673055,0.11389362880010034,0.06306016766566053,0.0548636180468871,0.04352223275288909,0.15916382318861352,0.3055972411179383,0.20198282980158705,0.2531380413986172,0.11061483526279504,0.11535675188130522,0.07641062742088821,0.07164136693925396,0.17621415309096078,0.27754875941385876,0.1848988442674999,0.20289387109853926,0.25273901763834705,0.24390899281599163,0.19904573531003034,0.1932200343569522,0.18194549828218898,0.27134981554263526,0.2911913173624426,0.1197202977849918,0.1007647165003333,0.0887272351452403,0.09746386409929206,0.09895956937957912,0.09784178036789806,0.11125848628435304,0.07990885383288306,0.05478208611347912,0.08580283111470878,0.09837027981266236,0.0957473156464898,0.09445273968387635,0.22264088874881094,0.11060981280782681,0.07225159044715927,0.256991077459209,0.2161849072740798,0.06008594142185253,0.06784002050340505,0.049804122231187235,0.052317286664317085,0.08465017982000841,0.07624249530500284,0.24255282164251865,0.2249153527292106,0.10905609700564638,0.11727190335429719,0.0735370453122728,0.09132582085162112,0.11653911036884668,0.0673792688899601,0.06003885252762037,0.05210459758454571,0.2546526589452657,0.2573538910175713,0.2231227261280559,0.13659330225616642,0.061830394511529795,0.053008712021478874,0.8206506783969064,0.4224946749466344,0.8697918538269185,0.6670504722530815,0.27197618983856753,0.2584261814793748,0.20434887710583421,0.18723172858380738,0.11560692389170717,0.0648890903913637,0.05839299239435383,0.11757599811758039,0.08995973993919322,0.07773507403563139,0.09907227942659472,0.0603598878585012,0.04981944895290504,0.21611883693154613,0.22567695479403901,0.9473866687889484,0.9529951849741938,0.9328340196974287,0.900855480677713,0.873473446901631,0.9559702196938807,0.9556822386059315,0.9567268729276576,1.0,0.8193652797335315,0.051204357089881684,0.2747766157512141,0.25741532157357105,0.46742013665538407,0.060701780936839214,0.053038282295756786,0.521594632341775,0.5370697291284013,0.3750261190963314,0.27201627249985993,0.2512777108714529,0.05138177268467735,0.05566668404849365,0.2662096445683285,0.1430659380417315,0.11758951832452123,0.05435826113462874,0.06636731897211412,0.056031401378126386,0.04444337319629749,0.1876419167381755,0.23864735520933678,0.23089276285075438,0.05046279074998348,0.5066090035714017,0.5535550703190331,0.18266285186174352,0.19520911302327598,0.27904873163573773,0.23728550110122038,0.15233695013607018,0.2175863967798639,0.2095024401690571,0.2453799689003302,0.21185812357996256,0.4275938306854372,0.21041131866940171,0.19383597769712824,0.1952188738438272,0.19586413549786935
0.29837480051834564,0.280523865327572,0.15372301507574418,0.13912050320902916,0.10682991565944958,0.263271339361881,0.24348320791092556,0.2425895716129489,0.25627123098586435,0.14160111707563325,0.13507308692808534,0.12502952693167793,0.12780024318276934,0.3347126914758997,0.31336030447655444,0.3189363827192773,0.35509490005558253,0.2806262851196576,0.32054827232612254,0.3241058396142022,0.08369609623217739,0.12846698617249028,0.14753427418244308,0.12437110575015,0.13638865106686662,0.11438527461100187,0.1158009204436827,0.1213073777183655,0.42151572992014197,0.30399460085095464,0.3186502904886063,0.13178862967087224,0.14251605312401772,0.11089235673737038,0.09961504728737398,0.2664544986028087,0.3597258267897802,0.28047368989944216,0.29624074557721297,0.359044147603428,0.3489825741648425,0.2644788164074778,0.25537366274388057,0.24244967469792322,0.33274477198186975,0.35219597937772307,0.17272506260351086,0.14589353494190138,0.1320098240246039,0.1407825581870103,0.14113879815800276,0.14414965015361042,0.15799071604244325,0.1163012633608652,0.07129528397394769,0.12208261991005931,0.1453178695281304,0.14148387275634688,0.1357502349680846,0.3195730162491399,0.1691174653902888,0.08955817481341655,0.3221583535843213,0.2797754212435361,0.1367695082868402,0.14431215391947438,0.12177233850966564,0.12114300251061946,0.16521888170605878,0.15206086593144222,0.3092924172299122,0.2906290133109437,0.12859469997276915,0.14424158778351823,0.10245362532402423,0.11573048063906033,0.12550092923622563,0.14079234170696034,0.1279496910933358,0.12130878670978654,0.3577011248596947,0.36579557354384806,0.33053137986365577,0.21885864228064758,0.13347097692679286,0.11181704774506385,0.7801707147044851,0.34461007448664777,0.7053375428512625,0.773619264194642,0.33496079096941234,0.32002309718133226,0.27714850099572524,0.24158498104577722,0.16426388393518318,0.13777338198132227,0.12916079335921027,0.14713279768834683,0.11728862964432493,0.10731691829475921,0.11299517900846724,0.1329822783051386,0.11656696738337312,0.31219657222628705,0.32430203944314506,0.9209269031714138,0.908225645008204,0.7731893625896847,0.720653045911899,0.9520255687549423,0.9119331062602719,0.8979944368077863,0.9023106333083333,0.8193652797335315,1.0,0.12175881433069825,0.3401175369874138,0.3222941799834019,0.4801186866789711,0.12530850885728945,0.11346355234648814,0.49762400909753535,0.47181900576257957,0.30636691547202355,0.3399973980553181,0.3163284499654587,0.11896070594433922,0.11435195340104967,0.21906091249213652,0.1484561894945894,0.10832071249479815,0.12605852818667376,0.1451235275164783,0.12999952002989057,0.11167723656276075,0.27250961940517815,0.3322821313603626,0.32237767683330687,0.12148741995478488,0.49560841497227714,0.48377270549682266,0.13692063867391738,0.26036835531596747,0.34585842153566615,0.30050178648439757,0.24207822801095544,0.2831127556312707,0.2551030420293011,0.31192706883978677,0.2846035746281636,0.4272225753756169,0.26297107182042356,0.265753641109756,0.2908552162321585,0.2794250374115504
0.014990205815050112,0.019409286470686564,0.10053958446964514,0.08772133256195595,0.041226608511140246,0.027356594481565043,0.0354564382398587,0.02951587227381798,0.023624658610457924,0.9703902740761547,0.9816229756068907,0.9779331183114476,0.0900922958069982,0.022619585695695603,0.015168718036868143,0.05434330599951674,0.04666426754360852,0.03578789217292238,0.02336804810903296,0.023702716154844643,0.06842015525421541,0.10964093330179846,0.9893033880605621,0.10747267427692095,0.992110004298983,0.8931345505409026,0.9501078499690834,0.02524688413645231,0.12012513239981223,0.04733424724512732,0.01993725378028358,0.07880290706964153,0.09217963346342775,0.07938124827873705,0.04449163656291744,0.04090333671450257,0.03262489513985604,0.04351723086214927,0.024936600594694477,0.08960738824115966,0.0756844433902336,0.02224913094943002,0.02444468946087345,0.031754861483856395,0.020713321365536084,0.024884356852173963,0.07465110397782045,0.0655225110743565,0.06766373777923967,0.06457667907111352,0.06624405412225352,0.06458155030984226,0.06887187353611794,0.06039681914736599,0.0583244108953868,0.06096489153269659,0.06926761506192074,0.0680629952540339,0.07292355002998295,0.043589887081728736,0.06279649366603235,0.06523113070133042,0.020148274530279633,0.012060361960240759,0.9693435345048736,0.9793081054359284,0.9673694974208952,0.9481455397361529,0.9082846979310589,0.8555480468197497,0.017225319959235933,0.017100591550194163,0.08641237835304176,0.09210408246474391,0.03565250253702722,0.07331070622696041,0.08568707949396366,0.9910409131087954,0.9744138219276024,0.9497556843602288,0.07372372236156843,0.08418440930942762,0.09214676876086847,0.08261895768981717,0.9912281316155872,0.8745278588428466,0.09033862424241453,0.03503737978528746,0.022111209377999447,0.1101488363317824,0.02309800157969477,0.021052048936196232,0.04282708230017744,0.008538751106199458,0.08260286934108335,0.9912740645699528,0.9671460893663876,0.08932877762938149,0.08073739029127479,0.04419404015204882,0.0827299297345741,0.9937278653437921,0.9523240032102728,0.04683655819194421,0.04638048469924468,0.09937131607746737,0.10371278579845919,0.050908948634039636,0.024291313365014753,0.12593754358151668,0.09057314989124966,0.09122891683022089,0.08266008777237306,0.051204357089881684,0.12175881433069825,1.0,0.02473479733695956,0.01787753420677531,0.04378591067197532,0.9514741255786244,0.9450273727067657,0.05422391397436724,0.029508057421721034,0.029319608033121086,0.01779559166539672,0.016018940224414347,0.9615904066065107,0.9531675853493458,0.05967087626937295,0.19594494763541118,0.16745260326180825,0.9711820126311765,0.979376670732669,0.9770642874075719,0.9375348890377346,0.03303209122875692,0.04276697386019665,0.03647874522755178,0.9548774749527503,0.05188293817886175,0.0509622607305116,0.04191055726687909,0.017563350480060236,0.02634129187881968,0.014702156655595917,0.048858378205360944,0.014680506112365384,0.5438468011407787,0.019792370867503767,0.016944905427536867,0.05398316258319422,0.013857863905663294,0.011601980396332319,0.04572061244568034,0.029107381508272894
0.9853120608373407,0.9705110770955762,0.1875950328939095,0.16360191866570145,0.18884633577402044,0.893606954861304,0.7639689070296866,0.7954108763886701,0.8592932122955471,0.036339954328814136,0.03038077383111843,0.030824443554162053,0.07321400655433544,0.9979301944643596,0.9949169563655338,0.7907841173718881,0.8848017637209906,0.7575399523848648,0.9798337106012822,0.9907320190871335,0.11912678706263345,0.07912488451679293,0.03851364570581206,0.07942014299897392,0.029835870135003748,0.006250125378026229,0.028280762951540004,0.14632570889126134,0.7109966728246423,0.7193469696831342,0.9914219668547691,0.13981557746261805,0.1585311549226978,0.14802568203337219,0.18447187157409442,0.6191240208655405,0.9329381388649113,0.6949424101637312,0.7119466579163058,0.7194362838308475,0.719790832581864,0.9029231026800145,0.8451856946628238,0.7400421548248265,0.9968478979509355,0.9631007799186524,0.338674483147987,0.27978910189901535,0.24782435922127094,0.27193608737418806,0.2704203541899379,0.2689671982275839,0.3005471827877114,0.23951760529738303,0.14980993938034962,0.24665108091299962,0.28526799291475374,0.2875066556982515,0.2665929527173014,0.7861971868908776,0.3382892675070277,0.16870096631913814,0.993151433965306,0.9803923996634949,0.03398555842521243,0.040017555811940664,0.025306584593886756,0.03515035195375818,0.055705455059649474,0.05079708391557694,0.9901341792417434,0.9830165663169345,0.11360227747528064,0.17292559668779103,0.18669168948870785,0.13365572336880435,0.06674667291610338,0.03432279027344276,0.026143205142534442,0.02535083435472072,0.7513341629699906,0.7463050428155267,0.6487817876808871,0.43930466298902887,0.0292799601006555,0.017348523918491784,0.5762792623365386,0.19121428376601887,0.23213319995995133,0.48375539864849715,0.9946354870247764,0.9863983279839844,0.8812737296335343,0.8804763250610401,0.350395054302562,0.02839909166397695,0.02687943538726036,0.1724808342910674,0.14931668142841423,0.18533560181275888,0.06315413166175642,0.02615695545523812,0.018786627157207046,0.7398777948096824,0.7850259521017333,0.38854507613518274,0.3368642170284973,0.22488831029506048,0.20334452777661655,0.3159446921441701,0.32315636009066834,0.33764364176124095,0.2923226090582641,0.2747766157512141,0.34011753698741376,0.02473479733695956,0.9999999999999998,0.9919116827693362,0.8044207691434485,0.01753961304464323,0.0111480436288762,0.6665803687498095,0.3615430689589173,0.13408628028182543,0.9651369333866485,0.9915795585708501,0.01975427458442655,0.022068884976940085,0.13248778086833563,0.09513471098886495,0.05791395658313097,0.028009698571923102,0.03630533535459491,0.0319923401394273,0.01713724311377847,0.7592579108837264,0.8583253831842759,0.7996391836665466,0.031363124691958184,0.7298423457533508,0.32599688933647086,0.16279199474712255,0.9352556538236481,0.9908371224138925,0.988043260282209,0.5468762537458198,0.967184415001736,0.10163185983263255,0.9904261998394509,0.9655461762854772,0.6719570180634707,0.9532886915965664,0.9295244510716617,0.7388899820402358,0.8175053882291418
0.9761154045756602,0.9621075056014122,0.16611555408710899,0.14413408485004142,0.1693705909754138,0.8693235150873059,0.731319910814151,0.7656925153979074,0.83341013075836,0.027796036445441017,0.02231210747339336,0.02259536381535225,0.061445191411242404,0.9914285140684647,0.9923608153512941,0.7657057471115383,0.8625434542678945,0.7314768752476954,0.9672535118847024,0.9789060849640852,0.10216563338618208,0.0674941840786467,0.030859618952718933,0.06801737361578028,0.02293440539775562,0.0022314209505015724,0.020952676492505408,0.14209137172316572,0.6783960520762854,0.6905894728352064,0.9813197590992337,0.12202344654518328,0.139579364443779,0.13379295784232215,0.1649583376233679,0.5899690653007289,0.9207993478323993,0.665494920260245,0.6858271111363318,0.6878825695075509,0.6899942592689116,0.8801613447691233,0.8211603912045218,0.7084968656707173,0.9933005337212509,0.9684307126816976,0.3084413235188865,0.2515346398863644,0.22195198159824517,0.24488346462384894,0.24287491810039186,0.2421064085985628,0.2718565990664158,0.2138039675170189,0.13045167055792675,0.2212016929772609,0.25749523916750716,0.26001472299149464,0.2412107509688599,0.7589996433563769,0.3099806170630508,0.14735353375577775,0.9833018903745926,0.9725509615851696,0.025717350176649067,0.03177190224213143,0.01735619876773387,0.027762241611802692,0.04486435924430618,0.04177616780371229,0.9801264158980137,0.9765644677840899,0.0990378401338267,0.15285933761199613,0.16664096504723666,0.11854882322699481,0.05484223229498374,0.027451428945086332,0.020025221937164495,0.0200492539680547,0.7211713588492881,0.7161566189656781,0.6165840747160659,0.4094446806036169,0.02230765685666895,0.01299438262063441,0.5551579453617864,0.17892482469963658,0.21475525842839274,0.45922606693179846,0.9838530805130234,0.9782110565011775,0.8554652711546772,0.8603339376661504,0.3187263493327503,0.021322673851776733,0.019863804133149345,0.1524206718848866,0.13250123456188992,0.1641705960952668,0.05065262826512274,0.019360301495932323,0.013597550037124548,0.7109420863370756,0.7587564129055725,0.3697173396140154,0.31697365764182434,0.2067041956748165,0.18704802257591274,0.29864299682137085,0.3037378215780139,0.3180840063007103,0.27385335953124534,0.2574153215735711,0.3222941799834019,0.01787753420677531,0.9919116827693362,1.0,0.8045035436887109,0.01234611478291672,0.006111766365605025,0.6480308524211158,0.3423325952653136,0.12474130608043096,0.9683699434810186,0.9915103802351106,0.01442344795662709,0.015150570693744776,0.12625378164868248,0.07618817231803982,0.04244900498217668,0.01982128783896539,0.02810658582044659,0.024191334426374868,0.0071504658537270074,0.7343967009702768,0.8365224274090177,0.7767869687754854,0.02187608872883086,0.713893811140068,0.3069458579397603,0.1575695570253378,0.9169840800734197,0.9794396507304474,0.9786942562379422,0.5169703114785372,0.9611068759082809,0.09302340860228585,0.9809130172027879,0.9550720462554857,0.6599501636405068,0.9577554226921563,0.910354080272409,0.7104545023288477,0.7945637199658572
0.7478512300167293,0.7266798639684433,0.1383851569247555,0.12906490460856043,0.12106647493629445,0.6266949305739361,0.5175314151034429,0.5361829545542088,0.5939580300667241,0.04974383510703297,0.047183296986886024,0.04584415298142817,0.10030104703057528,0.8093143490371207,0.7942756978930229,0.5300693929234755,0.6317244959143076,0.49993786619598923,0.7414517854425773,0.7692150251423335,0.06972971186945866,0.10251054254319411,0.05819760276694695,0.11059594407069254,0.04936862305473579,0.028455828665771635,0.046895348777545316,0.1355522195883267,0.5011275060344825,0.46408629166381343,0.779334295416407,0.11711298983385861,0.13115674720867482,0.11726911316291935,0.11769931404187695,0.37949029227798764,0.7005996180141694,0.4340157127459797,0.46370385761296606,0.4820959770632294,0.48343466049606953,0.6389485866238698,0.5867255379914785,0.4933208232873089,0.8135639979241689,0.8277156093609215,0.1947751229845415,0.145159500563378,0.1294547780232841,0.14701588183202793,0.14518981835766137,0.14234181578174435,0.16653723777516197,0.1255356293418707,0.07877992280254022,0.1291136919100341,0.15112044058063262,0.15197222873593005,0.14094910435695307,0.5242913154313615,0.18160162620607886,0.0845731796558627,0.784658761063292,0.7360380501528161,0.045859799030371226,0.05519467409551873,0.03839953935379234,0.05769844644666982,0.05628414225024283,0.04558959919679487,0.7652574086269781,0.7485650509462394,0.11252620868577255,0.1343743962623407,0.1195845702624165,0.11387684342277563,0.08573629104062219,0.055426625272206057,0.05116174766244825,0.03158100205079558,0.5118887845740887,0.5038524451490782,0.419589139515791,0.2334036256270998,0.05053643911123715,0.0366075924061658,0.7186177094669773,0.2500626481214273,0.41379073785101855,0.5480308799524369,0.797058841185167,0.7979782193537149,0.6111648468902326,0.6203503513992809,0.19594759544503262,0.0510589613569991,0.04828651003390147,0.13375526614682456,0.11668589259773608,0.11577173130110174,0.08800238543282328,0.04483620685979952,0.04190634770178238,0.4819555134193758,0.5251601019810844,0.578071195869211,0.5208435528326372,0.40614858309308466,0.37644929828027823,0.4704600722686188,0.5153146520264498,0.5332171413476369,0.46825075527394644,0.46742013665538407,0.4801186866789711,0.04378591067197531,0.8044207691434485,0.8045035436887109,0.9999999999999999,0.042188399944139345,0.02839076671601852,0.789770643891072,0.5548090512900312,0.18591595355098628,0.7918427314200898,0.7957541633360563,0.03790728220599611,0.033147409562008325,0.17831640472672464,0.10794351620012838,0.06288295815133715,0.04091721528409623,0.05168240529925526,0.04807044884395392,0.032551515282122544,0.49966026727429386,0.5933511684730057,0.5523533468835142,0.050764404294008254,0.8351560673993418,0.5375669241293938,0.1588016731912699,0.7053186585154717,0.7912293906512751,0.7691812811977153,0.3161733519256129,0.7371095071658781,0.13470582935184017,0.7681980964035181,0.7278944778629931,0.7928532416474543,0.7604901114660135,0.6666612161093621,0.4741993143740243,0.5473058487264166
0.0075971043504431575,0.013382341741985004,0.09594526724183024,0.08233272517835168,0.03503691409612078,0.01825516406131853,0.026328935484903587,0.02286725971398889,0.015041512830948034,0.8829495252983536,0.9064256650507575,0.8883616527708638,0.09615356325856995,0.014951281185856638,0.007925059536536928,0.040038340354689984,0.033772634706410426,0.02302216539121001,0.013771226782174645,0.01506892636080614,0.06209969087148149,0.11590221937815938,0.9519822872570641,0.11238378219234905,0.9627328479492914,0.9623304492926792,0.9208486224602557,0.02442945340683314,0.10439642156648048,0.036187209541631744,0.011044844411347485,0.07513272568023784,0.08868040638224653,0.07033853453307662,0.035361741995125706,0.027063522861494167,0.022146092836791673,0.031267130374062285,0.010278143566937915,0.07342204750514647,0.06082811102682712,0.013750516848342803,0.017252899046568806,0.022652364667688173,0.013076243643197262,0.01792771975208604,0.06475862513584087,0.05485540104043804,0.058554036734574516,0.05521815130926901,0.057452942311955205,0.056003955631734624,0.059651533112872496,0.05027807692510718,0.05336657833958334,0.05000678028952829,0.06238147841956406,0.05730520826556127,0.06339824723793762,0.03130330328114811,0.05087610710965193,0.05792614431221845,0.011738751773111039,0.0042352598265523326,0.8770354039765416,0.9061161456837286,0.8629885521835919,0.8866126749086011,0.7967291431794802,0.7370402894232215,0.009132334562667896,0.010458093254147708,0.08428555815989529,0.08788058357908846,0.029433236736898332,0.06426796574609323,0.09053258574154323,0.9593864926486448,0.9850117525681564,0.8535687335037346,0.056698261184475594,0.06990373881958298,0.07513870950719469,0.07113086139468738,0.9654953262183291,0.9455437392987363,0.09513912866953958,0.037745939279915146,0.040375071533255126,0.1117533887843485,0.015432550427914167,0.01338755797102373,0.03448931579776489,-0.00023033584110347324,0.0736973180307169,0.9611919551514293,0.9793252218756696,0.0854339086591717,0.0688601420767882,0.037618486638771174,0.08453427843469821,0.9545057327809717,0.9875765007040284,0.03317001103502624,0.0334067444496939,0.10792264667275608,0.1116473219128085,0.059603764872119214,0.0394216620550673,0.1331016974823976,0.09816106234596914,0.09991190737196262,0.09147390022781124,0.060701780936839214,0.12530850885728945,0.9514741255786244,0.01753961304464323,0.01234611478291672,0.042188399944139345,1.0,0.8597681760638609,0.05459124801910066,0.028585703243737024,0.03396821363271759,0.008584663330599382,0.0075513310203684245,0.9850485129222508,0.857544038133744,0.055670239989957494,0.1834782182599598,0.15333631872621448,0.8743853802748162,0.9051606658182503,0.8884192555667133,0.8318778835266092,0.019944732717277838,0.03131072482060399,0.02639786880418457,0.8854516365917952,0.0486006840588388,0.047266506032667265,0.04058747842154912,0.008154355845231914,0.018564275407809437,0.005752165990329702,0.032588252129593244,0.008590435359321013,0.6145069430589725,0.011412654925643554,0.00660479875338037,0.057569595104581386,0.010101295766307241,0.002381175259763852,0.03271451893149607,0.018924963057287466
0.0034505470607398966,0.007832584040922769,0.08396511514144875,0.07393787703612766,0.029339191735932264,0.013080233566973234,0.025177558095038383,0.01701887262027749,0.010419300731426289,0.9489534236441476,0.9547706289075555,0.9502398436992222,0.07450180885144374,0.009454598706508052,0.0033758136630615983,0.046993782428965306,0.0362717949832738,0.029272325330405687,0.011949079938689983,0.011062504352206425,0.052708490821561683,0.09232520763905411,0.9431343980687444,0.09278118616318563,0.9422689510163657,0.7941910906606918,0.8764145260084684,0.029377240646601136,0.10979094345705179,0.041928207915755404,0.008038276731371526,0.06588364772266654,0.07630200166242293,0.06449353894885058,0.03299526990777695,0.039147954528159605,0.023267301384862913,0.03591572698858846,0.022256070841025183,0.07874879869884398,0.06799613704626355,0.009138311587533808,0.010959657579151445,0.017998119107816887,0.00763462785455406,0.01629754169505824,0.057908352112564024,0.050836406698721665,0.0513176192568202,0.048654769206353136,0.05121071267254611,0.0495467656038692,0.052401122928937054,0.04625459882107552,0.04245331890641141,0.04578833484618931,0.05304082684126979,0.05262172988458856,0.054717974705605694,0.03721481457363004,0.0477851822304377,0.04710889241696145,0.007882038862079275,0.0009637640315718572,0.9520421796692828,0.9513955387389618,0.9589863580181067,0.8958282127862902,0.8972147687370426,0.8525674328765173,0.005781104863130952,0.006344911599295025,0.07213080117360533,0.07664798582571478,0.02472303765837196,0.0640318938354159,0.07106461762820175,0.9426190536797048,0.888618613567255,0.9714036820258425,0.06317547495548992,0.07358278554220742,0.08453941904257001,0.07434559542715422,0.9423863632841586,0.7694293850459711,0.0847367508103213,0.03921591114790413,0.023763366415580675,0.11002328633251225,0.010370620875001004,0.008846653537884748,0.027425986264788732,-0.0006403726267233729,0.06498674381485556,0.9421442620299643,0.8823097885911872,0.07501929501411934,0.06695740875655189,0.03256129298373258,0.06793942897555666,0.9496573793327154,0.855543901059374,0.04024844486608621,0.03984803396421383,0.09508793024398782,0.0992065732964277,0.05044193092664759,0.02568971789721511,0.11441406625992437,0.0858341731932538,0.08759640576269194,0.07814277751706081,0.053038282295756786,0.11346355234648815,0.9450273727067658,0.0111480436288762,0.006111766365605025,0.028390766716018524,0.8597681760638609,1.0,0.03670881041778029,0.02243871772524288,0.030978661894709433,0.00913996708449533,0.005092172491472898,0.8683822639394504,0.9595544899437297,0.07059735355678126,0.17834283806276083,0.1558210534103464,0.9604038298650082,0.9512240251212808,0.9572969116392915,0.9245708596277096,0.02909833423776825,0.033097184296965725,0.03170700293573148,0.9086216607319785,0.03719866888684722,0.04559647419861926,0.04508542314763187,0.003591087671131234,0.013482953125568352,0.0038003831364449834,0.04788489168731746,0.0024173432696872957,0.47871031956064974,0.007596037467771571,0.004518587376700263,0.03746550300837692,-0.0002510238712563107,0.0008349424603191696,0.039201368917815185,0.024876448295779872
0.6075989660281319,0.5841715464751038,0.1429194007776773,0.1273510325721883,0.11954263175854996,0.5194230124972713,0.44567702649898444,0.45538240508120487,0.4999273712951173,0.0602601556382931,0.055938218449094315,0.05510221355563624,0.08724194816651158,0.6734561973919347,0.6422575650713059,0.43201968694654935,0.5241194201764208,0.410834378282444,0.6026460472476659,0.6393372259372102,0.09053452681794849,0.09894748358094721,0.06902733881029736,0.09660525831508557,0.05915237728203452,0.04275383836657695,0.0538297982146415,0.17182724999670657,0.4294190812809232,0.3857408529837342,0.644298683607042,0.11895550136414196,0.12912936983664486,0.12998567737299804,0.11151944312653704,0.31608944657887655,0.5634731813130688,0.35930356215827824,0.37440984680082245,0.4056914134569398,0.404008441526472,0.5259199296033947,0.48612212533603144,0.4286172566015359,0.6715484648055241,0.6850134738684773,0.20435908138252623,0.16942721176674672,0.14764891922722187,0.16249133448773914,0.16108070177858647,0.1602921716596341,0.18123443822177782,0.13999982651436454,0.09388751591192852,0.14424022863149685,0.16876850895385978,0.167957077903484,0.15625566678789646,0.42604956415626455,0.19528119642107117,0.11089110178249784,0.6510211964163006,0.5890594775997028,0.0535342661095337,0.06443241306913756,0.04586186977597573,0.06588777743063134,0.07603448474846505,0.06258745412716328,0.6242166802795373,0.6029231501824901,0.10798121182382056,0.1340963982932211,0.11507273075308969,0.11322286707979787,0.09413244154107805,0.06480746448007892,0.06154468588246558,0.038702170218085474,0.42653157578418177,0.422573008049706,0.36037209635113043,0.21144089610689717,0.061472238675180084,0.0509827999452292,0.8039104011335501,0.3568113222820131,0.4903666748601891,0.5425728310408365,0.6737809470068485,0.6647426288724679,0.5104287031516976,0.5044123650763873,0.21651193783223624,0.0613205249036687,0.06220083054606804,0.13435557877994628,0.11938947781009983,0.11657971975995614,0.07749090188952214,0.054547227031464064,0.05229023242171938,0.39875731675104875,0.42820488805004875,0.604133792133644,0.5846590689439872,0.4593935491331821,0.44541716828571276,0.48588600110929464,0.5730552560276264,0.6062208660669626,0.5102314857194846,0.521594632341775,0.49762400909753535,0.05422391397436724,0.6665803687498095,0.6480308524211158,0.789770643891072,0.05459124801910067,0.0367088104177803,0.9999999999999999,0.8441956553610601,0.2957653416510072,0.6297544838641889,0.6390408160445121,0.04806730116532086,0.043546836896076364,0.24991990941225026,0.13886624036709996,0.09816109804568655,0.05175510822450556,0.06170577311335757,0.05708638074713963,0.04537215334448879,0.41150403027302856,0.48299861947061684,0.44342201730044367,0.06412804761618605,0.9727737982882496,0.8216808692230957,0.19277450378127758,0.5644915310474077,0.6711683184171077,0.6257088146144452,0.2597798330391897,0.5828378646116742,0.1604009167839978,0.6281115936124456,0.5943471842440704,0.9019461081495267,0.6205018362932212,0.536061565675312,0.3928880231656052,0.44035183962381824
0.30594690293374,0.2860621473395749,0.09744019874130336,0.08560743013588577,0.06838192282176417,0.2545665823346222,0.22902962087796921,0.22441353553855434,0.2466962740243035,0.040228993568401525,0.03366732913230027,0.03340036555593576,0.07996757892129748,0.3645949673158435,0.3368944489745554,0.22258933789978763,0.2776412737839524,0.20668930153476633,0.308997458918229,0.3369521277179471,0.06843353284432588,0.08698815211927338,0.0432012932282229,0.08597186014915989,0.03299109991515183,0.020316874760718466,0.022672610863288183,0.13922181017463453,0.25405471689001724,0.19531189205693203,0.3402063626995642,0.08201489280041709,0.08818878070633605,0.08198554255840296,0.0629613319861208,0.16741651450613068,0.2956315518413182,0.18314528488204507,0.18765439377404472,0.22389377838306382,0.21930235700824807,0.2554411331251088,0.23299865821001067,0.2193365671081145,0.36480947128877833,0.39409794623122757,0.1280276254928258,0.11034055171251941,0.09783004033517773,0.10395974230525327,0.10242082537818589,0.10252655295469716,0.11393586552854332,0.08920817514270879,0.06054736047810233,0.09335672008089121,0.10517308571129404,0.10926635404594918,0.09711202205608536,0.2185670437636705,0.12160836162110107,0.07675701874798777,0.34537703058410874,0.2893432450158043,0.034418971952007195,0.04103333433734957,0.028794417139938352,0.04020454000629908,0.0584712951751512,0.049790752404300316,0.3219588392181412,0.3005451239793628,0.07730607812395542,0.09029403610418743,0.06659821588796969,0.06534798002209145,0.09016982314507928,0.03916104421495215,0.03396189418752466,0.021413837940689243,0.23198671702126436,0.23048206609781902,0.19690044841913495,0.11318141639311631,0.03588161234101818,0.024627314619118598,0.7069887117906724,0.3329121611401629,0.5023678411557589,0.45287648947307674,0.3661301321877882,0.35958737503785615,0.2536646776310727,0.2385187037897483,0.13652997640414333,0.03687465518881233,0.036278487076235065,0.09095434614958442,0.07549642119742453,0.07275128199364636,0.06572190916504912,0.031445498229303474,0.023578246107548176,0.20959926393563813,0.22169225119827332,0.5739761115118546,0.5839793718063205,0.482766318470365,0.48156251382573884,0.47061611752758886,0.574630318866672,0.6107040120869709,0.5150729769779395,0.5370697291284013,0.4718190057625795,0.029508057421721034,0.3615430689589173,0.3423325952653136,0.5548090512900311,0.028585703243737024,0.02243871772524288,0.84419565536106,1.0,0.2835107600030401,0.34054011557415126,0.33659839651829765,0.017836179722637922,0.031193739606314528,0.22579391158595744,0.10644286216761588,0.08280925021403829,0.03263863229800359,0.03828095739599141,0.035555084728948645,0.028531712800439285,0.20182721589034,0.24747445224903367,0.22491394051962174,0.03731894201090107,0.8217280761216387,0.9313059666439686,0.16025831812185043,0.28009458968528805,0.37017154250524403,0.3214217082388971,0.13112425775172482,0.2893480300759849,0.13293289658818044,0.32500710182395964,0.2992778270891087,0.6727760400864421,0.31694543908895345,0.2520536271297744,0.19937458756449214,0.20948585637431744
0.11463672811732338,0.1052213348661693,0.08343305400260036,0.08111772494154264,0.06476774470935992,0.10395831807027482,0.08799519421975185,0.0970196467360735,0.10757038152094839,0.03837177006567189,0.03517073918941624,0.03138266449826839,0.06532750606337456,0.1311139684227191,0.12118526115334814,0.10547011203736839,0.12710764355185059,0.10480795158980924,0.12308984027550833,0.12589363365948392,0.031323571470318994,0.075563096104998,0.041960177887361026,0.07076085781544321,0.03621040401079238,0.03771420620223643,0.03135321567115276,0.21126246224636697,0.13247112387868812,0.09364540854621901,0.12212786858071303,0.0779168259374189,0.0798964746855849,0.09347674534763693,0.0500155161468227,0.09482134896222744,0.13763058824801147,0.09622274176696755,0.09016854010688963,0.11669018176555718,0.11082683550299473,0.09835493989737079,0.08750384527725937,0.083462901002481,0.12989965830031736,0.13630365156974011,0.06337529033581311,0.061276595188123104,0.05541311914759261,0.061029911898186136,0.061285966785315615,0.06065230079352096,0.06441794432042121,0.051414568218529924,0.02657563494786019,0.052344679482588155,0.05843929051886082,0.0520337491478265,0.05473727585722368,0.10744129463088285,0.07134142647639365,0.04414279141278628,0.12569427484253617,0.1071364607400412,0.036191485329721426,0.0385345697123976,0.028851026833886694,0.034990133198398346,0.04512410053165,0.040458748663846765,0.1184787907977174,0.10572903863607329,0.08362092755529443,0.08352632935385307,0.04960401466723042,0.08031556569221854,0.0822682068999004,0.037279256423189314,0.036982803669419216,0.0257380310529727,0.11571497455985268,0.1172588156750496,0.09302679438112513,0.07397662683317799,0.03619582520971194,0.02791717109882048,0.5252859903505342,0.8725076281774261,0.3547506314255251,0.27855365095883977,0.13399002805950833,0.12537271979757367,0.10346184325163828,0.10087801608219812,0.05190798989190546,0.03794408079175187,0.043354866550017364,0.0816318263151296,0.08586803497396145,0.047299377622072064,0.051636480299209024,0.034979496578290054,0.0316262811912451,0.1103148934636573,0.11039688264245821,0.3767742159996867,0.38901726767758976,0.35643365322998793,0.348990641282431,0.3273556833462994,0.3775527984982988,0.3904680396954764,0.3688733304140479,0.3750261190963314,0.30636691547202355,0.029319608033121083,0.13408628028182545,0.12474130608043098,0.1859159535509863,0.03396821363271759,0.030978661894709433,0.2957653416510072,0.28351076000304015,0.9999999999999999,0.13112181846039425,0.12171373621970827,0.03125424060542637,0.03410183133722928,0.6097612515965776,0.06234618607271101,0.04369698455814297,0.0284553252816173,0.03993699427727887,0.033894807737694606,0.027235812388675014,0.0955477970090581,0.11972451654940737,0.10870768350435935,0.031076613580246933,0.2675151318526216,0.2988420797662453,0.24560094536497545,0.09571300236074383,0.13746471424169288,0.11577502745011749,0.09107166316546121,0.10297905804442249,0.09115089408080658,0.11926758477446354,0.10812939543227225,0.23210854630234198,0.10247861092311857,0.09916981588645865,0.1035370496629838,0.0910441299183888
0.9456508463738549,0.9306296242579296,0.17697666382810676,0.15419143383306202,0.1825936414016014,0.8104363611837366,0.6705163505486271,0.7025233345268056,0.7692592014816663,0.03218870176719561,0.026031018368312037,0.025589876473290835,0.06709225075301109,0.9617198939034195,0.9660589607247665,0.7976506593273595,0.8764558835118469,0.748946605137975,0.945803372898786,0.9520058435863408,0.09796073796748511,0.07089404089795837,0.031947082102577594,0.07147768977312337,0.023652905859749884,-0.002645991461590808,0.022828734996783385,0.14882961774032807,0.7180368849594059,0.7169202104764978,0.947622849968433,0.12940275846820512,0.1493513560160935,0.1363641695851939,0.17343269358603985,0.6311375803540754,0.9395157693198191,0.6972429494806031,0.7176239673403092,0.7280755004352756,0.72874633080619,0.8190445084068729,0.7536462983161,0.6472682904614071,0.9684447067280485,0.975913588612284,0.31448892002213774,0.2604643020271798,0.22984245985072385,0.2532626305912734,0.25128526764941805,0.250961861576115,0.2771221542820775,0.21970471403108224,0.13450479924568118,0.22807760476831604,0.26386839714011284,0.26864683849319493,0.24572130633645087,0.7852303424990045,0.3179356198821364,0.14803080924760734,0.9512663314068607,0.9374461436896198,0.029979142897122023,0.03514958451239061,0.021120229151299227,0.02856830241911696,0.05263503967866189,0.049545453814747564,0.9492809022508829,0.9441604086698294,0.10563823494460196,0.1630434523807425,0.1739142645236028,0.12305229885720721,0.06171016091179376,0.02787655651266472,0.018024128342601243,0.022335156501478586,0.7524591677023708,0.7553690889760584,0.6552772559609177,0.45954074076507756,0.022502718446088126,0.004720982592282761,0.5603981237608416,0.18650057818716925,0.22236262011489594,0.4787721753519597,0.952819423821941,0.9469854675768581,0.8065290070050569,0.7918781988954895,0.30318554977701745,0.022031139780296204,0.0169978163379796,0.16336635875354077,0.14028491433239315,0.17140726633253447,0.056496401658684796,0.01970198460458719,0.008885441558665708,0.7423196610920625,0.7935552950095792,0.3838107295312016,0.33206859068220723,0.22651048931530865,0.19993970492737667,0.3150088706321572,0.32015230141364803,0.3316612136687028,0.29200402830860844,0.27201627249985993,0.33999739805531815,0.017795591665396716,0.9651369333866485,0.9683699434810186,0.7918427314200898,0.008584663330599382,0.00913996708449533,0.6297544838641889,0.34054011557415126,0.13112181846039425,1.0,0.9646337642057172,0.01110551913136725,0.01885798420697238,0.1363087544399912,0.08954151331619892,0.05356128170352294,0.02354557439275503,0.03203916327542792,0.028047704240520027,0.010477173807419377,0.7497747715453462,0.8569793400336712,0.8067726244814896,0.024069443850622388,0.6989431014095554,0.3068103320499073,0.1633136038368484,0.8805284376006578,0.9547031684976458,0.9441815834764163,0.5654702774279567,0.9425757522712988,0.09262053141832884,0.9481856618462343,0.9168536473155747,0.6371252135760821,0.910081956644485,0.8671998519611361,0.7358202221774999,0.8061319573317104
0.9854192652474104,0.9718112867657546,0.17634512116786907,0.15399150189733196,0.17992816712955056,0.8863257423929723,0.7549540408656217,0.786718000948292,0.8512452341970126,0.02828882883989496,0.021518316162431834,0.022309442036059036,0.06766867584408391,0.992891435268743,0.9925066061181124,0.7863824123485361,0.8777634514958426,0.7553879546601777,0.9771073833571375,0.9863917360572957,0.10983863088931442,0.07225141241702522,0.029110451499901713,0.07258653195143505,0.020784706192307562,-0.002695729002308096,0.01963202169054699,0.14265285619515955,0.698925050849413,0.7153406876769316,0.9889109417101775,0.13092085475680595,0.14909327168431327,0.14139660268801504,0.1747879966529006,0.6118777553437564,0.9313413252398497,0.6887959996247288,0.7078324846472681,0.7089090552949292,0.7112110247959837,0.8979499042663984,0.8398745385881844,0.7270327454436328,0.9920353558934539,0.9580922747381945,0.32342301459114936,0.2644666903733757,0.23445058605540106,0.2575770145209643,0.25650189074397856,0.2551484211949731,0.285721174574869,0.22638167928633338,0.14063812684616767,0.23373658763466065,0.27107160450218115,0.2729199263902814,0.2537501083644196,0.7805966800027587,0.3222355269432185,0.15722411298870714,0.9901932263239756,0.9817060746345613,0.026243918222359858,0.03143799441616965,0.01804361069666788,0.02622009203325955,0.04747544196307138,0.04611857901369323,0.9881728640731064,0.9829990987942699,0.10625961934561974,0.16276966908799717,0.17676693819153574,0.12636054940740676,0.05860245697350206,0.02506244860836782,0.016846743669506257,0.01984894531700662,0.7440758526617448,0.7363355193552833,0.6402074432213517,0.4276543114197081,0.02023659986729088,0.008161715060330445,0.546596700887512,0.1756078875200139,0.2090516840143734,0.45778221710323974,0.9896008040667177,0.9827387474592872,0.871998106430891,0.8744155881688503,0.33212653977894807,0.0191631747636859,0.0175017779274035,0.16220829601091297,0.14198074916993017,0.17477961402227699,0.05551868174902598,0.017246571751804943,0.009334864020820623,0.73303844134695,0.7786977372316806,0.3626677392561918,0.310700745209754,0.20517617480630326,0.1814913286598806,0.29198368442838507,0.2979331373270701,0.31151310806696125,0.2684882703988811,0.25127771087145284,0.3163284499654587,0.016018940224414347,0.9915795585708501,0.9915103802351107,0.7957541633360563,0.0075513310203684245,0.005092172491472898,0.639040816044512,0.33659839651829765,0.12171373621970827,0.9646337642057172,1.0,0.010246674510355642,0.014586396306256407,0.1255958379189317,0.08484966818038489,0.04970247743518526,0.02006402543155107,0.027547821849336192,0.023952088171099166,0.008394493009241714,0.7581770735870268,0.8543024231000136,0.7978973631892529,0.021596156529562132,0.7050454374989198,0.2999172275348306,0.15755621708649017,0.9345381741620176,0.9859030287613363,0.9875216253758237,0.5370109551841233,0.970122776138211,0.0882372848309615,0.988809498822179,0.9709250895174351,0.6510433698834351,0.9542008454128195,0.9316215551476367,0.7340662996669772,0.8144633322019933
0.010453467208341952,0.01489135664689035,0.09653055066830714,0.08332839845597505,0.03553971742661948,0.020060201989100905,0.0272070220538984,0.024865656244646317,0.01671108234717719,0.8979994870485449,0.9199591225270718,0.904855215075532,0.09427661539553729,0.016851860055188427,0.010548689411688328,0.040874965225213965,0.034922196876572546,0.024283308473652326,0.015779629219549493,0.01713338553700998,0.0667874418794427,0.11384723402210667,0.9579066767533386,0.11064776103836405,0.9697763041270591,0.9555870685986048,0.9430343685109609,0.014643783614599183,0.10312508123290119,0.03450356566238745,0.012812396432517545,0.07510304785823622,0.08896298161005904,0.07318542956495128,0.03661214735814452,0.02746360957542695,0.025805554377858652,0.031259154340324426,0.010452061708734904,0.07340574003777496,0.060304222731926684,0.015651605335905608,0.01907860381491894,0.024429632384182238,0.015289129546565096,0.019775856871030822,0.06696756512748779,0.05733256571906196,0.06153343324180278,0.05727308790568951,0.05954096157933737,0.05808112641450941,0.06125460773404485,0.0537393837446838,0.05527514385728645,0.05323939846659062,0.0642755076055302,0.06090380626934003,0.06613057067934588,0.03117834766479071,0.05432961771036477,0.06091775269411098,0.013411264007486372,0.006887464617437176,0.8937672630014777,0.9181217161652849,0.8802052645759016,0.9046212777574111,0.8159180682853487,0.7567200028176886,0.011189923489475052,0.012964098374523081,0.08488690910958542,0.08827008368007365,0.030827800405153608,0.06543170467524964,0.09116394178204724,0.9652723833875415,0.985946871120354,0.8659013698731551,0.05778081076081205,0.06966736286308561,0.0743634373600967,0.06955074032892962,0.9693248756240496,0.9377255612945349,0.0853690420808263,0.033209636912599635,0.02914858536296558,0.10528489724595379,0.01693586191980659,0.0148838975545115,0.036823428166302026,0.0012920926768468994,0.07598076498623674,0.9655635184039596,0.9848093017990841,0.08548087848036215,0.07110234762927037,0.03835411305682316,0.0845350966675265,0.9628304923718715,0.9877116040197678,0.03380733326748869,0.033896200771835805,0.09844587844436009,0.10182921893455735,0.050720957147815826,0.02869597455393889,0.12681735055815882,0.08923360759974866,0.08978141236967063,0.08262390493434583,0.051381772684677356,0.1189607059443392,0.9615904066065107,0.01975427458442655,0.01442344795662709,0.037907282205996116,0.9850485129222508,0.8683822639394504,0.048067301165320854,0.017836179722637922,0.03125424060542638,0.011105519131367252,0.010246674510355642,1.0,0.8699245482054988,0.0529828500286111,0.18756222579878581,0.15764434420391188,0.8911690769980588,0.9192895208553623,0.9035902470144598,0.8505520063472312,0.02166553492090774,0.03235206405381639,0.025388653253769402,0.9012818902971172,0.043463884074418424,0.036683118559562175,0.03144875483849816,0.010194106029255332,0.019611056855273645,0.007719813132114035,0.031762116049280094,0.012342012569105774,0.6020055918581434,0.013445432145716212,0.008267223990603796,0.05370754564871456,0.013050859631427663,0.003810890903948166,0.0325107905099507,0.020976786512958857
0.01260927420238875,0.01584110138350088,0.09303017201025682,0.08266682112598114,0.0430545305898691,0.029609637452845772,0.04168512415314489,0.035208864854966083,0.027297814514155905,0.9674133766184179,0.9704383508911407,0.9708836879552649,0.07542367124556215,0.01985231446540979,0.012819668154926052,0.057147405694396386,0.04855825756044505,0.03906346279579445,0.022780309394353493,0.02100672192661178,0.06467714728531718,0.0944222309760085,0.9513564464472567,0.09257810329561579,0.9479993173646247,0.7858097053212951,0.8878819180938562,0.036135900017345284,0.12148938340693828,0.04998978532573201,0.018124699813214733,0.07300831754643361,0.08554657725949523,0.07700430924352919,0.04540040229857098,0.04772342522644826,0.03348500723258928,0.046991196640371366,0.029759833630734794,0.0928804667547212,0.07936897510527591,0.02361091850350241,0.027819766069650156,0.03887662257779123,0.017856446689643025,0.023200577181310997,0.07107238020557655,0.06154217031054776,0.0639776717441926,0.06121886125201473,0.06179251293887284,0.06182447301460671,0.06527084251847612,0.056280381279205316,0.053399924930465845,0.058197982866624455,0.06290223588456825,0.06453550386686732,0.06754875433439202,0.04735797982952726,0.05910290266954787,0.060307483151052006,0.01774389694005867,0.009358772497201765,0.969991981104052,0.9672240020879481,0.975937099233022,0.9116138007255509,0.9226864880094076,0.8811332440630173,0.01523299441175048,0.01416541393785706,0.07745417780903358,0.08515518384685286,0.036489591729683586,0.07364079450316449,0.07398770092885996,0.9495332510711012,0.8919016492744173,0.9767822912347452,0.07666996101070216,0.08576579324572808,0.09562665778820634,0.08143072662935531,0.9439986614591831,0.7598812223462004,0.09066571114245861,0.038155629479193036,0.01938668541530053,0.11411052109753869,0.02040413560876077,0.017259990937260626,0.03967841334665832,0.013812479991398289,0.07656689839073276,0.9482525627969914,0.8821498126516002,0.0835086540909507,0.08148014355771417,0.04312505729891211,0.06925307583294978,0.9557110935564913,0.8545624058664011,0.05012515504550793,0.04923005294501544,0.0956314908956521,0.10096087968451739,0.05067222990375524,0.029185397657289808,0.11691632767777764,0.08753428477677076,0.08857817062342373,0.08091523658697972,0.05566668404849364,0.11435195340104969,0.9531675853493458,0.022068884976940085,0.015150570693744777,0.033147409562008325,0.857544038133744,0.9595544899437297,0.04354683689607636,0.031193739606314524,0.03410183133722928,0.018857984206972378,0.014586396306256405,0.8699245482054988,1.0,0.06733465921714996,0.18293102310253156,0.1565584435250194,0.9787403123980044,0.9669138239125442,0.974075183922921,0.9380383848358137,0.03363684553986656,0.044919311514555596,0.037801353953028284,0.9229400811145801,0.04667713330214015,0.051982097546369066,0.0518276455266749,0.012041530628145211,0.023340987020134575,0.013279989762559731,0.05513081722344815,0.011105865018689312,0.45912336721245517,0.017400831558827587,0.01515566678531512,0.041105161660698705,0.009382040753082172,0.011221824978399767,0.0478865315669897,0.029724657289241063
0.11809512432765377,0.11033496962470936,0.0699410497967542,0.06775548392066041,0.03971555789050587,0.09567370526470799,0.0761187862950029,0.08122930323597526,0.0923614742854328,0.0678926597602398,0.06878612082950944,0.06759321381790348,0.07286079675179814,0.13166216096331895,0.12662784124902077,0.08424559544297312,0.10473165456836878,0.08380184097034285,0.11980851732235367,0.12402034753585972,0.05085427642063532,0.06965896926854369,0.06941249809174738,0.07424785888685481,0.0645860133297915,0.050243361786506215,0.05308742930299897,0.3081050727997945,0.0968440095862713,0.06311941174761226,0.12394223255641577,0.07064770157909052,0.0684885219948452,0.0737231767335151,0.03940354784444219,0.060129966853326465,0.12413817556256594,0.06838151083703653,0.05962987752435471,0.08426090996031013,0.08224343971995898,0.09210924271090737,0.07719770265164075,0.06778282721589486,0.13177695122938715,0.1381586504386139,0.044664021401702746,0.035096487645317045,0.0396617787202633,0.04265971792242355,0.036335969577193115,0.04111972862303184,0.041040676020709946,0.03289971467138599,0.025683161118278456,0.034678241590226665,0.03649472094853786,0.03522086121305124,0.034169686589182506,0.08392044179291758,0.03800850500899738,0.0349964093159055,0.12403348516108906,0.11677684151207302,0.06649346253678766,0.06937531933583832,0.0655339624381883,0.05351937899079318,0.06625455391215522,0.060998201111301,0.11934673729353604,0.11738229777126054,0.07792284449306562,0.07117557155763533,0.03352614728403804,0.07334534589912717,0.07881339905264806,0.06623125043513328,0.05811282486045335,0.058533013606569,0.08236266207474476,0.08889216208386992,0.06352916115113666,0.04000301745966991,0.06524070171811358,0.05402934213810133,0.4530840804163755,0.6737629781701826,0.2769118201896078,0.23198856659970313,0.13238572852639321,0.12919627773108533,0.09083507065275478,0.08616002326390212,0.03060788040888958,0.06756685050864138,0.06539570658693131,0.07017425998790867,0.07328586857917105,0.031601808090775674,0.0659849402310922,0.06330118226511623,0.057867185558838054,0.07972328946346192,0.0843357220705498,0.2746508402829888,0.2826444723304415,0.25443168782960884,0.255379174712637,0.21964713209363612,0.26494508267199723,0.2847270294148617,0.25443140680949616,0.26620964456832846,0.21906091249213652,0.05967087626937295,0.13248778086833563,0.12625378164868248,0.17831640472672464,0.05567023998995749,0.07059735355678126,0.24991990941225026,0.22579391158595746,0.6097612515965776,0.1363087544399912,0.1255958379189317,0.052982850028611105,0.06733465921714996,1.0,0.06755884362390445,0.06344823546045361,0.06357397277145843,0.0687695620605757,0.06758505768911839,0.04952900880830156,0.07536262729904908,0.09683156336546024,0.082532736607463,0.055764373472309024,0.23685166126981713,0.2426577455749441,0.3468033303028976,0.11171965425887073,0.1321158221776324,0.11924817362260642,0.05270514782762562,0.11307798702103883,0.1211764800936721,0.11967708446138195,0.11313757577167342,0.20081883914459975,0.11466589164183913,0.10397047285291759,0.08208250150931609,0.08266349613174002
0.09254088844041818,0.08501591537256546,0.3382348782310075,0.3163131003069052,0.2249198457363194,0.10173914400993718,0.114178595281549,0.10324259524608317,0.10499257956560355,0.22301206141126578,0.2047121767066441,0.19233403084123854,0.30307817977676227,0.08983979037433504,0.083278429090977,0.14166535951099749,0.14174520740382351,0.10565590507607607,0.10180258767688569,0.09830794682744573,0.20780288139387423,0.3318754916763983,0.2128539314734583,0.3096133366887997,0.1989770226607571,0.17482661960869894,0.17828070990813286,0.10665497328810636,0.18846294118208526,0.12142621792112919,0.09302246935901023,0.3140704100070309,0.3242828151111702,0.2724152883077666,0.23079681474566568,0.12213186284504887,0.10830239247853417,0.14257224156075887,0.11382603036046401,0.1978901779604179,0.14894140419704818,0.1017607760825421,0.1092963571885801,0.13385290753271814,0.0866890990712458,0.08748956991367038,0.23488023335108663,0.21153270652659636,0.2159853684038073,0.21585536156036442,0.2187771915304649,0.21691897381880254,0.2212180158417171,0.20030478058733373,0.19838019458567407,0.20471029765041573,0.21345195356457777,0.20445049444291222,0.20523221546189963,0.14080479895816161,0.18783817726224208,0.20696259692290372,0.09422714122941238,0.08364452740816267,0.2193637655603372,0.21932184683864042,0.1962040992323189,0.17159518594166248,0.28115767998446844,0.26257751817141584,0.09205499754417991,0.08229251545466351,0.31835593642083226,0.32665450003609525,0.21410141733639607,0.28828991919371383,0.29850585492800635,0.20290291117562995,0.19088553493308955,0.18887465571991402,0.15429157836236837,0.18085568846466432,0.157232713569846,0.17784905610751955,0.19728321026528464,0.17197287574143372,0.18555580856335985,0.06456123786915346,0.15057834764141337,0.1766645321283084,0.09704676869694531,0.08461613065597588,0.13301471870866463,0.09127068779751567,0.1867812812768909,0.20155783710515834,0.18433069689639126,0.32802597971472436,0.2790527230205077,0.22415412417960012,0.2891977689793834,0.19831167465828883,0.17729546795926693,0.14671157236739993,0.145989050648792,0.17146459981876339,0.179070660208733,0.13544433616617454,0.11659529673611266,0.16058691623663734,0.16463134029372656,0.17419558697745025,0.15083164751372863,0.1430659380417315,0.14845618949458939,0.19594494763541115,0.09513471098886495,0.0761881723180398,0.10794351620012838,0.1834782182599598,0.17834283806276083,0.1388662403671,0.10644286216761588,0.06234618607271101,0.0895415133161989,0.08484966818038489,0.18756222579878584,0.18293102310253156,0.06755884362390445,0.9999999999999999,0.8309141383804577,0.1932364049294806,0.21981479803216128,0.19835701200069505,0.16882628413248058,0.10093227263088357,0.13513683095505563,0.10998236046399083,0.17207524223553577,0.12080718942472986,0.12641918538447527,0.10864830333625679,0.08183464381206434,0.10174968587636207,0.08915851664079687,0.15021111567165676,0.08034569911860094,0.21785450286205388,0.09394531317615931,0.08447575144076627,0.10562039448508932,0.05432555167489499,0.09519042034947112,0.14201630384307914,0.1114416726505314
0.05438984286686954,0.05084289036245347,0.22632638213451672,0.2055220664146849,0.13433225765676202,0.06829500417874303,0.08648024894229812,0.07083824832551237,0.06849779281872068,0.1882066049841072,0.17203625689308025,0.16337973319380047,0.19423064573321103,0.05463662759605252,0.04801963044870367,0.10511435212066463,0.10207933366608739,0.0749744012800079,0.06480770753501432,0.0625798382341592,0.14343271517790626,0.2185871117161091,0.18018795742452187,0.19524546225128625,0.16785562246583138,0.14941370539920373,0.1550847833289817,0.10311129387127331,0.14868835690303187,0.08582299289843993,0.05694661580747592,0.2023623255638289,0.2112825614924565,0.17213546456860188,0.14154086616740796,0.08521748243069849,0.06847520806174086,0.10559241642284391,0.0778742987181955,0.15119282849103313,0.11805129331439708,0.06647310296564302,0.07149446566247955,0.08387287227215288,0.050363044309872235,0.05144755557281403,0.1572622494335035,0.13982192904746413,0.13965015463924282,0.13931762917487292,0.14325561864945602,0.1410797350283841,0.14576996182538268,0.12304031298054416,0.12835821503035225,0.12992750373008796,0.1429496373068742,0.13113444083247572,0.13252171913901073,0.10636497581656797,0.11705430580297836,0.14058426867355794,0.058205645524717665,0.046316068142434934,0.18415599017715145,0.18411086018246262,0.167870523862013,0.14338417751894367,0.2435304500918409,0.22782737306151765,0.05620380316073699,0.046773039093861116,0.20591390285613118,0.21536506523596577,0.12774497443549965,0.18167848340431147,0.19087002962106187,0.17102635973284816,0.15876860708537302,0.15820584678347824,0.11876903553128174,0.13873818235540306,0.12505518387756392,0.1342337871127994,0.1652235588015753,0.1399322394833922,0.13659906837978592,0.027993932257055675,0.12304690798742371,0.12853233123311034,0.05989613217793268,0.04899926399222227,0.09034247650514987,0.05774604713830708,0.12579956756256427,0.17023871519888598,0.15456878579053077,0.21720412838235265,0.17809307296814036,0.13427576840143002,0.1772439192494362,0.1690212436748605,0.14852604971799835,0.10851168146505591,0.10643045968513791,0.1356503249948565,0.14852925406425455,0.12475850922513851,0.10417502759313983,0.13169826132532025,0.13157092741375473,0.14210336146062155,0.12921269336641283,0.11758951832452125,0.10832071249479815,0.16745260326180825,0.05791395658313097,0.04244900498217668,0.06288295815133715,0.15333631872621448,0.1558210534103464,0.09816109804568654,0.08280925021403829,0.04369698455814298,0.05356128170352293,0.04970247743518526,0.15764434420391188,0.15655844352501938,0.06344823546045361,0.8309141383804577,1.0,0.1638937148445285,0.18473083499290469,0.16642216231508905,0.14294369026626777,0.07036686463567408,0.09682683615229268,0.0716379483400083,0.14133368393494297,0.08361494079115113,0.09310933368310861,0.0985526893782426,0.04076183886627065,0.06433561879758276,0.054624135360063046,0.11061728871388332,0.04199714700315941,0.17476019701883905,0.057776743999230384,0.04716147495046042,0.07481726400541812,0.023809387366401584,0.0620136706864871,0.1040693255995977,0.08044956066945462
0.018349908330074736,0.021253739435946238,0.09613585058918481,0.0844556556393026,0.046451137061080505,0.033974988507741555,0.042740196448833465,0.03654251956331342,0.030651903818363125,0.9896048003379273,0.9919407303924584,0.991757215162511,0.0774982083593561,0.025957715532519025,0.018070231992696438,0.06510227479497287,0.055486188018236494,0.043622481248808624,0.028598049224677725,0.02772867787406704,0.060270982926680795,0.09597213211500791,0.970816946417312,0.09413017289054133,0.9655609570796997,0.79691331681572,0.9207345218530364,0.0332046316520692,0.1308289973030288,0.05639989641589393,0.023931858664873327,0.07482066578614126,0.08746270225037794,0.07698774188532877,0.048505909349057116,0.052403205348070955,0.03876227247499317,0.053273496306115456,0.03621231415424534,0.10077752572410165,0.08604826001713764,0.028257773017741763,0.030866162810031853,0.03924835287453303,0.0233491455744077,0.027348106178565184,0.07723524527248042,0.06850265527232226,0.06917298598390051,0.06726170830962624,0.06774824770107289,0.06631447342138552,0.07131782004065595,0.06158769550819735,0.05384708892421972,0.0632000022585987,0.0696754797546075,0.07080058998113792,0.0750054981074605,0.053268970082972995,0.06811945732439781,0.061554835494267726,0.024208010147603074,0.015649682564085735,0.9909585194380317,0.9890349513917168,0.9951785571105966,0.9458693071309078,0.9463441124314421,0.9058013550546236,0.02126185764895576,0.01961520561995984,0.07937818918007544,0.08760510752764095,0.039516331194777356,0.07168516450063772,0.07602032558437638,0.9682402401328636,0.9153806472309499,0.9740299659596644,0.08385999716515638,0.09417043080095541,0.10309669323033833,0.09093043339591769,0.9635493439593095,0.7697949379768847,0.09308505724600631,0.03476211263935675,0.01953164375149547,0.1182193544070862,0.026472577263711036,0.023798130222663142,0.04656589197178193,0.017136668660250508,0.08345693267268389,0.9666747897200905,0.9055257340516882,0.08586652977315593,0.08024847945794361,0.04596919650094625,0.07091625030390654,0.9730459270323059,0.8733446858539573,0.05695243057491917,0.0567158914247572,0.100983250164075,0.10558376179743652,0.050210936143576135,0.023890915440438802,0.12573157899357068,0.09193986066618708,0.09199119885316719,0.08260219693167258,0.054358261134628744,0.12605852818667376,0.9711820126311766,0.0280096985719231,0.01982128783896539,0.04091721528409623,0.8743853802748162,0.9604038298650082,0.05175510822450556,0.03263863229800359,0.028455325281617296,0.02354557439275503,0.020064025431551065,0.8911690769980588,0.9787403123980043,0.06357397277145843,0.1932364049294806,0.1638937148445285,1.0,0.9890915684123149,0.9949026474974877,0.9615513562413174,0.041656214807922344,0.05138873597653421,0.04435421095861496,0.9598441228389574,0.0524287242856693,0.05392847378469626,0.04753789006373216,0.020016829037880327,0.029997248101419807,0.01871569248106215,0.06115383337389971,0.015959258968387395,0.4732981759691971,0.023480679655231707,0.021297819226133306,0.050342710330752785,0.0136904870862853,0.016458166342222635,0.0548166009177264,0.035247020444408236
0.026092873457072525,0.028799800205805904,0.11382629256329797,0.10026066436928265,0.06092265773935092,0.040326656391959974,0.04863870440981057,0.042704370168980446,0.037221843379182655,0.9960164815791674,0.9970691272714645,0.9880383128520077,0.09217723656151769,0.03382437199106205,0.02554897684489276,0.07476156602485717,0.0657157763173315,0.05206398783045057,0.036811133957240116,0.03565529222203878,0.07006169700521066,0.11258425938478238,0.9861260987878651,0.10940259196569761,0.9788494964174786,0.8327168702122923,0.9347106791603459,0.040783197274305606,0.14497918015697836,0.06547578408210195,0.03161670430077546,0.08978497636108641,0.10400796994448093,0.09147502054358422,0.06050592676376782,0.06118116403981177,0.04733743082964118,0.06247016445077161,0.04400294931248628,0.1141626720032665,0.09682109059809392,0.034938283692701064,0.038020114175183146,0.04516034631021502,0.03116973674328391,0.03590904663227888,0.09091214413144726,0.0808387833208017,0.08166793616623753,0.07968092009954664,0.08058264215941247,0.07843951537754755,0.08418569624968418,0.07318592643454629,0.06381194598649063,0.07406663813410616,0.08224071280524142,0.08198890686795264,0.08629221063836293,0.06317766942452412,0.0798447682125781,0.07107450076643984,0.03202776395459415,0.02283387166370931,0.9939959016514336,0.9980787257008548,0.987116264371983,0.948667625004686,0.953957617439309,0.9119171600360468,0.02884479990862331,0.027103557784907573,0.09415489501519321,0.10424678624575283,0.05144678854514619,0.08600306741663913,0.08829706849937026,0.9820203874080883,0.9397945241668243,0.9631096715510132,0.09390009805179801,0.10728874279607442,0.11489621929127762,0.10205291751621226,0.9776146568554562,0.803861550800329,0.10906168591791528,0.04391220222650818,0.03464846052378899,0.1339908464783134,0.03449475651424462,0.031111705819645143,0.05604377010588296,0.022668404679562073,0.09262334027839458,0.9806293712767298,0.9286627574286016,0.10264948028923374,0.09503803291827821,0.058870687792994966,0.08268167854828246,0.9838906360246975,0.9013917935943103,0.06724053930126551,0.0670745116186331,0.11772340000725542,0.12191731905044655,0.06242697667459444,0.03722361539629777,0.14387138790896176,0.10752303833513134,0.10807247033005289,0.09844388707667619,0.06636731897211413,0.14512352751647833,0.9793766707326689,0.03630533535459491,0.028106585820446586,0.05168240529925527,0.9051606658182503,0.9512240251212808,0.061705773113357565,0.03828095739599141,0.03993699427727887,0.03203916327542792,0.027547821849336195,0.9192895208553624,0.9669138239125442,0.06876956206057569,0.21981479803216128,0.18473083499290469,0.9890915684123149,1.0,0.9934001050245563,0.9489062226073112,0.04905974536788337,0.06129648255805981,0.05241880921470474,0.9585372224953259,0.06060608573142763,0.061648415097546046,0.05689317821622478,0.025444153586056385,0.038475875975548,0.02588569530023903,0.06954828743384295,0.024227648934408194,0.5126240889869976,0.031202618834915496,0.027494185119011708,0.06014816954267528,0.02154185219891628,0.022549098323362327,0.06452831110105471,0.04449359067034994
0.0218772460259813,0.024448295883721962,0.10202556485149437,0.08995964833324845,0.05202005060604856,0.03548764377049478,0.04353827082376941,0.037837378274782986,0.03197521645622452,0.9926562881027797,0.9955208266488721,0.9946592438441668,0.0839073136776808,0.03004589981084785,0.022121995283397096,0.06779126985433155,0.058647365148462416,0.04495357569050433,0.03196750294735438,0.031303059083398074,0.06439622199796952,0.10197990207249727,0.9765069514663984,0.10033196389581996,0.9716127782657026,0.8076109243851337,0.9345482676913758,0.03251662975088989,0.13441421568288023,0.05816444207362914,0.027554994722189394,0.0798874013630804,0.09334989500836652,0.08299864050438005,0.052621392539780446,0.054060966806991274,0.04252331225689616,0.055216511358397814,0.037681636792792794,0.10425447786563143,0.08891947597675282,0.029893403220320927,0.03225211402406798,0.03957408202455905,0.02741226974334936,0.0324540421815394,0.08184375051458828,0.07284163993549779,0.07369075880709487,0.07124570828925886,0.07219697089949328,0.07020245926899421,0.07556965280735731,0.06559541311785208,0.0582077028986105,0.06682600285707588,0.07356223220835051,0.07405080722127075,0.07936768978732082,0.055766287251385736,0.07199273789560304,0.06451902377242509,0.02787840549182884,0.018780122208133104,0.9930442235755436,0.9930864871955466,0.9931592559226822,0.9553197807116198,0.9462747721513872,0.9048896443632329,0.024764332596318297,0.0229464007549351,0.08439060630326235,0.09356268959023958,0.04361651614162969,0.07692329406509672,0.0794261144458904,0.9739399592698805,0.9274380418042323,0.9702816460093825,0.08579123769087724,0.0977871127419797,0.10567652858929931,0.09441433049753221,0.9696435629828554,0.7802064335704948,0.09881900379440639,0.04013542535649193,0.022896268153209665,0.12282254531783522,0.030184457593049534,0.027564459970488363,0.049221835792893284,0.01849585962877372,0.08464411151378391,0.9724773379856875,0.9178252154065114,0.09157984239597092,0.08679214608599074,0.05034183349499462,0.07628246417426966,0.9780066519196373,0.8891776585694685,0.05960924348222861,0.05941026812384824,0.10510454809374638,0.10924277917809776,0.05198631799113924,0.02620610075301627,0.12930074184828458,0.09489730313907306,0.09632614808899306,0.08498615451285751,0.056031401378126386,0.1299995200298906,0.977064287407572,0.031992340139427304,0.024191334426374868,0.048070448843953915,0.8884192555667132,0.9572969116392915,0.057086380747139634,0.035555084728948645,0.03389480773769461,0.028047704240520024,0.023952088171099166,0.9035902470144599,0.9740751839229209,0.06758505768911839,0.19835701200069505,0.16642216231508905,0.9949026474974877,0.9934001050245563,1.0,0.9612651826177716,0.04261938386124915,0.05440061069736298,0.04703494436778745,0.96482055344451,0.056972480761502964,0.05912676739449134,0.048437028101907496,0.023435368843093565,0.03376872504583144,0.02204035779601193,0.06345477524108022,0.020162358287534713,0.4825077130479473,0.026989331879979702,0.024109310001157847,0.055303325207566166,0.01739081858726526,0.019172652646083307,0.05732813746722357,0.03800775725928252
0.007876160263709884,0.012228852681296818,0.0900429551361401,0.07793728049303174,0.04258737474307798,0.025673142372322075,0.03402800028130757,0.02992871408341288,0.024178885883282892,0.9481927038699125,0.9532789057209198,0.9663887689209337,0.07234040405325477,0.01555789225620591,0.006828910976227506,0.05388635821190686,0.044524525358749324,0.036382925782902406,0.01868930444516006,0.01790804217350742,0.06732354619754864,0.09251369502409092,0.9281951785764494,0.08554755203557357,0.9239912502416066,0.7512239046584472,0.8939123812072279,0.018701970189060568,0.11637458202375735,0.04764865956327995,0.013535628029291738,0.06814277156561208,0.08048030525523825,0.07095311342624232,0.04734923561688287,0.04425249757791811,0.02825456826916707,0.044899363921435634,0.029868913080427096,0.08647967420673419,0.07387496165830439,0.019658109779690788,0.023373343703606782,0.033561807843062216,0.012383035510507168,0.013687736742345918,0.07361151137808099,0.0665403860804426,0.06875329101955537,0.06620167093628496,0.06604670241133448,0.06295069372527287,0.06912391338131862,0.061317312730747434,0.052665026341845236,0.06281457704486347,0.06598386073558206,0.0686510029109891,0.07560498757119898,0.04260590695142895,0.06962481556055526,0.060988043961154745,0.01450503517496006,0.006772369215785062,0.9495911319324543,0.948519810366572,0.9647760160981298,0.9435337358961201,0.8944666331123275,0.8410276979997844,0.011362438048935627,0.009573199297991697,0.07095918317471644,0.08185389131285756,0.03854739437352172,0.062377567764309645,0.06723576316749501,0.9266399105157143,0.8832258181076645,0.9173420579364016,0.0716820610795934,0.08021579243624902,0.09074865897816711,0.08146936373602953,0.9248626695688487,0.7233298444009126,0.08101724416409285,0.0317713501703335,0.011601929816471693,0.10462012147982581,0.016577980881583125,0.015446773446455129,0.03879810503177499,0.01074362985940385,0.07935321308238459,0.9256165029518112,0.875466257001866,0.07862441814280825,0.07271996066752022,0.04336708289589397,0.07059282937185817,0.9339966181962271,0.8329531562348973,0.047131853968260175,0.046289824338352145,0.08850857572507533,0.09240517918660639,0.042814184772924986,0.016744247242586552,0.1127658982019762,0.07900683891338874,0.08030234157951208,0.07380824466569902,0.04444337319629749,0.11167723656276074,0.9375348890377345,0.01713724311377847,0.0071504658537270074,0.032551515282122544,0.8318778835266091,0.9245708596277097,0.04537215334448879,0.028531712800439285,0.027235812388675014,0.010477173807419377,0.008394493009241714,0.850552006347231,0.9380383848358136,0.049529008808301564,0.16882628413248055,0.14294369026626777,0.9615513562413175,0.9489062226073113,0.9612651826177716,1.0,0.03663042397295041,0.04043604594970286,0.036094954196594344,0.9631914624516577,0.04381471956637262,0.0460723759232903,0.03185012814757521,0.011273789416263242,0.020863992988104898,0.008896999577097952,0.05262293590783528,0.006205278482962294,0.4311856575752903,0.013819754515918862,0.013005073339232953,0.04312819130810995,0.003128853973784414,0.009376524917095282,0.04659155174189407,0.02798113533651998
0.805855200552553,0.8332721265598567,0.20838940497757347,0.17466485775077406,0.2295342123378967,0.7238940290736822,0.6155743925781672,0.6278918650448809,0.6889706142085461,0.051524726810404375,0.04346445275620064,0.042199945354649,0.04610685023221068,0.756027695948247,0.7508809526944246,0.9486710655107816,0.9319413560168686,0.9769893748659788,0.858063866988733,0.8223696971078428,0.11606068590987761,0.046030766200789476,0.04441467359777212,0.041052343532720394,0.03580617332786062,0.01300496844595905,0.028457738919610488,0.14955289607479033,0.9029126237244082,0.9568431590378275,0.7974648733893543,0.14103528425521658,0.16635186011766662,0.17344001852330887,0.22298502408701787,0.9032912106954809,0.8451208339719786,0.9389128869113915,0.947774278923065,0.9075534475740354,0.9313824798997555,0.717234788571809,0.6618582374288681,0.6004517608965046,0.7510319991988911,0.7054237843750623,0.40818413457164177,0.36077725263819427,0.3139615325985405,0.33997548076836714,0.34151419081304096,0.3436345117398866,0.36414009746927084,0.29496632057201966,0.16053853503012463,0.30768316633907117,0.3535804457303725,0.36154418399827065,0.3239969831751301,0.9556285060425767,0.4317310804412554,0.18350972094378004,0.7963462159886234,0.7789528478640136,0.05224578689047824,0.05309458394531674,0.04212157843683064,0.0338277636527706,0.08268275278275146,0.07717497493586863,0.8111416846810808,0.7996073468678944,0.10008293377985829,0.18811608764513862,0.2286924395862157,0.13808153431201856,0.037127219534786364,0.04079349418485906,0.028602574756846428,0.036549104356706344,0.9383448952221013,0.9191796485984037,0.905154556799885,0.7108060142773894,0.03762339218923184,0.014561788492096595,0.3945533870921826,0.12211612427688306,0.14075627988562706,0.42787173061037387,0.7876536701942815,0.7827228393399203,0.7550637800026057,0.671757188028441,0.3695875059474247,0.03710137951464425,0.02868651387746585,0.1871674890398832,0.17842693169034549,0.22271640360327394,0.031107120351217644,0.03417226663082831,0.017477096848333682,0.9393560349374268,0.9445836292921106,0.2786331878156571,0.24307621671840976,0.1577893560835256,0.1315415381958408,0.24900828166155783,0.23390847407789944,0.23561185593065298,0.2184152143813168,0.18764191673817554,0.2725096194051782,0.033032091228756916,0.7592579108837263,0.7343967009702768,0.49966026727429386,0.019944732717277838,0.02909833423776825,0.4115040302730286,0.20182721589034,0.09554779700905812,0.7497747715453462,0.7581770735870268,0.02166553492090774,0.03363684553986656,0.07536262729904908,0.10093227263088358,0.07036686463567408,0.041656214807922344,0.04905974536788337,0.04261938386124915,0.03663042397295041,1.0,0.943692404777539,0.9527590096712437,0.040712652935564766,0.4508771338234811,0.17021047368233622,0.15552435013319307,0.73897306990122,0.8191349455198039,0.7889337512425753,0.8329346498379405,0.7777274152601624,0.08534059421509683,0.8096423744218397,0.8109392179354562,0.403637040822067,0.6898203348644318,0.8143945977480332,0.9394909767564332,0.9652931152070284
0.8853812788422496,0.892667165838343,0.2754081570988716,0.23914166334232426,0.29583993076046095,0.8024482192372074,0.6943616353973805,0.7067715769141493,0.7670675258786096,0.06406728079703129,0.054353253254449264,0.05344043220662762,0.088701064862208,0.8527591024170759,0.8481804989557234,0.9856306961744975,0.9939782348658608,0.9499154382292071,0.928916238347041,0.899570516164944,0.16358395525063435,0.09012713999350985,0.05780034845446697,0.08654745506204319,0.04837975548886482,0.021007270477230132,0.040738462416752885,0.15000276892901898,0.9331563156363959,0.9422658150257106,0.8749344460907826,0.2015300609621324,0.2307156950499117,0.22088377734378678,0.28583194372616766,0.9008705992818202,0.9412458943126623,0.9530755451148197,0.9374552702282982,0.9513808685630328,0.9477532393237335,0.8002969008670013,0.742877753739848,0.6752292961209964,0.8494571031008983,0.8125554064835881,0.47685463769316844,0.42428470472188284,0.37813751765907827,0.4046262844969036,0.40720620193263063,0.40912370280929816,0.4305793355037544,0.3594746776591602,0.21847314364926726,0.37166817526321877,0.4193221282827494,0.4273306238625639,0.38906179235319344,0.9846818849875933,0.4951975784136916,0.24345221261047714,0.8765087037516311,0.8618676386091506,0.06292024556979577,0.06511535601214197,0.05047384759989614,0.04794213751514543,0.09911052242756216,0.09206464357223837,0.8861076658537419,0.875042328973226,0.15723086227045271,0.25376700984774375,0.28901975336380725,0.19363136506014964,0.0840003437185772,0.05365746925955295,0.0399688183906017,0.04782084815873145,0.9571151104474911,0.9646670027173668,0.9027328112274332,0.7527781795781949,0.048164544147344626,0.023733616009381665,0.47338338319514367,0.15180744265854015,0.18494140835023806,0.4895905459609674,0.8705414711485896,0.8575739871863931,0.8310321519635298,0.7546916812114602,0.4306679995034324,0.04856578551105656,0.04024645263757334,0.25340070697285144,0.23229573313112603,0.28726393647242243,0.07812914478893081,0.045518181611594745,0.028398909983587017,0.9718104184185603,0.9856542595314799,0.3450400340279691,0.30443972637225486,0.20257681046577194,0.17119828913338717,0.30803135149250943,0.29211634181152035,0.29583424904328215,0.27396706230533285,0.2386473552093368,0.3322821313603626,0.04276697386019665,0.8583253831842759,0.8365224274090177,0.5933511684730057,0.031310724820603986,0.033097184296965725,0.48299861947061684,0.24747445224903367,0.11972451654940737,0.8569793400336712,0.8543024231000137,0.03235206405381638,0.0449193115145556,0.09683156336546025,0.13513683095505563,0.09682683615229268,0.05138873597653421,0.061296482558059806,0.05440061069736299,0.040436045949702855,0.9436924047775391,1.0,0.960423451756568,0.049225998390579596,0.5321136725973724,0.2142581305859255,0.16171528712083005,0.8140934121208644,0.8956658957609188,0.8661807606287556,0.8542199282138636,0.8636036300091179,0.11049523941534213,0.887369218065417,0.8739652758077232,0.48307721256041447,0.7779973648534679,0.8661669367818813,0.9641567497982039,0.961139291482232
0.8355529021926286,0.8510430221710558,0.21743958421380516,0.1851732245076554,0.23312335390321787,0.7237206285082046,0.6053624784737398,0.6231360167282058,0.684876475695046,0.05397249307573382,0.0469268786279798,0.04686422101490166,0.05231476910403183,0.7941612517507729,0.7912685706138325,0.9615341139122191,0.9542156514726998,0.9487012287852643,0.8816509544953297,0.8495889839873139,0.11535972734162828,0.05459615110798433,0.049436365410528545,0.049795529060775584,0.04053508400516488,0.013796695324874642,0.03387760716358244,0.15041359665093001,0.9188885954238438,0.9519485765867409,0.824819694676598,0.15104901054511843,0.17816499191587698,0.1789928249445331,0.22633439077719475,0.883476385639405,0.9021181572327737,0.9308291377841063,0.9469759107994938,0.9237932465866303,0.9441878523675447,0.7221772833172772,0.6625842361318498,0.5904549300132678,0.7929790215670315,0.752389004916795,0.40368993053373986,0.3554234449408637,0.31079735827234867,0.33473910823146175,0.3376802136153688,0.34057332534401075,0.3588677182092856,0.2915670103332332,0.1605601386244748,0.3039351303122415,0.3490247129381968,0.3564396728443073,0.3193066618712815,0.9642059792025675,0.42628452161138836,0.18045487474008826,0.8254414559589032,0.8026688378721162,0.05449210910916486,0.05657255408338434,0.04315260920049972,0.04262059548671111,0.08496006676225665,0.0791895643030942,0.8374918533380217,0.8293829453225886,0.11286351290595525,0.19850412075077878,0.22737765236902338,0.15010839240930676,0.04541203114032622,0.04612894185388633,0.03253820544071529,0.041163496211455125,0.9479952419809419,0.9363596144536612,0.8951036951852704,0.7192301104385203,0.04098788277858042,0.015861237685674982,0.4430836242217928,0.13843688414258012,0.17340553549541482,0.47284184359618225,0.817653512312646,0.8100200462095726,0.7525408810331852,0.6774814220505729,0.3542850752043777,0.040227903219406655,0.033331969088846065,0.19795481084790253,0.1883378291040054,0.22418382940649198,0.039114786172456444,0.038816338943756246,0.023716365425643017,0.9491162577091274,0.9618684117997729,0.331098268918116,0.29225653776414295,0.19754862490549452,0.15952073896310584,0.30049155114919474,0.2820692288955856,0.28462613310478124,0.26494184873422877,0.23089276285075438,0.3223776768333068,0.036478745227551776,0.7996391836665465,0.7767869687754855,0.5523533468835142,0.026397868804184568,0.03170700293573148,0.4434220173004436,0.22491394051962174,0.10870768350435935,0.8067726244814896,0.7978973631892529,0.0253886532537694,0.037801353953028284,0.082532736607463,0.10998236046399085,0.07163794834000832,0.044354210958614956,0.05241880921470474,0.04703494436778745,0.036094954196594344,0.9527590096712438,0.960423451756568,1.0,0.04386841864083598,0.48839304392278393,0.19574422430155144,0.15964316158462175,0.7580525716514782,0.848338107402684,0.8150334095407685,0.8144402471393791,0.8184828627805226,0.10085511892873832,0.835918157893324,0.8251913419409155,0.4392084942228899,0.7281310147901546,0.8185080990965747,0.9351500059189621,0.9492577972433717
0.020595206690882235,0.022901263918796273,0.08925002297049961,0.07748745875570734,0.03771418529349609,0.032462169553903214,0.038515748570556674,0.03437039209641772,0.029558256510279064,0.9531222238651392,0.9626571379271393,0.9691629583502177,0.07626071708622652,0.029308200903007644,0.0203402353480828,0.061801810975875164,0.05374651800839697,0.039827098321969574,0.029997825693332644,0.030761204475586206,0.05374797294092483,0.09570027004155905,0.9493014154629139,0.09233913125885411,0.9487899574755099,0.7975030368067271,0.9515131984016704,0.01628210760350959,0.12846293809943085,0.05330831633182476,0.025628065665637148,0.0695585077658595,0.08207227359724233,0.07508342229806297,0.04245381781641711,0.04608990898996537,0.0413315430179064,0.04783924477424619,0.03132779738073766,0.09455099530049886,0.08318491452904486,0.027863930405476668,0.030058649896698323,0.03694554424329163,0.026514110390368384,0.02773901353206927,0.07051819973786969,0.06203761565345823,0.06352634243070018,0.06018636749162757,0.0614767833833542,0.05768277081213559,0.06428021229886047,0.05392531748322045,0.04755677314718345,0.05442283050413887,0.06190206878584574,0.06269577670233777,0.0690067772127379,0.049694479852421126,0.06425367828949369,0.05278386167979987,0.02693396703512412,0.018744495759632246,0.9507021666636412,0.9584422994794425,0.9515258092266289,0.9740715909308384,0.8910469207295793,0.8335995813856872,0.023375898493607168,0.021425660160545763,0.07552092758278177,0.08222679679950681,0.03434463622210366,0.06562038063937836,0.07440045458254045,0.950296970519805,0.926028623729194,0.9046368652423895,0.07948470628654002,0.08996899866962574,0.09735019901463608,0.08488284651081746,0.95212449223655,0.7768344989772165,0.09597204826538833,0.03685317991882522,0.016962602921054174,0.117797751313042,0.0297189714126105,0.0279227898532708,0.0449883790970332,0.016002236771595766,0.07474216400040203,0.9480458835873768,0.9227169339398339,0.07892725678509896,0.07651226112657712,0.03820992600613997,0.07083531870127316,0.9541745078465227,0.8888028314295069,0.05338086663578373,0.05412428353834501,0.0993489752358885,0.10240813750271513,0.04691846302650787,0.020662205316953317,0.12121244577875906,0.08785498516879997,0.09025726549795063,0.07874249476916227,0.050462790749983485,0.12148741995478489,0.9548774749527503,0.031363124691958184,0.021876088728830855,0.050764404294008254,0.8854516365917952,0.9086216607319785,0.06412804761618604,0.03731894201090107,0.031076613580246933,0.024069443850622388,0.02159615652956213,0.9012818902971174,0.92294008111458,0.055764373472309024,0.1720752422355358,0.14133368393494297,0.9598441228389574,0.958537222495326,0.9648205534445101,0.9631914624516577,0.04071265293556477,0.049225998390579596,0.04386841864083598,1.0,0.06278992007067186,0.05855468089751214,0.03075296265929009,0.02299455053175764,0.03364338704469957,0.020019431075117083,0.051564791122058966,0.01983028714810728,0.48296619496127097,0.025450792421984263,0.02253205331624125,0.06383445713671335,0.018209564038766883,0.01621119103318153,0.05160987488077407,0.03323120697691238
0.6714119863722325,0.6429364516578862,0.14530441813868084,0.13162290379682756,0.12128760272242131,0.5707990162248956,0.4888802223255631,0.4995717729238677,0.5483128828200104,0.06014450575328271,0.054987446928331976,0.05495488806614747,0.09274077803970697,0.7351135893005774,0.7086418809022565,0.47655720807804425,0.5735353685584849,0.45240879655088856,0.6627469198258069,0.6996850799563624,0.08392871054020358,0.10271089027862731,0.06706186085579526,0.1010812116515646,0.056765315086570955,0.0370843517600919,0.05126559213259724,0.16751937750414922,0.4627303195612805,0.42041606633661155,0.7060142530186768,0.12286840390566174,0.13247285575824488,0.1297049169501844,0.11459735483470897,0.3465036613707207,0.6228640369872541,0.3948183999871293,0.4114309073360578,0.4407161881416494,0.4407783773026481,0.5788461731388203,0.53243613817019,0.4646640934576171,0.735761728746521,0.7527419831760027,0.2098048335410468,0.16919432959413314,0.14827740059442218,0.1644973335822487,0.162756377158097,0.16153972284388154,0.1831844917032187,0.14151841385274244,0.09067926818889518,0.14558133770735104,0.16943453780840514,0.17024528405453318,0.1564347009088111,0.4695394475702337,0.20126746414306912,0.10570290257839263,0.711691679494317,0.651176236950831,0.05346059944924266,0.06332526933569212,0.04631184874646648,0.06533359092777781,0.07640106798452341,0.06389121252779208,0.6861397835408237,0.6647297344880517,0.11273530515883459,0.13802201291867294,0.1168952141834146,0.11585652703879443,0.09820346763598116,0.0627944367978444,0.05720651456943487,0.04123209198127693,0.464726470901855,0.459980637083587,0.38928369973385946,0.22452860245823322,0.05887517282268506,0.0460467312440265,0.7968503154152762,0.32931438045763056,0.47247177228059994,0.5516710567106236,0.7324582388002912,0.725514958759301,0.558279323428685,0.5560326615124943,0.21956671312906453,0.058293998778146394,0.05773211895488595,0.13798796514095976,0.12261033831082747,0.11733508700213134,0.08448405304116598,0.052640577417069234,0.04723960067435785,0.4382671780914381,0.4718131932051137,0.5951840343764533,0.5707667866986059,0.44570178107768643,0.43265053859427954,0.47754276313359734,0.560060916499115,0.5920269743316089,0.49857723953919963,0.5066090035714017,0.4956084149722772,0.05188293817886175,0.7298423457533507,0.7138938111400681,0.8351560673993417,0.04860068405883881,0.03719866888684721,0.9727737982882495,0.8217280761216388,0.2675151318526216,0.6989431014095554,0.7050454374989198,0.043463884074418424,0.046677133302140156,0.23685166126981713,0.12080718942472987,0.08361494079115113,0.05242872428566929,0.06060608573142763,0.056972480761502964,0.04381471956637262,0.4508771338234811,0.5321136725973724,0.48839304392278393,0.06278992007067184,0.9999999999999999,0.7964660661417498,0.18928741974035168,0.6239556015564157,0.7290231496524814,0.6886909899378911,0.2852135709003289,0.6462899767872836,0.15087504681030597,0.6891486926137965,0.6541337666150345,0.9110583423732501,0.6794664299271308,0.5908412669322948,0.4310861540471163,0.4861548558756456
0.2661682544398238,0.2449766507299735,0.0941867894184386,0.0826118161906294,0.06580505496088626,0.226261437583257,0.21173265302563904,0.20582783448351447,0.22302812260529473,0.06365474327903095,0.056521867822390916,0.05522608618642049,0.07967484013273285,0.3282782540221495,0.29984022606373467,0.19047154163832278,0.2435580715237186,0.17564389871523722,0.2724987823643126,0.29965352478151186,0.06592440106796144,0.09301893208879156,0.0652494709232135,0.0900022854636028,0.05419176374324298,0.03441816271222362,0.041679416000607795,0.1344534428711293,0.2321616954304498,0.16613898405946953,0.3034714598088556,0.0821526500194746,0.08545875448717075,0.07861161804016119,0.05440181940834981,0.136020910149897,0.2617908271176106,0.15285818260902223,0.16057365263597687,0.19812006459314135,0.1952542155833377,0.22582027372964233,0.21113089085185127,0.20351183546073695,0.32804862132745644,0.36348384315256294,0.11769068243494771,0.1019228818391049,0.08970904509890452,0.09442122240262656,0.09384335953252852,0.09339445954772395,0.10601599960143085,0.08207817104081126,0.056550211272682796,0.08414423805641362,0.09481081030763874,0.09783950131043913,0.08953605847319661,0.18686866770432253,0.10763878465946765,0.07583593668654094,0.30840959402629314,0.24941378610974752,0.05705014829588203,0.06348093938974553,0.049545211369674484,0.061547496044918014,0.07971886526490776,0.0659891604663094,0.2842097683389301,0.26032152832653055,0.07674529624831818,0.08864589705187363,0.060713403999612614,0.06349442856749449,0.09233505215975885,0.06047131416223529,0.05455170527952986,0.04448749744361052,0.20724277101549146,0.20392594038142048,0.17688282423617246,0.08884474363500315,0.05757628625338747,0.040637583264159845,0.7120421351263162,0.34920786251643887,0.5257035642808536,0.45326708441464436,0.3290876923764293,0.32146395146207396,0.22492038483704824,0.21378506790276744,0.13120131228822793,0.05752472990035851,0.05409996528763616,0.08850146100886161,0.07396111132832986,0.0662910549095095,0.06452579794298455,0.05232913883750173,0.04300953880631312,0.17994817703281252,0.19085770400916888,0.5881357115532629,0.6034818879563479,0.5018164898240638,0.5095259625419312,0.48943198824473055,0.6008474357501903,0.6356869626881448,0.5318585921575526,0.553555070319033,0.48377270549682266,0.0509622607305116,0.32599688933647086,0.3069458579397603,0.5375669241293938,0.04726650603266727,0.04559647419861925,0.8216808692230956,0.9313059666439685,0.2988420797662453,0.3068103320499074,0.2999172275348306,0.036683118559562175,0.051982097546369066,0.24265774557494413,0.12641918538447527,0.09310933368310861,0.05392847378469626,0.06164841509754605,0.05912676739449134,0.0460723759232903,0.17021047368233624,0.21425813058592547,0.19574422430155144,0.05855468089751214,0.7964660661417498,1.0,0.15889044721682827,0.23626262498062092,0.3307152769255182,0.28385337652960607,0.10501241841525373,0.24990556324077268,0.1475470000371052,0.2874112194532205,0.26004410344809364,0.6510680945521131,0.2758139386633863,0.21814513685136483,0.16780665348557508,0.1798952167763729
0.16111865331045525,0.16200297548648546,0.038435827585724475,0.029970703683019732,0.0353992571372751,0.13496638190331664,0.11091319372864727,0.11447710610871409,0.12667394399653165,0.06207331118085581,0.051372331078207746,0.04729189103499983,0.010240903242981908,0.16370423969439343,0.15659956116048854,0.15314851700986198,0.1657680631260235,0.15336986654293178,0.16581226780729127,0.16550171268737063,0.02061874390003943,0.014233325356427391,0.05694571139392756,0.0104159933927381,0.044689070781297316,0.03460165981073912,0.03080496975032895,0.941623841111626,0.1644894121224555,0.15293465777821336,0.16520543377839633,0.0266856505311109,0.033143258441874254,0.02932585553248981,0.031275371348521194,0.14769917337288993,0.15877169505863442,0.1463024032263116,0.15349408594456848,0.15788032934015744,0.15979450937114678,0.13957577406960162,0.12315219233258021,0.09931935994368976,0.16259906545114888,0.16571201952397327,0.041417387787233285,0.02686986702450021,0.02716277909427377,0.03212131423818275,0.029938920112568514,0.029995090388244054,0.03695750171537581,0.018942155083296674,0.009038243546520948,0.018084637895153133,0.032056277231083966,0.022670947314195316,0.030951429935152687,0.16145752786573775,0.046838655651751555,0.010249828695324186,0.16564057120471343,0.1554836061914269,0.05708537773673989,0.058810365119422205,0.04723433902188406,0.02758286918012563,0.07819659521603052,0.07961394880461872,0.163610355873358,0.16065521745570926,0.02769476284040408,0.03463790044370169,0.024924751807555615,0.03978104210099317,0.016129201475083843,0.051997258065518505,0.04340465353185576,0.04137281765797156,0.1574424429075016,0.16056451236327285,0.16269044968759844,0.09379146320418952,0.046014575626120414,0.035061856157626095,0.31593213890363825,0.3206806391750113,0.19718258005885714,0.13827752084351755,0.16752785563983424,0.16821188137582296,0.13419348255450214,0.13475138333465947,0.022363007967865837,0.05116745911453414,0.038358117947681035,0.03822938988980023,0.039868252583060426,0.020516103800997346,0.005501922133985718,0.044721619505477095,0.03166246442462224,0.14998580201175207,0.15335316707800561,0.19187955988202973,0.21058409244388626,0.18559500966021902,0.18481765417638923,0.13878105745272654,0.18064464907190692,0.20080151770198518,0.1704219071635607,0.18266285186174355,0.1369206386739174,0.04191055726687909,0.16279199474712253,0.1575695570253378,0.15880167319126992,0.04058747842154912,0.04508542314763187,0.19277450378127756,0.16025831812185043,0.24560094536497545,0.1633136038368484,0.15755621708649017,0.03144875483849817,0.0518276455266749,0.3468033303028976,0.10864830333625679,0.0985526893782426,0.04753789006373216,0.05689317821622478,0.048437028101907496,0.03185012814757521,0.15552435013319305,0.16171528712083008,0.15964316158462172,0.03075296265929009,0.18928741974035165,0.15889044721682827,0.9999999999999999,0.15775528705535855,0.17062737474158834,0.16156004954967637,0.13791136215672045,0.15065852912152425,0.18277543645840566,0.1626597111861813,0.16041337802050326,0.14467722744610262,0.1441316910799792,0.15817662423243029,0.14359619641646146,0.1591675846488326
0.9520080778979322,0.9513067928702318,0.17430532309461166,0.14997376987185942,0.18340650639536765,0.8931772454837399,0.7508899017536421,0.7773307093552586,0.845699393288161,0.027348082717641293,0.02073584041980469,0.02175251476400305,0.0641228306677312,0.9368817861127919,0.9386682295216122,0.7501770331790334,0.8386632281111306,0.7362091824035885,0.9385202217126206,0.9448983604819153,0.13397524655511867,0.06151723000150195,0.027722903695758066,0.06517698226732085,0.018740872137465864,-0.0017726243392686435,0.022036282205444516,0.1435025789987041,0.6648077196409481,0.696252700412733,0.9503227986317566,0.1250015579406518,0.14250880626736598,0.13179290792608342,0.1772948633111909,0.5893057444992771,0.8620248899034983,0.6703107091417585,0.6811068374653192,0.6772224092269579,0.6764205012183283,0.9048687116376425,0.8307922323160706,0.7340749658939145,0.9332737529889789,0.8685869647098318,0.34066561240974547,0.28390589678673483,0.2550468054387671,0.27802770622620765,0.27502430617955254,0.2747027578294989,0.30471405849842886,0.2472840649920498,0.16979559381131773,0.2533179720405794,0.29206953808107494,0.29161714375577047,0.273739473494546,0.7501823052270261,0.33497526743269496,0.18404027588538246,0.9491302035566566,0.9605539296251407,0.02549115085614575,0.029781014824514535,0.018504201785626714,0.02286787506648104,0.044671047564758044,0.04307770153200502,0.9528551908015565,0.9511526591202126,0.09376760191723274,0.15797148441358355,0.18274797664564826,0.11385449886285033,0.046142648875147074,0.023519279042430074,0.018264916245026866,0.016953560298199513,0.7113059030590263,0.7026933560733826,0.616638017394215,0.41061823654412316,0.019390041202155175,0.009918984432617215,0.47141012599864296,0.15814367282169714,0.16652911314535904,0.3957356338319789,0.9444880957405045,0.9470058336930031,0.8784330920820551,0.8657796374184643,0.35606442541554445,0.018328957966749614,0.020293762999019922,0.15854967402648348,0.13452411091327823,0.18431344806702557,0.05569402582083551,0.017178773196137833,0.010929006813972075,0.7052113673239654,0.7432613242708387,0.29820640732553955,0.2509014135447776,0.1567427443002946,0.13616086313061382,0.23541734466782413,0.23963253030405862,0.25000477553843037,0.2133254462714215,0.195209113023276,0.26036835531596747,0.01756335048006024,0.9352556538236482,0.9169840800734196,0.7053186585154717,0.008154355845231914,0.003591087671131234,0.5644915310474077,0.280094589685288,0.09571300236074382,0.8805284376006578,0.9345381741620175,0.010194106029255332,0.01204153062814521,0.11171965425887072,0.08183464381206434,0.04076183886627065,0.02001682903788033,0.025444153586056388,0.023435368843093565,0.011273789416263242,0.7389730699012201,0.8140934121208644,0.7580525716514783,0.02299455053175764,0.6239556015564157,0.23626262498062092,0.15775528705535855,1.0,0.9401753760779248,0.9539623376675077,0.5205255270555849,0.9457427701056494,0.08262991055963036,0.951830368824177,0.9619989861093995,0.5740848730652233,0.8937328789670673,0.9483986253577938,0.7159051438885194,0.7965689028467817
0.9895429049241872,0.9820248137613115,0.19733707152713978,0.17178110709292868,0.19986132999558065,0.8959764382052755,0.7617812228006646,0.7918509458150278,0.8588826094056566,0.03904422387092435,0.032287030576420184,0.0329076514117466,0.0743851829245213,0.9916394357933449,0.9863399238086412,0.8366864223232875,0.9177445627655119,0.8176481747777932,0.9920189078975056,0.9969430600173614,0.12217635339416519,0.07746162205701937,0.0404306424248549,0.07770215963608948,0.031211538471780625,0.008432047489673057,0.028130501790597385,0.15552011229471993,0.7608263386949369,0.779887541201841,0.9950291613090041,0.14604810011301392,0.16610144372208432,0.15944644177366862,0.1955638679182708,0.6779668006620309,0.9424183229912677,0.7534029225765427,0.7694366949294361,0.7675656133591737,0.77215113932848,0.9036333709274978,0.8421601212309486,0.7393138522590947,0.9892528992034867,0.9495334141431171,0.3579185477463586,0.2990881989037665,0.26442079111378575,0.28926323097257356,0.2882074718497179,0.2874594913576379,0.31794333313289114,0.2545323454320305,0.15619227162168214,0.26231638150622516,0.3027229971737369,0.3052928176158658,0.28188749256752854,0.836058265581621,0.36000397992574995,0.17614256375315973,0.996779471076329,0.9808347325479615,0.03666189952021699,0.04269419557371207,0.02760176532939977,0.03595754319222567,0.06126582954168136,0.05637227736061144,0.9950526241388862,0.9862327707899212,0.11690434972805742,0.18171924184207539,0.1985968025734716,0.14035971324958035,0.06558513420419763,0.03631624195771516,0.027430556215676066,0.026687848767476513,0.803133131823618,0.7924302073872455,0.7056744605301101,0.4885848742851725,0.03132078492588314,0.01729606789404723,0.5780261685884781,0.19184161216584203,0.23425208861749444,0.49258835540034096,0.9969926405007109,0.990102416195712,0.8889261700811765,0.8742609749706225,0.3617648769437642,0.030637218693076854,0.027856615834647484,0.18137480635447042,0.16081490227710152,0.19665401797991316,0.06307456427889419,0.027741336650619,0.018535676021564435,0.7924466700039404,0.8308419340018189,0.393163635742303,0.34283215825456137,0.22967535205755338,0.20666601607351007,0.3217063283033094,0.32917204467199856,0.3429955685537058,0.2980225076180197,0.27904873163573773,0.34585842153566615,0.026341291878819676,0.9908371224138923,0.9794396507304474,0.7912293906512752,0.018564275407809437,0.013482953125568352,0.6711683184171077,0.37017154250524403,0.13746471424169288,0.9547031684976458,0.9859030287613364,0.019611056855273645,0.023340987020134575,0.1321158221776324,0.10174968587636207,0.06433561879758276,0.02999724810141981,0.03847587597554801,0.03376872504583144,0.020863992988104898,0.8191349455198039,0.8956658957609187,0.848338107402684,0.03364338704469956,0.7290231496524813,0.3307152769255182,0.17062737474158832,0.9401753760779248,1.0,0.9904835137255005,0.6000192539649883,0.9688551540369671,0.10464961798005754,0.9952388182210606,0.976792786149099,0.6744247021497053,0.9414906937534396,0.9463418923253563,0.7935856949927669,0.8649173728837681
0.9923729868257651,0.9859946821371633,0.18444168574572165,0.15992174395674943,0.18770968194333423,0.9119911995083005,0.7765253636448078,0.8083624145862803,0.8758201798160662,0.026908027231541665,0.01993704914552108,0.02047592584346415,0.06824988163671433,0.9894383851933123,0.9875051589433714,0.8021171782768509,0.8892214897465359,0.7866217149335453,0.985974523534724,0.9929860625246137,0.12062056716174703,0.0725120316646407,0.027045238965249428,0.07304044803379123,0.018452452592621342,-0.0024122185969558596,0.015065945374387936,0.1474966966332427,0.7143181784407504,0.743020385733655,0.995796666592647,0.1354504036179298,0.15375512679024325,0.14601867846883254,0.18323590460510727,0.6325797892820119,0.9200230283028401,0.7152832622096297,0.7299672403215486,0.7257955085277767,0.7287354842414518,0.9212018396408959,0.8621506007818677,0.752525872944023,0.9869073805111905,0.9368104219831577,0.3434859912456701,0.28372416497878783,0.2522993942884775,0.27638990946187575,0.27516307774455495,0.27358692511866667,0.3052733794497345,0.2434022327809384,0.15190349430098524,0.2510107028170854,0.2901456465618218,0.29180685244957255,0.2707274595057011,0.8010712341315785,0.3417079930414263,0.1719521475257697,0.9957526040660095,0.9896158981084503,0.025070375471223018,0.029703448586115476,0.016842453504929973,0.023034980032857845,0.047236458151029656,0.044718402686985785,0.9965126121706751,0.9909848168123431,0.10745660758464465,0.1689110833394758,0.1871589865973185,0.1293314117147291,0.05803105018408041,0.023149838685503202,0.014792325079435616,0.01808954288486166,0.7642767162804147,0.7511397009562256,0.6637334217570147,0.4455145605815122,0.018393759713627313,0.007674318555389033,0.5287737754442997,0.1702338849857943,0.19727283613713842,0.44505713706057115,0.9936144242807187,0.9896776441109842,0.8999215440986253,0.8962343779619923,0.35594414836381877,0.01734487237533857,0.01501822375560113,0.1685930940032634,0.1473130582861381,0.18552991332697646,0.057694692783449325,0.015295214527607643,0.006910469534703187,0.7529922848974635,0.793525566385551,0.3461377969619229,0.2951997542312966,0.19281428750364463,0.17032774751275956,0.27781505102735427,0.2826621095414893,0.2952171873491088,0.25437902244117466,0.23728550110122038,0.30050178648439757,0.014702156655595917,0.9880432602822089,0.9786942562379423,0.7691812811977154,0.005752165990329701,0.0038003831364449834,0.6257088146144452,0.3214217082388971,0.11577502745011752,0.9441815834764163,0.9875216253758236,0.007719813132114035,0.013279989762559731,0.11924817362260642,0.08915851664079687,0.054624135360063046,0.018715692481062154,0.025885695300239025,0.02204035779601193,0.008896999577097952,0.7889337512425753,0.8661807606287556,0.8150334095407685,0.020019431075117087,0.6886909899378911,0.28385337652960607,0.16156004954967637,0.9539623376675076,0.9904835137255007,1.0,0.555795187570014,0.9720838273526012,0.08963446745449173,0.995864528235529,0.9839108652811018,0.6344876522882298,0.9509362238736819,0.9586139166385088,0.758857203549078,0.84250820936155
0.5825679933317304,0.599560325549626,0.3248302775413268,0.28406202451467694,0.3636736858543223,0.5400180475316071,0.4796926381412544,0.46885437667256735,0.5129681333997697,0.07461596580996012,0.06400584986002457,0.06137519719518425,0.10878589780658335,0.538757892942082,0.5304144980495444,0.8924077140686762,0.8346943458412182,0.8351809634788937,0.6559622220703424,0.6057918218548658,0.2136022592058892,0.10823141186146677,0.06100274034710395,0.10134378508300916,0.0520900565067997,0.0235902622473449,0.04032603801148986,0.13006512181540006,0.8696156351778566,0.8550837402413239,0.569755456549477,0.2396004647277261,0.2737260887568525,0.2541897601816391,0.34146989645281123,0.9384767498063452,0.6978607629540636,0.9338199653123825,0.8872479686552889,0.9006058585084386,0.8717022782716021,0.531482036497686,0.489660285168403,0.4714770976369615,0.5343192258504021,0.5108262075366797,0.5256940357639438,0.49290630121628765,0.4470755763061499,0.4697408401771467,0.4755926911008802,0.48170602941258395,0.4871783234598197,0.42543848850887983,0.2758102669696563,0.43956888373964087,0.47887379283862247,0.4920246894703428,0.44855125958083,0.8908724680607807,0.5536663048236741,0.29911559097211693,0.5701030997776256,0.5516257134824627,0.07469053973853786,0.07242224314802875,0.06138858772120952,0.05004233278152775,0.11557439256930958,0.10646051260265686,0.5842810238223755,0.5697059214851076,0.18602644637420626,0.2997316086858526,0.3479061847208259,0.22771171990356168,0.1058732671237674,0.057686419090834745,0.04035729963028157,0.05630950421538251,0.8562009744296316,0.8990267546864511,0.8616446253590808,0.8907190391636709,0.052337088137859644,0.015889515107161186,0.3003629157174847,0.09857823283989803,0.11319006989320723,0.3802231093695627,0.5617436869510571,0.5480095809268589,0.5986253549458872,0.47996499247727337,0.43862998213386845,0.0547391883472551,0.04140819822398124,0.300519905181435,0.27509559144310114,0.348447615383725,0.10789665331440813,0.05095959546602361,0.027133399195498932,0.9202326962018769,0.9008912004450847,0.23074512039078118,0.20844818808389964,0.13252962832696047,0.10554034450311339,0.22095816518848146,0.19824423865105914,0.19661375146243582,0.19098748755472347,0.15233695013607018,0.24207822801095544,0.04885837820536095,0.5468762537458199,0.5169703114785372,0.31617335192561297,0.032588252129593244,0.04788489168731746,0.2597798330391897,0.13112425775172482,0.09107166316546121,0.5654702774279566,0.5370109551841233,0.03176211604928009,0.05513081722344814,0.05270514782762562,0.15021111567165674,0.11061728871388331,0.06115383337389971,0.06954828743384295,0.06345477524108022,0.05262293590783528,0.8329346498379405,0.8542199282138636,0.8144402471393791,0.051564791122058966,0.28521357090032884,0.10501241841525373,0.13791136215672045,0.5205255270555849,0.6000192539649883,0.555795187570014,0.9999999999999998,0.5591490549106195,0.0990842226508821,0.585535374436576,0.5732226508165548,0.24997851367543222,0.4537004382469209,0.5884704438042612,0.9103192965910265,0.8188346288800341
0.9806218528962378,0.9752542049986379,0.17893496610543608,0.15560949041624272,0.18807231625537113,0.8527340370524368,0.7133289812781094,0.7446715093008165,0.8098199606706956,0.024419393129175383,0.01860188382895239,0.019724291343707307,0.0682956258955902,0.9647071125877118,0.9738773654881215,0.8023763680768757,0.8848181446905468,0.775063126507172,0.968272000189038,0.9720353721218723,0.1079787174831101,0.06769656216545922,0.026476383772930625,0.0714090409852413,0.018790711901066966,-0.00033484335932075607,0.020623381715074607,0.13669102171719613,0.7131717143611587,0.7364911600024362,0.9726590300454617,0.13103298998035626,0.14952631880108663,0.13852571846831763,0.1829812406561679,0.6353986872136228,0.9363492640815859,0.7108395050657628,0.7306044364854662,0.7261802254874861,0.7308355248896842,0.8634139837541615,0.796808901726362,0.6914550293924302,0.9673172459464933,0.9227988696328172,0.3294573932800461,0.2741026523821627,0.24417915641757232,0.2665936246893764,0.2647402748920258,0.26458951904601,0.2913365811323844,0.23300857693467106,0.14446216163982473,0.24120863308318308,0.2768239348948444,0.28030757371216003,0.25867188954291587,0.7999997813373199,0.3300666087843267,0.1591216577592954,0.9727017238096289,0.9767882600731571,0.022994226315031896,0.02807012895628239,0.014232347490930873,0.02259779714019026,0.04403336742731632,0.04229198957209882,0.9753356009249203,0.98086930855998,0.10218874806313513,0.16418473594415878,0.1843936857434145,0.12409977186354024,0.05025775686315116,0.02274495386581538,0.01659565473282244,0.01570902006635483,0.7610491895010539,0.7524771405134862,0.6617059138685251,0.4529439945249509,0.018258891777210292,0.009106730387288464,0.4998566259540181,0.15438770967195986,0.17647668936004293,0.43217433886405554,0.9694278080375265,0.9703320727115599,0.8500363734788513,0.8294090855168202,0.32478818000840176,0.01666160187130259,0.01824469639755498,0.16465100831029789,0.14395734523951326,0.1830576859299609,0.056795114586837524,0.015666992836654597,0.010477429703256798,0.7542888203259408,0.7988248635114417,0.3249161464904143,0.27419986371460375,0.17607499546379313,0.1511963101927014,0.2606906746458461,0.26214680774101345,0.27366979106860695,0.23566175039430814,0.2175863967798639,0.28311275563127075,0.014680506112365386,0.967184415001736,0.9611068759082808,0.7371095071658781,0.008590435359321013,0.0024173432696872957,0.5828378646116742,0.2893480300759849,0.10297905804442248,0.9425757522712989,0.9701227761382107,0.012342012569105774,0.011105865018689312,0.11307798702103884,0.08034569911860094,0.04199714700315941,0.015959258968387395,0.024227648934408194,0.02016235828753471,0.006205278482962294,0.7777274152601623,0.8636036300091179,0.8184828627805227,0.019830287148107282,0.6462899767872836,0.24990556324077265,0.15065852912152425,0.9457427701056496,0.968855154036967,0.9720838273526011,0.5591490549106196,1.0,0.08544944739099629,0.974272153664187,0.9574373188970992,0.5987364996018945,0.9515473372548698,0.9215952601663795,0.7532634403977561,0.8395208521495862
0.08702158049402353,0.08954532655168104,0.1459485644665877,0.12777192714672242,0.09761652919672249,0.10459788859023621,0.12473500057122906,0.10568465435629483,0.101866464504615,0.49451352803982224,0.5050448316252515,0.4796290931663198,0.11568212805649877,0.09931800868301235,0.09070240371077985,0.11568882447390301,0.11494576450610357,0.09072832591265746,0.09775708781345176,0.09915404137361582,0.10569722098094124,0.12296941036548849,0.5780948136606286,0.11623125207979396,0.5708968967898658,0.6245888873978974,0.5208837979113082,0.1612878190603745,0.17570004830697092,0.10699883164278196,0.09607013007400497,0.11895940258213991,0.13537583432844794,0.10868021684263968,0.09104218452664067,0.09930585558765513,0.1049087383872531,0.10327200867480323,0.08075951135029899,0.14942749049764567,0.12662674511295996,0.10466005755982369,0.10852301872152349,0.12043892465500138,0.0967053172288592,0.10910363354120048,0.13555736985001898,0.11148826877753765,0.11299254513261799,0.11590653506447686,0.11708886708785746,0.11938389306275783,0.12487278109626769,0.10522485064268573,0.10657812837816362,0.10304558833572501,0.12223920749416667,0.11253037199513745,0.11769602741771287,0.11361951449253264,0.12019465727295989,0.10417317172744157,0.09571775757524054,0.08430028991078546,0.4828488451720768,0.5153917613728864,0.4608194989038966,0.4809520672746445,0.45079666559874165,0.4047612749485592,0.09301538015677539,0.0862855665703697,0.11981515343546909,0.13560842309178273,0.08323787920386103,0.10793572974139348,0.11509877644303261,0.5761926382748064,0.6031653121085099,0.45800360070286344,0.12882056509299555,0.14394774294152046,0.13236238432329434,0.11952073253476939,0.572742693129682,0.6285034368570032,0.24507747921984369,0.111249103877145,0.20260333754597382,0.20070780163888788,0.10069228073885252,0.09566984694069709,0.1266415976390931,0.0860327057691859,0.12894963276547122,0.5747123622291851,0.59703693485053,0.13638406722773697,0.1108951634436849,0.09209039259163179,0.1015731106638346,0.5523866638835749,0.5984608643514908,0.11351845871243728,0.11493540704631075,0.25958213009072106,0.26863128785333185,0.2004044781558896,0.18590085715028118,0.24728234624143,0.2374377437415055,0.24657871445206075,0.23227970268232798,0.2095024401690571,0.2551030420293011,0.5438468011407787,0.10163185983263255,0.09302340860228583,0.13470582935184017,0.6145069430589725,0.47871031956064974,0.1604009167839978,0.13293289658818047,0.09115089408080657,0.09262053141832882,0.0882372848309615,0.6020055918581434,0.45912336721245506,0.1211764800936721,0.21785450286205388,0.17476019701883905,0.47329817596919715,0.5126240889869977,0.4825077130479474,0.4311856575752903,0.08534059421509683,0.11049523941534212,0.10085511892873833,0.48296619496127097,0.15087504681030597,0.14754700003710522,0.1827754364584057,0.08262991055963036,0.10464961798005754,0.08963446745449172,0.0990842226508821,0.08544944739099629,1.0,0.09216738427328572,0.08162682617906837,0.13556736547170278,0.0739056678609371,0.08090019611744298,0.1080583997046353,0.09760855814997874
0.9946093572305392,0.9882898501583567,0.19314300313131774,0.16752354280067464,0.1988235744597735,0.9105113789055306,0.7771879286621118,0.8076095629040412,0.8743321278848185,0.032079645918984295,0.025166554930923634,0.025863398894445527,0.07002368985567248,0.9913637302434142,0.9882821294249964,0.8260395524744599,0.908771183447126,0.8075672736562329,0.9931791340556467,0.99746028844737,0.1262913712059429,0.07391386383472802,0.03251136984642002,0.07424235620205229,0.02388451718772653,0.0019299757415402919,0.02110783052258121,0.14847586454007208,0.7406276367692552,0.7660184586440799,0.9969725097752105,0.14175188937892386,0.1613098642920445,0.15235135859362442,0.1944994171727529,0.6609581135440926,0.9353729761821038,0.7421236955218116,0.7545625461623973,0.7520908110759795,0.7551403080988863,0.9189299356773946,0.8586219895444805,0.7544956338712556,0.9881021151790118,0.9387800753292331,0.3580998686251776,0.2987633924198656,0.2651967493677598,0.28955096151910115,0.28840574673423963,0.2874701244651347,0.31843046267205993,0.2556415863932454,0.15992182465774354,0.26356912037680513,0.3037334127851199,0.30590016018082644,0.28393041678157116,0.8250475653077199,0.3588893300240913,0.1795081588360877,0.9979585264118037,0.989356712632264,0.030051126701984118,0.03525365544159023,0.02154418567321443,0.02813304967227518,0.053281715239053715,0.05039349624218236,0.9985908123486884,0.9921339046194126,0.11184949278076955,0.17719288162537772,0.19774069760482374,0.13480699720903785,0.060343540726678656,0.028563955274345403,0.02012757780215193,0.021873698345649516,0.7882235169054,0.7769521396189011,0.6894410453033092,0.4737305395136447,0.023726986220226065,0.011672190584651318,0.5374114510724413,0.17339609999112737,0.20434307398517146,0.4602350857224218,0.9960211498481397,0.9900504192168934,0.9015323067550362,0.8916879668759907,0.36592570547200803,0.02278974097007444,0.020654383219194734,0.17671597981386425,0.15447578511562407,0.19635854136870431,0.058562676334927184,0.020783232556717962,0.012252132443587705,0.7793009747617549,0.8186411278930075,0.3561518415000658,0.30548981364216454,0.19901058336386715,0.17732983603343522,0.2885471537020526,0.29184355355677205,0.304688339860356,0.2635275083179158,0.24537996890033023,0.3119270688397868,0.019792370867503767,0.9904261998394508,0.9809130172027878,0.7681980964035181,0.011412654925643554,0.007596037467771571,0.6281115936124456,0.32500710182395964,0.11926758477446353,0.9481856618462342,0.988809498822179,0.01344543214571621,0.017400831558827587,0.11967708446138195,0.09394531317615931,0.057776743999230384,0.023480679655231707,0.031202618834915492,0.026989331879979702,0.013819754515918863,0.8096423744218398,0.8873692180654169,0.8359181578933241,0.025450792421984263,0.6891486926137966,0.28741121945322046,0.1626597111861813,0.9518303688241769,0.9952388182210608,0.995864528235529,0.5855353744365761,0.974272153664187,0.0921673842732857,1.0,0.9847182580977787,0.6373203932840412,0.9479200606322172,0.9584387296864546,0.783883346932617,0.8604231232666207
0.981481224163224,0.9807649021218054,0.1860408127429766,0.1604782938171357,0.19267126670845136,0.9146017046985594,0.7746845447047371,0.8069002064023736,0.8752270454926988,0.029901828923402384,0.021694289068463102,0.022540075049269463,0.0650179029846981,0.9682536289581195,0.9654132764607701,0.8155483515307121,0.8934231735587033,0.8078476359370192,0.9780415539684357,0.9805617472161657,0.126739999637008,0.06798132510539616,0.027917617192153067,0.06749181544177038,0.019013785343744122,-0.0026609708493226434,0.018623212453837464,0.14828122309739872,0.7248713733562213,0.7640561016092211,0.9827674823161797,0.13517978499078287,0.15358583008433396,0.14739518573750413,0.1886988720544097,0.6506780180956737,0.9101699404125165,0.7355051987611753,0.7468548398016269,0.737112165810566,0.742967946312983,0.9226579438839677,0.8582584383180958,0.7552720867004055,0.9637769005880658,0.9037969468002398,0.3556590892084143,0.2969494200248086,0.26344122809354525,0.2882168103216902,0.28683586036956915,0.2855803010007373,0.3175578633165948,0.2554970232696813,0.1601013932274728,0.26357821764865125,0.3040281506989175,0.30479097922478676,0.2837865695650348,0.8130407611978656,0.3568860585871097,0.18014436024694347,0.9816833468267,0.9803830130256472,0.027746351578624356,0.03226938633358722,0.01990821605538668,0.024067341833489644,0.05098274479779911,0.05019609644933702,0.9846693251417004,0.9779193867462904,0.1046689166237116,0.16998216091423746,0.19359360090983188,0.1283281417994001,0.052174050984865446,0.024054686447863242,0.016246139857912224,0.019806526904017765,0.7774222710665408,0.761147188246992,0.6839648245184752,0.4603859765837692,0.019999995513121725,0.009517700943725404,0.49841986956096546,0.15748355398895028,0.17384395556961674,0.4277332351777314,0.977138245923517,0.9755990902369346,0.9016784748029889,0.8896910310527262,0.36863252843212135,0.01863458264419439,0.016069538253197554,0.1691524727266598,0.14947456647186916,0.19205415312475405,0.05408942199742232,0.01711226228256803,0.008951759907579272,0.768730158805276,0.8042442191480895,0.32079108680401464,0.2718685452895652,0.17160924102515823,0.1500710722764945,0.2580689748269391,0.25877354509969375,0.2703239580542811,0.2322940743803571,0.2118581235799626,0.2846035746281636,0.016944905427536863,0.9655461762854773,0.9550720462554858,0.727894477862993,0.00660479875338037,0.004518587376700263,0.5943471842440704,0.2992778270891087,0.10812939543227225,0.9168536473155747,0.970925089517435,0.008267223990603798,0.015155666785315122,0.11313757577167341,0.08447575144076626,0.04716147495046042,0.021297819226133306,0.027494185119011708,0.02410931000115785,0.013005073339232951,0.8109392179354563,0.8739652758077231,0.8251913419409157,0.022532053316241245,0.6541337666150346,0.2600441034480936,0.16041337802050326,0.9619989861093994,0.976792786149099,0.9839108652811019,0.5732226508165549,0.9574373188970992,0.08162682617906837,0.9847182580977786,1.0,0.6039755453227759,0.9255643493701674,0.9708233344600389,0.7786808540149268,0.8542276037224662
0.6216012426179341,0.595757897739501,0.12457427672778959,0.11292985168268141,0.11110912925288353,0.5245543923290241,0.4435410744943669,0.45723814768871485,0.5044391494170196,0.05766248452065767,0.05484547684247014,0.05211740326035926,0.07805371942811966,0.6796356540858738,0.6521940826848496,0.43024419219807697,0.5217995007241258,0.4043761702853736,0.608585093543333,0.6430762705492713,0.07557228652752987,0.08007881630076115,0.069375757675647,0.08284130144741927,0.06084308788450964,0.04679371352099346,0.05855941790339514,0.131768610216714,0.4120604727746566,0.3746617415843625,0.6553077476966498,0.10510987233225255,0.11343836797687405,0.11628776701800153,0.10642936279074011,0.3059802763053306,0.5716566463839091,0.3531117807236509,0.36339240688684116,0.3943545833997741,0.3955152470795029,0.5340131589510548,0.49417700581158774,0.4251327083539742,0.6804132378111515,0.693509579376208,0.18301599147874012,0.14562407439077407,0.1269678157622414,0.142105767548166,0.142187202650459,0.1392058515002421,0.1590839223127606,0.12388554966743262,0.08141447751979855,0.12663315807462266,0.14748931304268537,0.146254974210756,0.13626321007206396,0.42345874936001443,0.17935960325983968,0.08978391256213565,0.659151811058094,0.6030387870205772,0.05070130551697459,0.06252652958742211,0.04441716595588795,0.06732922888742396,0.06768790197014472,0.05452358579175615,0.6315049416606093,0.6156785079301477,0.09546624170512774,0.11831765627374231,0.10738142340840587,0.102984245598527,0.07736932561214171,0.06696830107065013,0.06387318734713739,0.03955745964243608,0.41422909384065726,0.4136932884657914,0.34650056764940723,0.19874047043486007,0.06283585058384364,0.05516969898815485,0.703741430054192,0.27890155898438385,0.39640836117316747,0.49284378777511945,0.6777273054010907,0.6717420572123152,0.5106159944286096,0.5166701603431292,0.18862440727910754,0.06259597248179838,0.0641523361925316,0.11766231844475629,0.10499960574393688,0.10359235724908165,0.06614838497159958,0.05602220344831351,0.056554163513748056,0.39223516521576146,0.42517881813938624,0.515417506863729,0.48514649507375823,0.3678978749961552,0.3521067081992288,0.4063731045082861,0.4726576816038529,0.5004375963040556,0.4186670806607278,0.4275938306854372,0.427222575375617,0.05398316258319422,0.6719570180634707,0.6599501636405067,0.7928532416474544,0.057569595104581386,0.03746550300837692,0.9019461081495267,0.6727760400864421,0.23210854630234198,0.6371252135760821,0.6510433698834353,0.05370754564871455,0.041105161660698705,0.20081883914459975,0.10562039448508931,0.07481726400541813,0.050342710330752785,0.06014816954267528,0.055303325207566166,0.04312819130810995,0.403637040822067,0.48307721256041447,0.4392084942228899,0.06383445713671333,0.9110583423732501,0.6510680945521131,0.14467722744610265,0.5740848730652233,0.6744247021497052,0.6344876522882298,0.24997851367543225,0.5987364996018945,0.13556736547170278,0.6373203932840411,0.6039755453227759,1.0,0.6355206078406357,0.5486733420347154,0.3887842121511468,0.44307726646922846
0.9513050777581237,0.9455521446585857,0.1388147925043474,0.1213543958809144,0.1400639214069319,0.8065033421058453,0.6683650290337232,0.7042467418105776,0.7685903357272218,0.021295904494695223,0.016287256137955022,0.01692253970717114,0.05765362943016916,0.9540013528984261,0.9598382345115275,0.7081977550558844,0.8079428805304952,0.6831071496233734,0.9285382378437784,0.9432252912748208,0.0804985141608093,0.06438107247747854,0.025143276199780018,0.06728107460752451,0.017110232408105705,0.0013638798007016755,0.016817228952780497,0.13280689412458255,0.6072594749377834,0.6349638077086412,0.9484920749990641,0.1029419555826881,0.1168063836419773,0.11261217284232117,0.1394808766724622,0.53465017518351,0.8729206075540252,0.6059002012568687,0.6312861570274562,0.6152729634252895,0.6239351162511176,0.8198264366984542,0.7576907498227547,0.6424320894482526,0.9591788439606531,0.9071165377943841,0.2587806350849823,0.20729913858780363,0.1832745742373073,0.20255144685252485,0.2014244699005194,0.20107224424430012,0.2252732433441573,0.17558950586672645,0.1015619847068388,0.18287660968554154,0.2133850627200712,0.21469786924480497,0.20013019442188476,0.6991682731067954,0.25954582754953254,0.11632574827161936,0.9490347512076651,0.9479695606111531,0.01953224390899225,0.024481889673259174,0.011731365116543865,0.022950783964995995,0.036813355908212456,0.03710397093316717,0.9470738328096882,0.9580976359392097,0.08392842091619927,0.1281567554306905,0.14028695370087543,0.09990159583979781,0.04706429886676742,0.021401709171948242,0.01574078651401859,0.013414078965217359,0.6565188235767514,0.64412379176632,0.5494723225241903,0.34236032187848375,0.017070167388763477,0.013992031695916151,0.5058858080131283,0.1514849718257202,0.17399220407012858,0.4075676975939127,0.9497903429174989,0.9557724403784086,0.7937842150211003,0.7976039097206171,0.26703055295021794,0.014565443666959988,0.017170537690211596,0.12780894170203813,0.10989768960847754,0.1362954352037502,0.045729029457300834,0.013812318331624003,0.011934805704554317,0.6493208959104549,0.6987473579291715,0.3158907474737462,0.2622377856910048,0.1623960751204052,0.1465370739742646,0.23981702772590432,0.24823741907724212,0.2647214593069117,0.21875633941176084,0.21041131866940171,0.26297107182042356,0.013857863905663294,0.9532886915965664,0.9577554226921562,0.7604901114660136,0.010101295766307241,-0.0002510238712563107,0.6205018362932212,0.3169454390889535,0.10247861092311857,0.9100819566444849,0.9542008454128195,0.013050859631427663,0.009382040753082172,0.11466589164183913,0.05432555167489499,0.02380938736640158,0.0136904870862853,0.021541852198916276,0.01739081858726526,0.0031288539737844134,0.6898203348644318,0.7779973648534679,0.7281310147901546,0.018209564038766883,0.6794664299271308,0.2758139386633864,0.14413169107997917,0.8937328789670673,0.9414906937534396,0.9509362238736819,0.4537004382469209,0.9515473372548698,0.07390566786093711,0.9479200606322172,0.9255643493701674,0.6355206078406357,1.0,0.8631372464653966,0.648414825612336,0.7470929942781047
0.9528563924325443,0.9559901226797989,0.20484171397655995,0.1764524707898473,0.2138509977357479,0.940829016809127,0.8113527330466815,0.8502881106856309,0.9074963864401744,0.024789152608541212,0.016955869664947918,0.01782141164308421,0.06571160219304568,0.932124503009315,0.9279105944028093,0.812019992625942,0.8810396736065786,0.8152458326488695,0.9556150339939627,0.9520659964279241,0.14869249425851994,0.06750022594459767,0.022647841044613686,0.06457497191898805,0.014973376405899878,-0.0031324739047234756,0.010839289318308288,0.14573739867923513,0.7289414684893,0.7702382197526023,0.9538632956493315,0.14790721673735313,0.1679059705183598,0.15952236119171462,0.2107890570044404,0.6578651639609299,0.8765980176312964,0.7488086615660675,0.7485983828148352,0.7458636532274888,0.7476467865030195,0.9466869120676152,0.8931418062562713,0.8051419967893065,0.9213097568251682,0.8500285741815325,0.39226990640402554,0.33203742992258084,0.2965039645295098,0.3215664403154598,0.32234295824712866,0.3187169878046014,0.3540369836714546,0.28856964682751346,0.1890606195714064,0.29690559603466005,0.339292446377066,0.33831545278113917,0.318172622700707,0.8163267989257488,0.38830914171308734,0.21342761946207425,0.95236745930226,0.9563352574073969,0.023134712839094507,0.026773501135679365,0.015779602688830704,0.017519074928434276,0.04666878642401618,0.044995052059854164,0.9593252437377778,0.9453013557181661,0.1123966596913781,0.18604688841303096,0.21710566206897547,0.1381979935247587,0.05478218365383809,0.019115370128021482,0.011685988044841578,0.015924315490035652,0.7823110694554368,0.7675844705514329,0.6950280208677694,0.47891465867053784,0.01508292594238905,0.005542495432610393,0.45576187077310376,0.14896843165887366,0.15947456759325893,0.40371749267928025,0.9453038072327528,0.9355059170021061,0.927341016788607,0.9214938856043629,0.41523798569569165,0.014651822851905081,0.011408713142276103,0.18513138782976601,0.163112228814636,0.2174138418799205,0.0572897017888755,0.012579079497636723,0.0031470547802616906,0.7753129935270998,0.8028454197751906,0.29483657625342,0.24991603370141044,0.15712848755922432,0.13649993536137678,0.24260636089397272,0.2382282452717522,0.24628484364615172,0.21484071051012374,0.1938359776971282,0.265753641109756,0.011601980396332319,0.9295244510716618,0.9103540802724092,0.6666612161093621,0.002381175259763852,0.0008349424603191696,0.536061565675312,0.2520536271297744,0.09916981588645864,0.8671998519611361,0.9316215551476367,0.003810890903948166,0.011221824978399767,0.10397047285291759,0.09519042034947112,0.0620136706864871,0.016458166342222635,0.022549098323362327,0.019172652646083307,0.009376524917095282,0.8143945977480332,0.8661669367818813,0.8185080990965747,0.01621119103318153,0.5908412669322948,0.2181451368513648,0.1581766242324303,0.9483986253577938,0.946341892325356,0.9586139166385087,0.5884704438042613,0.9215952601663794,0.080900196117443,0.9584387296864546,0.970823334460039,0.5486733420347154,0.8631372464653965,1.0,0.7880747967646479,0.858009448777388
0.7796532914262835,0.796021770262686,0.33486205688838433,0.29302210882803537,0.366015343319537,0.7289209678977541,0.6353911139122892,0.639055815032217,0.6948624365381576,0.06802498666506994,0.05820275201542929,0.05679281061277315,0.1122135609846771,0.7332568983484549,0.7265019313899346,0.9755047781806423,0.9540465464359086,0.9479828524708311,0.8389381428142826,0.7980332501785895,0.22011613037555197,0.1128899449896212,0.059545005351603855,0.1078745452886201,0.05042688389153829,0.022160824680415803,0.04009209632444963,0.1339455278824125,0.9355217151296807,0.9462706957414239,0.7689238227367866,0.248903459757669,0.2817239038810485,0.2652874733288542,0.35203113591748264,0.9395811635724941,0.8479530736557694,0.9809728469614851,0.9460857919108355,0.9633157795275206,0.9493659017431135,0.7210780053631838,0.6684827940385687,0.6273679234591285,0.7285734511621214,0.6857537928445555,0.5572239106416019,0.5160072206536959,0.46475959606676237,0.49153468814715906,0.4950470468211419,0.49788496206196525,0.5150442398335381,0.4458303199866464,0.28701740742627196,0.46139176638593904,0.5050486832576587,0.5149789731305754,0.4741403436471873,0.9809392175740732,0.5846725852450128,0.3143347876293635,0.769445630267671,0.7538109604318433,0.0667479882603629,0.06836738861893453,0.05408363430518038,0.04963694156399645,0.10394568323688448,0.09563723070861933,0.7827659578501047,0.7668117436896525,0.19333944593429614,0.3091456021520056,0.358449039719005,0.23330728111785295,0.11093187090975178,0.05579690304434723,0.040636912397017784,0.04968679260137691,0.9496721197837933,0.9658095444087248,0.9174151897264435,0.8189606292648293,0.05048087889103443,0.021669342666636872,0.39707268770430804,0.12524093752548135,0.14773276589056844,0.44096248597778176,0.761159149491237,0.7481082628526374,0.7752108126972967,0.6686128218980367,0.48956044033081286,0.051488044505273146,0.041233796449543794,0.30858337848473294,0.28342802928072053,0.35978461064990575,0.10589579350104418,0.04802677542532151,0.028818510806895885,0.9852095687618666,0.9794697036632463,0.2917856389175175,0.25869926876363974,0.16741627401670245,0.13629585565896463,0.2692213540575149,0.24813001759185224,0.24882944058660286,0.23243671686582543,0.1952188738438272,0.2908552162321585,0.045720612445680334,0.7388899820402358,0.7104545023288475,0.4741993143740243,0.03271451893149607,0.03920136891781519,0.3928880231656052,0.19937458756449214,0.1035370496629838,0.7358202221774999,0.7340662996669772,0.0325107905099507,0.0478865315669897,0.08208250150931609,0.14201630384307914,0.10406932559959771,0.0548166009177264,0.0645283111010547,0.05732813746722357,0.04659155174189407,0.9394909767564332,0.9641567497982039,0.9351500059189622,0.05160987488077407,0.43108615404711625,0.16780665348557508,0.14359619641646146,0.7159051438885194,0.7935856949927668,0.7588572035490782,0.9103192965910265,0.7532634403977561,0.1080583997046353,0.783883346932617,0.7786808540149267,0.3887842121511468,0.648414825612336,0.7880747967646479,1.0,0.943624504297021
0.8609798055738276,0.8772514852105792,0.2229122340565814,0.18722478096715053,0.24258793342826548,0.7641136196177669,0.6532068387144941,0.6679692057423563,0.7279635833251432,0.04681068820734487,0.03861660776474747,0.038005482864543694,0.05596496607294957,0.812379198853587,0.8121382692044021,0.9575220184906226,0.9544035066098162,0.9522439295163772,0.9002180351754899,0.869157135411701,0.1260496409271119,0.054862940880270814,0.041834991844325084,0.05284011854134772,0.0332410560370838,0.012385264635244135,0.02587347266081365,0.152057631970533,0.8996063271763182,0.9384589682330842,0.8490268664076962,0.1521447695133619,0.17963303976056968,0.18308236149967005,0.23619887054416466,0.8907244337727873,0.8873340282996584,0.9317538920552109,0.9390070761111308,0.9127298799663522,0.9303124631606432,0.763196050123172,0.7052439340603363,0.634195642240837,0.8098759339340365,0.7676564181294958,0.42668700410574495,0.3763639265204495,0.3282349593409411,0.35485552324285213,0.3565663818358501,0.3578720549900441,0.37960826130702663,0.31023160831497076,0.1775678350491347,0.3231704675376589,0.36918348299250897,0.3792970436310997,0.3401280439289842,0.9619851545852299,0.445569158648463,0.20034982361773443,0.8487497373302981,0.8315060747662386,0.04620485690005858,0.04869788006731313,0.03489615160275952,0.030088914266425945,0.07610109852094739,0.07088300904093715,0.8607336222731966,0.8521633532681937,0.11057774165645887,0.20156157972598288,0.24019454264001533,0.14875012083199954,0.04112139693648668,0.038610400016546156,0.027074379690250772,0.032844476694235056,0.9325620003269164,0.9275469600368524,0.8925616852599891,0.7033821093878857,0.03411152012298995,0.013563117300245786,0.41563919649789915,0.12094620056276824,0.14734085005911035,0.4368696950009124,0.8394699743781814,0.83394345009945,0.7973215967322529,0.7191416173722353,0.38465168024613894,0.0343239797507322,0.026296835292681835,0.20127984650201663,0.18959967634111127,0.2365071357994079,0.040649906922453925,0.03175730255705172,0.016889096358277435,0.9432172608761547,0.9519816087848044,0.29085123617485736,0.2532040164936496,0.16046341744356266,0.1342143173773717,0.25846057408357453,0.24225431526419816,0.24511821024897476,0.2268894727568186,0.19586413549786932,0.2794250374115504,0.029107381508272898,0.8175053882291419,0.7945637199658573,0.5473058487264166,0.018924963057287462,0.024876448295779875,0.44035183962381824,0.2094858563743174,0.09104412991838878,0.8061319573317105,0.8144633322019933,0.020976786512958857,0.029724657289241063,0.08266349613174002,0.1114416726505314,0.08044956066945462,0.03524702044440824,0.04449359067034995,0.03800775725928252,0.02798113533651998,0.9652931152070284,0.961139291482232,0.9492577972433717,0.03323120697691238,0.48615485587564566,0.1798952167763729,0.15916758464883263,0.7965689028467817,0.8649173728837681,0.8425082093615499,0.8188346288800341,0.8395208521495862,0.09760855814997875,0.8604231232666207,0.8542276037224662,0.44307726646922846,0.7470929942781048,0.8580094487773882,0.943624504297021,1.0
