0,1,2,3,4,5,6,7,8,9,10,11,12,13,14,15,16,17,18,19,20,21,22,23,24,25,26,27,28,29,30,31,32,33,34,35,36,37,38,39,40,41,42,43,44,45,46,47,48,49,50,51,52,53,54,55,56,57,58,59,60,61,62,63,64,65,66,67,68,69,70,71,72,73,74,75,76,77,78,79,80,81,82,83,84,85,86,87,88,89,90,91,92,93,94,95,96,97,98,99,100,101,102,103,104,105,106,107,108,109,110,111,112,113,114,115,116,117,118,119,120,121,122,123,124,125,126,127,128,129,130,131,132,133,134,135,136,137,138,139,140,141,142,143,144,145,146,147,148,149,150,151,152,153,154,155,156,157,158
1.0,0.9866339218619652,0.3970241985206538,0.3716664394444871,0.36620090765438945,0.9122172955559833,0.8746718143432682,0.8259337687206703,0.8583769619111541,0.2668097607848658,0.24447368607350878,0.22577158983702994,0.2029911201815541,0.28492979777716093,0.98287208323697,0.9878870674581108,0.8874239660023867,0.921146363268104,0.8180611387812324,0.9821210369957972,0.9855551291301015,0.9218126217814961,0.36223037354876214,0.2977026959558247,0.2590814149599742,0.34215027284219046,0.2859807307167403,0.2390026379242795,0.21096474641440627,0.2052341817242496,0.37609927729879616,0.9622806116001861,0.75484223692158,0.7419263284086017,0.6026635775857558,0.777952011868731,0.9893200775236797,0.9693843827797894,0.3545037976039946,0.37527522380355005,0.35869252577244787,0.3744466794358812,0.2666472759552522,0.7018167756937899,0.9199345109867376,0.7617346893410017,0.7767799638161601,0.7662226776988139,0.9190618215577575,0.8768544560030788,0.7956722615779819,0.9863564526162425,0.9385888913297425,0.501046208641425,0.45635794625096965,0.43514718614433107,0.45312582749521524,0.45165769326743643,0.4532103097867283,0.4725417385762635,0.4167695606992737,0.42758619176261903,0.45928972048312294,0.4588584600178523,0.440687736207532,0.8413881336703045,0.9917881667285756,0.9703128625953606,0.22001025785361422,0.22408417447922535,0.19240809086665983,0.278427765865024,0.2679362286536016,0.9914086984023133,0.35679802043423275,0.3297260699573044,0.22092097917874576,0.1916588910293089,0.6788594275710877,0.7819895557158135,0.6715370214334069,0.2046577906165553,0.189091207460786,0.4451139838070797,0.6748154554354922,0.5505464483598475,0.9883804063173461,0.9562619579625551,0.8661053601256457,0.8861895228691361,0.5446600234930269,0.22661942824075695,0.21398544063537916,0.3856658484409363,0.35389579080175915,0.3468877739775821,0.22735938914106163,0.20678874110469883,0.7990630442186645,0.8417783746703624,0.525967276026318,0.4985926840389488,0.43480769991617746,0.451900642012729,0.4634786426938281,0.47526824536141826,0.48236478175172876,0.4447584757851633,0.4783221787756122,0.39979140742425556,0.41517095039461516,0.22231149427791005,0.20659137478727518,0.9831800470841469,0.9846859377526856,0.618464936200151,0.22299713188936565,0.19660106297252306,0.6295958355801088,0.686402996041222,0.6057544609825887,0.35850411604070215,0.3536428271090447,0.9576460825733857,0.9881257199405036,0.9468604203663208,0.8021039823350506,0.22539578131517396,0.40834857281548803,0.3641947011826211,0.30688060027556224,0.35487371075047613,0.22745878960341284,0.2630760750813218,0.23165860192686824,0.2047076433414622,0.810906771377651,0.8892134016326968,0.8377058663071791,0.19470840519489876,0.18429838557909398,0.7489912660019677,0.5844798213437227,0.3996748321713312,0.9772966839964088,0.3824892306692784,0.9812374487289328,0.9888393331613764,0.8100120340465908,0.9878076453821061,0.3580988234473718,0.9907488852101385,0.9883171324719225,0.4541140549721765,0.47505593521953826,0.7357455884649927,0.9862631642115971,0.8150436831186392,0.879181459207482
0.9866339218619651,0.9999999999999999,0.3860627286024891,0.3618503319299946,0.3540928744800892,0.8970554739657833,0.8590426754727976,0.801797108214527,0.8395197295319373,0.2624616371701674,0.24170065377831915,0.22274264827148202,0.2004928805169603,0.28180672784504657,0.9772880414838488,0.9833848209840836,0.8580988144825663,0.8963901333270045,0.7847183494407607,0.9681091410142256,0.9753006410214157,0.8912369431804522,0.35635525301734283,0.29472622482976185,0.2566699464775543,0.3360638749724093,0.2842441043246871,0.2372075787208762,0.21157325513296313,0.205360909291749,0.3772237343905469,0.9739392770428444,0.7171405103046556,0.7039350571911239,0.5680004038253397,0.7426046434791415,0.9805855950766469,0.9758911728968505,0.345187672267308,0.36482980847784335,0.34943552060343475,0.3619541546053842,0.2642711237052076,0.664339755304527,0.900638217314284,0.7263315660765435,0.7377959060549973,0.725944671146364,0.9045679864690183,0.8569222529610265,0.7745052636521332,0.981081399574005,0.9352094838644054,0.4821487439687449,0.43774354657784115,0.41833661831200175,0.4358731244712469,0.43426755734631084,0.4364500195627996,0.45459733404217917,0.40116360904272985,0.4118905741936208,0.4413750892978667,0.44052360747636504,0.42421874404925547,0.8068732590585583,0.9834060618017243,0.9779357077635927,0.2172816555453009,0.2215786068293445,0.1904286294630578,0.2716060074173752,0.25855673513976307,0.9841922888716083,0.34738928107630856,0.32136014532310603,0.2201260189651949,0.1940020540794282,0.6388315962040219,0.742636854053942,0.6307349005562671,0.20572508792055766,0.1881828192892394,0.43512790367051624,0.6739572227656647,0.5295120438429927,0.981747944677123,0.9638614884504034,0.8461220900131143,0.8723246683953801,0.5246163121428791,0.22551006822277975,0.21715796956678396,0.37488523739795054,0.34254009942695984,0.33764603988030795,0.22587306459000606,0.2078499087455309,0.7622392435893088,0.8070410069081563,0.5097964183563772,0.48338341586959105,0.4203760803153865,0.43439392722671943,0.4457741318051594,0.45979697046472107,0.466663006581618,0.4278084160858696,0.4610042395206738,0.3861837033332159,0.3959986143193783,0.22119937863400344,0.20847088332518654,0.9754405182452967,0.9803202648333601,0.6064527522861123,0.2228401159446143,0.19997755077386606,0.6271310724552652,0.6860343036284016,0.6034050359928921,0.3494770142164377,0.34359045053176446,0.9485192810742762,0.9815306840357182,0.9454695687349833,0.79561256735058,0.22455589738125908,0.40154889134900623,0.3540448761336119,0.2943156612671634,0.34249896537653934,0.22440534624864675,0.25941613767791316,0.22846407395617582,0.20201759776022937,0.7802879482432654,0.8582696801999551,0.8046075853068937,0.1924183882468703,0.18367644227845256,0.7477752740082757,0.5810134899604655,0.3990407106827838,0.9826537713958701,0.3835207934328909,0.9716090836012683,0.9835889718698417,0.7741261881974151,0.9826810840905849,0.3559411791660657,0.982191345140741,0.9841986486744979,0.44794085220147356,0.4713933972388057,0.7368972913624185,0.9842035246261454,0.778611080551834,0.8523062595380768
0.39702419852065385,0.3860627286024891,0.9999999999999998,0.9943205569361244,0.8928800251043063,0.4471589981174496,0.4466751437306606,0.45317665794378637,0.46344483032957695,0.5495736094154121,0.5124352394256478,0.47439267220430564,0.43398423761210786,0.8910498586833914,0.44388231427842995,0.41725949877919705,0.5117413233770679,0.5386192990105112,0.42508776511370994,0.444768910228424,0.4462191841741896,0.36896268289291156,0.8239173715806365,0.9080639166777855,0.5364625188460276,0.7788307593309162,0.889754312836484,0.5050345993939592,0.4646308094523498,0.4287024207041406,0.5125513485062875,0.3542193391211991,0.5889706004639095,0.4341537742489625,0.5834089537956734,0.46445700001045714,0.4286900641815261,0.35855727777198176,0.9872590866507509,0.994963712884142,0.9384680532570441,0.9153746344197826,0.8858435371683524,0.4988238040843961,0.4012109309131272,0.5249497783860214,0.6009687635383154,0.48139774286623194,0.44107105660145524,0.459867664245857,0.5132184605367076,0.42655031004421523,0.4251616907438497,0.87445343117567,0.8099279944498348,0.8566332071679024,0.8506561166745634,0.8412800529352107,0.8641941308112346,0.8570667316275467,0.8419892150605897,0.848796148961873,0.8334350900582234,0.8347249477572984,0.8369468358561588,0.43919528297992927,0.41749067567662534,0.3636927212111836,0.4696184747041227,0.47564522551305455,0.4274224746050826,0.5665268546230503,0.5453222766022463,0.40104568122267953,0.986564915884014,0.9199031547413207,0.47531161222029195,0.456522568814805,0.5152753414687724,0.537841809744921,0.4874437229696146,0.45645699681714264,0.41973828965649884,0.61619857451024,0.5657257044486254,0.5516339528683208,0.43398037698543523,0.4149758815177125,0.5398911608014182,0.40149938654345146,0.6558635699630337,0.488320528543846,0.4817261015712968,0.9973995636371412,0.9505670725783469,0.9785147569584483,0.48509241724306107,0.4610486815714533,0.5355949123358537,0.5283940445636715,0.6126944135011319,0.6200980913245083,0.5879585017995793,0.506749185793684,0.5866126647250067,0.6034183950449635,0.612192534266796,0.5779405988077071,0.5897940813627168,0.5704890482297676,0.48573204363501654,0.4812250253657671,0.4696533251054158,0.45057202328914203,0.4187354503218968,0.5959386259977328,0.4849684875355315,0.45883502154076033,0.5715681437858127,0.5931005493099264,0.5699850596307381,0.5426950624029141,0.5256261339839738,0.42078105622130735,0.4233778150679816,0.40274535255250765,0.5105924171866725,0.4869728594446284,0.5605426511609164,0.7637217141338589,0.6886129833659903,0.7256003253337935,0.4797029464838314,0.5411266602397491,0.4849520082502798,0.4396565848125896,0.3761418482064413,0.5052687496525605,0.3869866653598221,0.415596061045887,0.40754180773499094,0.561866626804945,0.5684258184002436,0.556692267180673,0.38684153867186893,0.5127726431764981,0.460316359533831,0.42011343257893907,0.48760366451367443,0.37873916408456726,0.6538393082220951,0.42763950729242217,0.39370791998184645,0.5444529513040859,0.5519479319309923,0.5307585608445792,0.42109477704350523,0.5433868957587364,0.41770044769491627
0.3716664394444871,0.3618503319299946,0.9943205569361242,1.0,0.8948706381662949,0.4167420043689741,0.416586263424715,0.4228492127167666,0.43170099615566104,0.524420973998451,0.4889831759839698,0.4520282704617489,0.4150386917853142,0.9005023352694298,0.41725292238423517,0.3920030928910131,0.4807791252168503,0.5072732941249316,0.395759905448441,0.41661106296857836,0.4185712322553008,0.34529128135688547,0.7848134072102946,0.9109007032961118,0.5118565026101349,0.7405457488337147,0.8961516934385572,0.48165750446625816,0.44233669319336033,0.4095839887365428,0.48504760267618435,0.33194137875314783,0.5564835420583276,0.40699418296748313,0.5537836398478869,0.4343760951461018,0.4021228001222351,0.33621367757831855,0.9946780676886957,0.9977381070657407,0.9484875867537984,0.9181119551785564,0.9009450573810805,0.46759856180930914,0.37689116066140943,0.49245426531883063,0.5692957734198916,0.450615301612703,0.41107297575059715,0.4288181515206739,0.4802947391065175,0.4006389256816204,0.3994717516637102,0.8446169574525726,0.7793778724417975,0.832169148777982,0.8241852961413573,0.8114455224759629,0.8339128382258771,0.828347087988356,0.8187346392041511,0.8223942170669843,0.8016050142695692,0.8045997466060086,0.8082237332962243,0.409833679421124,0.3911301805175955,0.3399524129810039,0.44807714078862293,0.4536747073360561,0.40800138320840873,0.5412431317048518,0.5211458716603788,0.37510672138765294,0.995310117225961,0.9385252035420419,0.4527713255993539,0.43483365984544775,0.48398332638098085,0.505747432398806,0.45541551734902497,0.4342923411912311,0.4005097498567258,0.5892588176908239,0.5367909839357119,0.5279086729386794,0.4076504089786833,0.3912930856333736,0.5044402185521847,0.3738282837155181,0.6148649912930915,0.4653565794456492,0.45955902730498444,0.9973346619797328,0.9622203397623277,0.9849353155706763,0.4619857924464847,0.43882920998731834,0.503337777516449,0.49615367383972475,0.5862228594217246,0.5927787168305285,0.5629847389379238,0.4848265059604673,0.5617128634114651,0.5774244931920617,0.5852892697458854,0.5530646271522996,0.5642895261184568,0.5457817592091638,0.46540854396075176,0.45871594674199206,0.44746779838781076,0.4235073159927926,0.39309712975499744,0.5698758268188566,0.46190177379454483,0.43720056426914977,0.5435815943916342,0.5633329549296474,0.5411990637249312,0.5199327873577234,0.50287825466688,0.39545262210977755,0.3977000614036919,0.3776600379158575,0.4890986995506986,0.4640533022042804,0.5352838534068676,0.7355072469196354,0.6613586962569958,0.6956073410833282,0.4577035562546984,0.5161551466158548,0.46244656372921666,0.4189206970800152,0.3479643177902283,0.47402297484127576,0.35983148467202514,0.395632244720159,0.3889509203700749,0.533590350852923,0.5398338636211979,0.5277212883698421,0.361854386897087,0.486427300191919,0.4323868140230444,0.3938485691797426,0.4567947770700762,0.3548575581560529,0.6231477740119978,0.4007869280621478,0.36809813308125633,0.5181758819885594,0.5238179055836574,0.5041334705744024,0.39520254874874594,0.5109147681729046,0.38765253703820757
0.36620090765438945,0.35409287448008925,0.8928800251043064,0.8948706381662948,0.9999999999999999,0.43722876569467384,0.44079525850314927,0.4469762305125164,0.451688501229151,0.36795272369674026,0.34014584066336156,0.3112907508506979,0.2840649776735755,0.7068235557620708,0.3927785786112366,0.3730717025182254,0.4822521875480157,0.49769070285630834,0.41565529977111054,0.40958043302612196,0.40501938607994015,0.3631363880246166,0.7565996334990975,0.7113078082033902,0.3551583713895984,0.70527213771928,0.6981569095936322,0.3314419516866036,0.29522936968210095,0.27619141486412135,0.367570175555741,0.31306606525835445,0.5195527157859753,0.4085657173306892,0.5171873128538833,0.4426691862534364,0.3863473220522783,0.32295515828212074,0.8732899167734227,0.885963733752991,0.8328962467127083,0.9783240697991451,0.7245574513456556,0.48965638198418043,0.37731280236571435,0.5094320543520848,0.5567364612299854,0.45375495771476554,0.429267090953408,0.4470319736483976,0.5085903968311086,0.37967203134634375,0.3709105258362623,0.897235538472109,0.8673693329450436,0.9078874090172763,0.9049036045967956,0.8875266192416188,0.890412192378565,0.8974756500769971,0.9050386385115677,0.9032258686798172,0.8753901496116997,0.8753747913931885,0.8930310082232483,0.4247542551645023,0.38204674465272165,0.3279645047838828,0.30921374297881227,0.3110170093922809,0.2781501565318403,0.3850643320181593,0.36925878990117067,0.3730411349570938,0.8797206507794073,0.8156357436102852,0.3073928839378812,0.28407864136990596,0.46255418407976834,0.4970139328839661,0.44999468802575904,0.28983576000699046,0.267273098701804,0.43793468291149035,0.42788715518635356,0.4126012641154165,0.38784238981292324,0.35316969387241925,0.5353986517037375,0.393417895290561,0.6654141815112228,0.31665432339298444,0.3083698160904442,0.8893418673726643,0.8543008011783902,0.904956080960815,0.31550243436491815,0.29151382653794344,0.5169332768229113,0.5085434814534563,0.44576934237021176,0.44600661328810215,0.42071239894244644,0.3686840841717528,0.4222620841626968,0.4338114552253591,0.4402389184492534,0.4145010292629235,0.4249804227659003,0.4054879109763379,0.3556591928847159,0.3120183270683501,0.2995623524789021,0.3997343682653077,0.373360491219986,0.4388223153915516,0.3123091938945294,0.28807432390512944,0.42748636892574765,0.4453254708388583,0.4210069086712674,0.38587793438124557,0.37838999290870384,0.37843249093705966,0.3808249101586346,0.3649485749472276,0.4114100536623042,0.3158483166953637,0.3926561376814069,0.537791771769323,0.47859837755864826,0.5070721926250141,0.3157072056218738,0.3614735830776497,0.3202223381366649,0.28684671252564264,0.37710154734075113,0.4823318574756903,0.38189449535561487,0.2668514990969329,0.26694434301834274,0.4286420606410809,0.4205745890031352,0.39731166276479185,0.353631066044781,0.3781879078164492,0.4105672860496382,0.38068854362049576,0.4733648554375212,0.3552556851232313,0.45039788009221055,0.39048370778507685,0.3639664146901063,0.39662516006199655,0.3999879988356214,0.4085487178063854,0.3771385018269594,0.5318248830558995,0.41002638023601967
0.9122172955559833,0.8970554739657833,0.4471589981174496,0.4167420043689741,0.43722876569467384,1.0,0.9832621291361041,0.960099114285778,0.9759453284902436,0.27606634456413454,0.2525976749935528,0.23374469949299082,0.21182237703068757,0.3009320224988022,0.9100232158638321,0.9005451821676314,0.8255776732570419,0.8643430255858551,0.7801037414753208,0.9188266774769459,0.921658400531386,0.8325963676500141,0.44920713618171193,0.31769957167746943,0.26795551663723716,0.41832787729461746,0.3021006005359662,0.24775978866451914,0.21772806407349038,0.21539223518359987,0.3699547864097436,0.8500566795914322,0.72294309076127,0.6909665004715307,0.5957380836995094,0.74475618355073,0.9211004801426432,0.8530218284037162,0.39342647713079965,0.4174949031200621,0.39047694882838824,0.44284990230725635,0.29010016958527063,0.6704943869710416,0.8119992999841129,0.7405518848965598,0.7485016332764791,0.7223875163523207,0.9965418073591955,0.9820953325525222,0.9396707495408616,0.9038827899275629,0.8342305257763533,0.6078937915113359,0.5672282610603697,0.5404143990416094,0.5609709372421718,0.5607343127489661,0.5541175786570908,0.5854286595113386,0.5250393197423593,0.5325509159354586,0.5695063803504742,0.564239386267714,0.5501585166488523,0.7875775205946847,0.9265933002116538,0.8558710352613162,0.22861135028860188,0.2313491466846026,0.20216759371590878,0.28875513684651066,0.27583640788558833,0.9325020641514201,0.3938324321157443,0.357012688391488,0.22936702971050532,0.2061324012388701,0.6594364684321429,0.7386629877611328,0.6504379947069195,0.2115702452308488,0.19923622975227917,0.4283123471498946,0.6272478709430821,0.5088740733185443,0.9169474744159156,0.8421077640758372,0.975351349286304,0.9774518631784213,0.6992215649607941,0.23558449745453974,0.22505297716008796,0.42976511798542716,0.3898122982322148,0.3978433869350434,0.23577507100346404,0.2136090166974329,0.7645818584345783,0.8014755752399068,0.49456586133065306,0.4733717339609073,0.41526981457220274,0.41778817729945983,0.4407301416434077,0.4519238603609411,0.4596828970658023,0.4261040320982813,0.4532879207987007,0.38858521169335947,0.38875917192392223,0.23121208065611784,0.21164788480105776,0.9102095982080599,0.9002319394306015,0.5679233695702683,0.23124414066214755,0.20795948627519015,0.5878911425400479,0.6365372668593342,0.5620394862151591,0.3529622533736611,0.3493814919698696,0.8472112427216796,0.912349474857144,0.8628547420384163,0.7091517598846796,0.23450825246401857,0.39462822764852945,0.3792808365928407,0.32467879627117113,0.37236787525987286,0.23702160382534068,0.2724473016690513,0.2396442364723468,0.21222264352165007,0.764767864086649,0.8417024390388556,0.7642566837958096,0.20170051959733434,0.19379895509592307,0.6859343724433024,0.5465428874579547,0.39452240833241087,0.917021173186465,0.37383468519338586,0.9138000930858903,0.9257764602965877,0.7689666748540904,0.8781853873924597,0.36870531414752317,0.924674201216115,0.9281806604660604,0.4354714385523896,0.4517444990694696,0.6691918169109855,0.9157754485216789,0.7890390794660441,0.8129010442178075
0.8746718143432682,0.8590426754727976,0.44667514373066064,0.41658626342471505,0.44079525850314927,0.9832621291361042,0.9999999999999999,0.9738305476391251,0.9852298934011434,0.26868208839163743,0.24571705731834928,0.22748592381376284,0.20721548289180572,0.30062752932289216,0.8710093910006965,0.8600992148350476,0.7767769989011536,0.8183622096150268,0.7267831157751794,0.8750897564581579,0.8804708996153287,0.7843119878499949,0.4571005562963594,0.31722606999215375,0.26060274611704304,0.42414303232427747,0.3005188111401481,0.2411401834666315,0.21115271224341003,0.21375431156104255,0.35601188753747487,0.8096523963993125,0.6801962545500403,0.6431609488439846,0.5618059118688313,0.6962027165448335,0.8811642513898508,0.8130143899218443,0.39304490262544856,0.4171469432261904,0.38627571684677925,0.4452755290636841,0.2920404639796389,0.6251260338287403,0.7617456959502685,0.6927357428371897,0.7048046194625971,0.6749604920041483,0.9827319213718135,0.9838156522540974,0.9603362770194557,0.8627525598271353,0.7922237707872926,0.6125835583858191,0.5727934840020977,0.5464300584413447,0.5661228886698538,0.566735298876656,0.5579239993929298,0.5917183338646524,0.5318824575654845,0.5375233235153972,0.575437736247555,0.5690166156462406,0.5572722752816427,0.736342051610784,0.8868545226945497,0.8153160038278212,0.2229894907363793,0.22496269910919944,0.19748529610007534,0.28066432441370937,0.2673491264804027,0.8939445051655571,0.39245330659414795,0.3529546962365816,0.2229772057529655,0.19905241590873363,0.6204505575250293,0.6927931743479631,0.6105154158676482,0.20454755902557362,0.196458446182493,0.4146422069507927,0.6010327701996554,0.48893512410101264,0.8776126188486473,0.8004575034048145,0.9654581667212947,0.9766843000098024,0.7193688903413734,0.22901613431523474,0.21900542019581618,0.42913036063203774,0.38537799045480003,0.40122502433403795,0.22968243371447852,0.20710780513829719,0.7170827827108147,0.7532614591910278,0.47425939075955253,0.45538569536508255,0.39707661276421635,0.4012154246809314,0.42333742248221445,0.43486332850377174,0.4422266590737703,0.4093861029062607,0.4359222022872893,0.37571277441300277,0.37357413762099423,0.22491050951217476,0.20381937336565975,0.871615454819473,0.8598055693558897,0.5441268264792601,0.2247977971771285,0.2021676285547817,0.5662358848900543,0.6113036587442499,0.540532973472707,0.33636766041020416,0.33288916055702966,0.8010541448976045,0.8737948010461613,0.8210200948877496,0.6797931119531413,0.22821676522077078,0.3770822216469648,0.3708632726926308,0.3186286740317841,0.3632925178916012,0.23109827496701635,0.2651048710879599,0.2332525749253603,0.20739275213213074,0.7131259457199116,0.7940074089018705,0.7117994079569506,0.19583150758452111,0.1883967317499125,0.6572739155245056,0.5273407805350278,0.3807967455853391,0.877324865071939,0.3598068305693185,0.8718621962927635,0.885245053852331,0.717046270665356,0.8355010695290277,0.36025984161570895,0.8836316241740148,0.8877288579314621,0.42120917016576026,0.4351058765755376,0.6420982643355702,0.8762112244116725,0.7400288348999995,0.7634483815453715
0.8259337687206703,0.801797108214527,0.4531766579437864,0.4228492127167666,0.44697623051251634,0.960099114285778,0.9738305476391252,1.0,0.982538908100474,0.2738165459988038,0.25108500733167155,0.23247024710419506,0.21198822078685284,0.3072262472130883,0.8231563762372317,0.810419420784136,0.7426286547065825,0.7822411672215456,0.6979718359117806,0.8312893751165191,0.8357617737150254,0.7404132834246985,0.466830418428537,0.3254680242328334,0.26579263377918144,0.43173458603330245,0.30888695956869683,0.246940340902104,0.21881861670515004,0.21603146427268086,0.34509941086358437,0.7586166014245769,0.6597037031047104,0.6163853177935535,0.5488638966510522,0.6703871445500051,0.8331732249438699,0.7623173987736681,0.3994490493056342,0.42275698085408636,0.3876751610728391,0.4510692980339263,0.2965401881350245,0.6047452536745539,0.7208080129928697,0.6710553690416907,0.6835696313965136,0.6514812245700897,0.953814767297954,0.9697355016535786,0.9674697496444895,0.8129810136423063,0.7434680905653419,0.6188426986557768,0.580650546109666,0.5545284764234475,0.5739364359177384,0.5745504742426765,0.5655303951969689,0.5986904583923667,0.5400817117433034,0.5462336377813546,0.5824409464530577,0.5767130436263544,0.5662065591748212,0.7060549001013848,0.8385876881541038,0.7649668982878433,0.22756845493234062,0.22963613746321104,0.20339710560547658,0.28522957978819896,0.2759698071830691,0.8453063358959717,0.3982523575481825,0.3544090828224452,0.22926119659560054,0.21056538151268148,0.6055101320067681,0.6690494251241962,0.594152462374069,0.2114642099693275,0.2016492718462134,0.4107504361153739,0.580193481265023,0.47896064265141475,0.830041002300133,0.7492878612297686,0.9497695786235945,0.9572486485441349,0.7180269155184215,0.23486251375987632,0.227532237337745,0.434909141842918,0.38954185931487767,0.40991137136151395,0.2353368338508641,0.21442767402723342,0.6923435765725768,0.7250321264955335,0.467073432281011,0.44990101816857087,0.39553263119098936,0.3948499596932759,0.42007101045585366,0.42996135625967297,0.43839738282138074,0.40725865063629235,0.43173555378930834,0.3752976813703956,0.36705046705340344,0.23034743213420905,0.21286919141359462,0.8262005382732228,0.8098837921733623,0.5265736184954767,0.2310265777082497,0.21062061556494194,0.5458218867582871,0.5864724096250616,0.5204050237355723,0.3394503488562893,0.3348544094835311,0.7528774736118093,0.8266209079922122,0.7704200956643168,0.6438705618170222,0.235191387628653,0.37484168403241463,0.37458163705359593,0.32415230472489537,0.367921564949125,0.23585050234719962,0.2699499335144433,0.2379718367045142,0.2124750174713357,0.6808888562137827,0.7625210760220122,0.6768197081995224,0.2017285937809662,0.19442993913141682,0.6271070301472839,0.5101002337871074,0.36964237029818414,0.8188916977231896,0.3490474460641682,0.8270573054199584,0.8365513923379293,0.6886875962705485,0.7833189239748071,0.3599686317908993,0.8360247917384225,0.8371474364142986,0.41468827149592374,0.4264353238843905,0.6097285129874936,0.8282265671688013,0.7153140812478672,0.7278438059865082
0.8583769619111541,0.8395197295319372,0.46344483032957695,0.43170099615566104,0.451688501229151,0.9759453284902435,0.9852298934011435,0.982538908100474,1.0,0.28184961956223453,0.2577057801910757,0.23831210347905177,0.21545796096770162,0.3155213934456475,0.8588842179063226,0.8450107982832392,0.766902735626033,0.8095350523566023,0.7154814707736807,0.8621049462961964,0.8676366277464765,0.7663561971427761,0.4783773142316648,0.3337334528869002,0.27314946374103805,0.44478060423786714,0.3170740274452235,0.2531678895905393,0.22322301857467824,0.21853738705508335,0.36394461959861446,0.7938538054834073,0.6782833647877154,0.6340631148530727,0.564864799132134,0.6871895845271565,0.8672598920143678,0.7961664136315348,0.40823289592226697,0.4321186153407101,0.398240947756962,0.45511673659973684,0.3063246109893644,0.6204093757424956,0.749999772219507,0.686974960655323,0.701926648259464,0.6688908705303163,0.9743305896609133,0.9842915570400408,0.9709280471666796,0.849772602830009,0.7800800402713561,0.6275090315370251,0.58645429401163,0.5608544571931937,0.5805386726537459,0.5812457731994237,0.5739197156567916,0.6073429050587649,0.5459843587134192,0.5527121343263186,0.5901976330757487,0.5834761156178537,0.5723995164321879,0.7251860324826397,0.8721357344392909,0.8002231441431558,0.23257409306571455,0.23547416599740725,0.2066799388463705,0.2945644074038029,0.28313095680567274,0.8785688778836568,0.4071712327778288,0.3629571424169711,0.2344579443172679,0.21465959895878584,0.6192855103304085,0.6884873847273226,0.6097551046816739,0.21629195635320328,0.20479128548946524,0.4283894478157444,0.60765669710111,0.494517405668529,0.8639373914567294,0.7881722652666702,0.9663284949928376,0.9743128680712988,0.730693504615269,0.24056122697933086,0.23262428555411668,0.4450722507658662,0.3981768054572628,0.41575666360493707,0.24074870209419158,0.21877502865216034,0.7106313266447791,0.7452597948281702,0.48596487115254855,0.46872057262984307,0.4138065704196956,0.41023833855124753,0.43637196430408626,0.4475973081779393,0.4558389938151742,0.42333229859616056,0.44949597704897076,0.3923453115131451,0.379786497085782,0.23587387536378618,0.21804708490504035,0.8607270044214962,0.8473932928250633,0.5516373905961605,0.23659964111692164,0.2156098370087746,0.5735335641927386,0.617231068593853,0.5475654258474703,0.35238861661790905,0.34833974028144,0.7882108590745528,0.8610384105055453,0.8067099720045838,0.6752795910272287,0.2405188184412001,0.391813829342658,0.39032707521451093,0.3361347993357065,0.3818560291345537,0.2414870522933614,0.27799789441948913,0.24393557815386427,0.21670450213714054,0.6991930579553053,0.783914037332392,0.6981596838336648,0.20605203153717563,0.1978323932877596,0.6594068833409537,0.5360428359237784,0.38943829249952017,0.8577980381467089,0.3683056635435431,0.8598335217493407,0.8710946838827613,0.7081993973135311,0.8167955593414962,0.3761947798628143,0.8697146067197488,0.8706598164442244,0.43423534513839684,0.4478691657120518,0.6431182139962749,0.8625980924365224,0.7330191867832005,0.750261598100159
0.2668097607848658,0.2624616371701674,0.5495736094154121,0.5244209739984509,0.36795272369674026,0.27606634456413454,0.26868208839163743,0.2738165459988038,0.28184961956223453,1.0,0.9949883488276885,0.9866154120171353,0.9602217580241649,0.49723009952008973,0.32191294229800654,0.2933408470369317,0.3548271888855911,0.3769443367459527,0.27672279468486105,0.3062309498675144,0.31187411274527477,0.21704336937709395,0.4736594098226098,0.5386844842088824,0.989740052560287,0.4580207008361533,0.5166242421423354,0.9817770451392425,0.9420289528035372,0.9394931902647071,0.4757294672525343,0.2564702766150211,0.4836521714727435,0.3173130768915357,0.4758894780758071,0.3242294814207696,0.2996784093987432,0.25701226001304633,0.5194011229983183,0.537864245595796,0.5156492867551378,0.3883533297510826,0.4614282337061736,0.3253150212573969,0.2809324307041663,0.3415401690281586,0.4273074840934588,0.3559118644721596,0.2723903473295941,0.28062914097325586,0.30246236437231755,0.3051492737211901,0.3211273477726623,0.43746334508496504,0.37738352505432554,0.390220191853318,0.3917837879636931,0.3970523476033755,0.4213527401942955,0.40981894367670746,0.37321782658926683,0.3858224008950739,0.4013172367597106,0.40079412293750016,0.39354561358749884,0.2909237761191624,0.2844336555743768,0.25744416321418534,0.9841916714033366,0.986609478843477,0.9646400490464159,0.9831353571469851,0.9447909170992256,0.2634738979520028,0.5175111437049066,0.4719246241386265,0.9737907973438875,0.8524694582841733,0.4136408090662758,0.4003514579603578,0.3753022999352447,0.931638319438022,0.9460479143286727,0.5565071959851846,0.49670350306097133,0.5196156800519954,0.30533358777736297,0.3115396109386543,0.32695393187179556,0.24463695288187703,0.3835153936296248,0.974450482161453,0.8598471786733478,0.5411073358562393,0.4999978943091484,0.4777170881089048,0.9808165599456403,0.9252807237391716,0.35361363299745346,0.35386572336222527,0.5709261626629197,0.5827709256522312,0.5395239705427067,0.5015155078957713,0.5552522620296146,0.5633097201986565,0.5731355283627654,0.5457189663964683,0.5542646467246165,0.514746991677957,0.47238842116320373,0.9794030136442156,0.9062634345927826,0.32704131110293216,0.299152052972279,0.5427082218398976,0.9664220074341235,0.8733945246648566,0.5017660858112661,0.5183607502584074,0.5047321355957615,0.5021166406267518,0.49220892708042,0.30405372815627646,0.2987828081721154,0.2894400419496548,0.41934141791241936,0.9750270864094291,0.5412360095123483,0.6998288754220819,0.6404078010416517,0.7009211347740629,0.9875037716936554,0.9979558760876387,0.9895759625457762,0.9728269172736322,0.24152001386163013,0.34089509220624203,0.25322140336776583,0.948448605340453,0.9305370462456116,0.48334675774114705,0.5062611494310656,0.5198515385190532,0.2627950066240852,0.4715428884731398,0.3299330469411606,0.2885881390357132,0.32181570898766465,0.2506034527537365,0.77875383458466,0.29494196120130783,0.2642609376759671,0.48683772188974334,0.5024074761563824,0.45895409226250145,0.2952189213847963,0.3477050318738063,0.27473745841577346
0.24447368607350878,0.24170065377831917,0.512435239425648,0.4889831759839698,0.34014584066336156,0.2525976749935528,0.24571705731834928,0.25108500733167155,0.2577057801910757,0.9949883488276886,0.9999999999999998,0.9949558277146351,0.9707346567877774,0.466107697551732,0.2975028915154872,0.2703207405842281,0.3275584932799328,0.3485881251585055,0.2530904370374263,0.281802275306473,0.2875086198816115,0.19726515510205186,0.4429059901743851,0.5053935717812212,0.9927992018888319,0.42800814265947407,0.48467149345833094,0.9903738464717802,0.9570671732566877,0.9510508640090327,0.4374460213747184,0.23644183109219988,0.45293973155801515,0.29356452380554154,0.44584808905375234,0.29962002515732955,0.2759370563001529,0.23674895053823072,0.4838993628340491,0.501764613536708,0.48137716873557096,0.35987816899983116,0.4314363315403699,0.2984826547911058,0.2605556275765323,0.31339884092519277,0.39645173985686555,0.33029023693228166,0.24908396583651923,0.25684102735794695,0.2773361925051711,0.28171952527654753,0.2978470546630229,0.40580451507469245,0.34993777372886803,0.36164249080274563,0.36310524707732983,0.3682247112288674,0.39068856190745654,0.37953406508417176,0.3463278049226058,0.357721390399457,0.3724562686613768,0.37196375754687666,0.3660110838258621,0.267327392797088,0.26125175235347725,0.23699756904766253,0.9907507606329305,0.9962277383127893,0.9760273450429228,0.9677101163719657,0.9253975660554657,0.24148901509205292,0.48253136987374956,0.4391963936027484,0.9860322189832375,0.8645820202208224,0.3863312931139138,0.3714816424282879,0.3484896301650289,0.9474296336805434,0.9602666389354271,0.5195803097568462,0.4634108631934332,0.49192902554920465,0.2814141516213712,0.2878995192888888,0.30073887270559474,0.2227263198696374,0.3569524942776382,0.985221532352799,0.8707446566996503,0.5043290248327169,0.4656410293681008,0.4445694504399434,0.9914161071898543,0.9405606759454768,0.32559800480159506,0.32624088484820446,0.5364901483546316,0.5469462300420896,0.5045291027132215,0.4757780481219037,0.5224086548191882,0.5288634043198119,0.5381794116521387,0.5124858802988015,0.5207024398704598,0.47919671532448804,0.4480093337003491,0.9897668538340182,0.9216823267819958,0.30280472095149036,0.2761435789549649,0.509496062892255,0.9780496306563167,0.8879608759223139,0.46756393195555995,0.48242740678643875,0.46937222573312837,0.4687685707759148,0.4592776860582806,0.28087922184462155,0.27539622133368874,0.26755228852644847,0.3950535413074054,0.985883432896219,0.5077320502468744,0.6543703334548606,0.5975773021475563,0.655803229525304,0.9933965107503593,0.9970334932438396,0.9965950383462938,0.9841501249543059,0.22117647518050434,0.31386234320702255,0.23245283805269115,0.9636544590506407,0.9459085795762188,0.449644050254418,0.4708263754070478,0.4791842006392153,0.2413675545382451,0.4348423164634605,0.3044271801330877,0.2651505181092688,0.29590167392837136,0.23010037568790473,0.7534412500404862,0.27134468382964294,0.2419587502764257,0.45169590699572515,0.4674551431189425,0.42815624307423433,0.27170606005116776,0.32021915446632476,0.25253283906278856
0.22577158983702994,0.22274264827148196,0.4743926722043057,0.4520282704617489,0.3112907508506979,0.23374469949299082,0.2274859238137628,0.23247024710419506,0.23831210347905177,0.9866154120171354,0.9949558277146351,0.9999999999999998,0.9794733283826178,0.432345660545913,0.27618261339165023,0.2502911861606645,0.3065563154123304,0.32539433170901616,0.23641746414246856,0.2618285954004353,0.266938543251886,0.1820774976731186,0.40931630624845955,0.4694838869032024,0.9838020880145095,0.3957267331900984,0.45008726939435156,0.984998672756305,0.9524032022323864,0.9525987022200804,0.40551125470197963,0.217520156525183,0.4279394335655475,0.27721250374082623,0.4214038903159522,0.28148236236796115,0.2557494974333042,0.2185169363569384,0.44674726862643227,0.4644593308345718,0.44631688529403724,0.330208298694755,0.3993485999008907,0.27872123946497934,0.24453684722842248,0.292260801503113,0.3725897169493671,0.3126253295955989,0.230207983722737,0.23721934852458867,0.25713209013560606,0.26124383569628074,0.27735490264396717,0.3753084486696477,0.32366840259072865,0.3337473186409637,0.3349200758305826,0.34016826907190545,0.36050576704331966,0.3505625011147573,0.3193124147108664,0.3302386516190216,0.3441560387440628,0.34416625796978995,0.33922029833634076,0.25015520859462154,0.2417955653082205,0.21817758155326256,0.9938442346349442,0.9976406901831284,0.9855349783728112,0.9573503944053288,0.9160931937227101,0.22288117977686256,0.4458636444387086,0.4054297980312701,0.9834324128655886,0.8491168087974965,0.36537313752172684,0.3497631318158136,0.3302923375371514,0.9424211913510924,0.9647538684632915,0.4836485383103626,0.43283372792166896,0.46302708276624166,0.2607735058731808,0.26624465105644407,0.2791050149814394,0.20571709082766831,0.33397150207393017,0.9808410380978387,0.8534561726499977,0.466384254155985,0.43103670801809224,0.4092702949868616,0.9891586581734141,0.9343857899743104,0.30437344861604265,0.30494039718165283,0.5019571649831533,0.5113558761322853,0.46964648061221365,0.4474631652910189,0.48862510427554323,0.49427618787484273,0.5030654356382025,0.479253360095156,0.48695587089121384,0.4451198946999236,0.4205490697651849,0.988031909147673,0.9110479842953252,0.2813877843292328,0.2557792001931833,0.4760986809691551,0.9726841437951859,0.8738043600715397,0.4354441626413665,0.4493870671753611,0.43712699566174756,0.437171380769277,0.4296413887846239,0.26114769667127025,0.255307567686716,0.24925157878526175,0.3704073611424203,0.9820949300953823,0.47541760812805617,0.6104008314441504,0.5579638040918364,0.6141541830316456,0.9952522937621302,0.9892829088086283,0.9980437146794519,0.9929374388495887,0.20681578620208768,0.29323204160445737,0.21799193432126832,0.9748277579321217,0.9597403093848488,0.41893685358385907,0.43855404878327336,0.4444696287420148,0.2225609030053463,0.40411026318064475,0.2828781755146808,0.24515730088786733,0.27626931368755575,0.21271023796853217,0.7174244386380316,0.25147824636018734,0.22369442074509058,0.42101746932063294,0.43674764498770746,0.39746799442717257,0.25123474404207474,0.29921045210539104,0.2361697359026513
0.2029911201815541,0.2004928805169603,0.43398423761210786,0.4150386917853142,0.2840649776735755,0.21182237703068757,0.2072154828918057,0.2119882207868528,0.21545796096770162,0.960221758024165,0.9707346567877775,0.9794733283826177,1.0,0.39533261715048956,0.2494041704306894,0.22565401172712352,0.2793092621532873,0.2962830957354234,0.21409583410319882,0.236771504765839,0.2409994276083525,0.15986424232649304,0.3711839000364967,0.42903187754751704,0.9504246790642676,0.35795506896010587,0.4110432113411332,0.9532527283232725,0.9051587873618928,0.9580497421041622,0.36270842528967034,0.19481017905467685,0.3922640014604678,0.2534961428865162,0.3884051483940857,0.25643815662424374,0.2310409695681792,0.19818559741191505,0.409540833592269,0.42558097817851936,0.4089977830855684,0.30180252670605406,0.36795332814651505,0.2548707335672224,0.22349840691773165,0.26600559274224167,0.3407906927182546,0.28463945925333883,0.20873420143374585,0.2158126103630018,0.23518306284414003,0.23582509780094554,0.24985640284342325,0.3428043196380415,0.29566526491838746,0.3049819927605086,0.3057565891201463,0.3104621902731697,0.329546308491158,0.3198685170716817,0.2913989091285478,0.3025432210229192,0.31351470543197774,0.3146757348934247,0.3099532284062418,0.22670077956791274,0.21825907796745356,0.19489162691489356,0.9848519905525573,0.9777423215786404,0.9876282967711363,0.9378829260850633,0.9039070364018333,0.20073585617725698,0.40884931342482206,0.3728986162953501,0.9533638027887337,0.7974296861449408,0.33665943252419206,0.31940771539556395,0.3052629574027782,0.8951712345605334,0.9659634335256778,0.4363157407366486,0.39137568390293587,0.42518972758678103,0.23521550015082981,0.2410124257617068,0.25232414629890126,0.18753495418319713,0.30384125116285465,0.9462761975904105,0.7967646186561527,0.426922889654831,0.39650174948868744,0.37441779201602354,0.9612864524452263,0.88404770570478,0.2769688998097796,0.27761296873961705,0.45596370716441725,0.46447791138377753,0.4256357234747317,0.4126647597857746,0.4444553717546857,0.4490294826277154,0.4567305991451003,0.4354502503613384,0.44228765225741296,0.4021673558044137,0.3825345064199163,0.9605699551474921,0.8628235808773357,0.2542879935112833,0.23008139338131042,0.43093946081051726,0.9369071379141906,0.8238210750527819,0.39287885370339004,0.404908825478935,0.3951591097399305,0.3962861223382172,0.3909224077261037,0.23591849162689224,0.23072351353775916,0.22413155124568385,0.33651759724804226,0.9513334474914251,0.4349246322053479,0.5611205282851077,0.5122118139794956,0.5666347739899197,0.9835844723320808,0.9620804738375629,0.9796685232979755,0.987695361424936,0.18809658369433427,0.26690360099917904,0.19844957029261148,0.9540977162124746,0.9472485661715406,0.3784032013113827,0.39597333904009363,0.3991044227547816,0.20065976555541776,0.3622075970789859,0.25536606717825255,0.22110584421250276,0.2517777351606752,0.1909091646220695,0.6529263680022246,0.22679182750818952,0.20161714874439313,0.380769219403123,0.3954375226681005,0.3570179803240988,0.22640442640691677,0.2721942398991815,0.213148898239593
0.284929797777161,0.28180672784504657,0.8910498586833914,0.9005023352694299,0.7068235557620708,0.3009320224988022,0.30062752932289216,0.3072262472130883,0.3155213934456475,0.49723009952008973,0.466107697551732,0.43234566054591306,0.39533261715048956,1.0,0.3309653288610937,0.3097902705629813,0.3593307032538108,0.38923295104763406,0.28205178513921664,0.3178866032629495,0.3246459633838095,0.2430395575752619,0.6642154487199389,0.9698922962791692,0.49167631005088186,0.6363436132703435,0.9797764441909166,0.46545052295322314,0.43570487211723213,0.39664706229521857,0.43878517590545935,0.26891684148800415,0.440092683093732,0.30073872720366124,0.43418757426126386,0.3156647534335254,0.31436089466846484,0.26729948567843326,0.9178860247239126,0.9046677307106219,0.8197852551189023,0.7359292880976349,0.9560331645730876,0.33915615168520324,0.2804394354836027,0.359302553530276,0.43602364130657617,0.3290309613485272,0.2967826913109747,0.3116500171299054,0.3518792051124162,0.31708840221589657,0.32453840601684686,0.6520807054273013,0.5744986391065048,0.6321677707715487,0.6235171952402931,0.6136220811126719,0.6439406567457064,0.6309066373149139,0.6166807305148513,0.6240259940437872,0.6035077599231545,0.6064262544490703,0.6106862726533432,0.29574645916158143,0.30129973702856777,0.27075741758614,0.4256364391085514,0.4354359095798922,0.38840020001133424,0.5055285004684033,0.48665658049103067,0.28545814022334076,0.9112367796738382,0.8227518035689533,0.439783366245963,0.43427199570265057,0.3680189221657498,0.3820798582681742,0.338819545018628,0.4276896620674953,0.3895235964016738,0.5641996381448761,0.4823304279936261,0.48824158197811135,0.32209808543582563,0.3264496303472148,0.3656784799535309,0.26930184861348805,0.44846358917348633,0.4519077294033735,0.4569207832038335,0.900105391221367,0.8319249686703255,0.9106370063282103,0.44637901639370947,0.4336535670628095,0.36952973493095076,0.3649038588434976,0.5469525657467889,0.5572469149578826,0.530110682904453,0.45474245835226357,0.527753298552174,0.5442634046330854,0.5503132645573476,0.5212222122474062,0.531122060146818,0.5201726893015831,0.4375250558485075,0.4431220283074579,0.4418412283333075,0.336097011062271,0.31013990471131886,0.5304285496518585,0.45027346376808924,0.4347601901743195,0.4969707704669638,0.5070492350163115,0.4934151700848611,0.48174725453945966,0.4658732800502495,0.3113682949986942,0.31264713182789083,0.2947533019490701,0.42565390086392463,0.44989360960573643,0.506523417215949,0.7019877709620403,0.6295074567361668,0.6527203830962098,0.4347190562869551,0.48991999784977086,0.4414374781776885,0.4002793745452294,0.23539319236976433,0.3495988985371677,0.2458995801492577,0.38045451787956314,0.3700961685399039,0.47623583611809384,0.4937245541178655,0.4796778087895738,0.2819852646361834,0.43412771027295244,0.3407874305765442,0.3065847094620249,0.3306586762114107,0.27210209257061063,0.5908859047944183,0.30988043743204874,0.28176921216478684,0.4807012625342104,0.48294619324669225,0.44854197202988544,0.31167545226764753,0.37159140706660526,0.2733361554656977
0.98287208323697,0.977288041483849,0.44388231427842995,0.41725292238423517,0.39277857861123655,0.9100232158638321,0.8710093910006966,0.8231563762372317,0.8588842179063226,0.32191294229800654,0.29750289151548726,0.2761826133916502,0.2494041704306894,0.3309653288610937,1.0,0.9953528081209759,0.8897518886814917,0.9318270316672271,0.8076568614902463,0.9842909446438576,0.9931166417644656,0.8948969456893919,0.4025357722666531,0.34857062388801735,0.31454094778517555,0.38275245944864367,0.33554108982929104,0.29190284706573205,0.26004756624747166,0.24995827803700427,0.42722308385792906,0.9472926093650846,0.7734630035548533,0.7456404135037137,0.6244764885967096,0.7734850999356085,0.9940807053555237,0.9529254044353562,0.4002905157903919,0.4219046596916587,0.40387148684991436,0.4026409056961066,0.3115519646891221,0.701318957769396,0.9217585151642635,0.7594610010961342,0.7867808481952802,0.7652513628685738,0.91563585904685,0.8744406897906625,0.7985913018896389,0.9978052241974227,0.9677427689316088,0.5275430279255069,0.4771089253045265,0.45846687128939734,0.47636770011122875,0.47519282057909484,0.47980340131237637,0.4974326144838372,0.43992408142584977,0.45160557357867964,0.4829679427281668,0.4816204840468511,0.4638092138388069,0.8300282721241804,0.9918985033034459,0.9541121637107198,0.2687748426983478,0.2747023230594847,0.2381908351673771,0.33271625214530487,0.3188864426602136,0.9820753492403634,0.4024356361419106,0.3707809935526991,0.2715499685808416,0.240284315522795,0.6917200592428424,0.7872268928078657,0.6758494279587549,0.2532062961398512,0.23531499938218292,0.5234550680554079,0.7591640560019464,0.6124378701824066,0.9964516578443723,0.9737519888818295,0.8692005138002828,0.8831561433837695,0.5627951446274951,0.2789096428834757,0.2640111855173129,0.4321698848285114,0.39611433982179634,0.38831101832623605,0.2782533227652178,0.2560449166249231,0.7992606528847841,0.8420944372128395,0.6002042904641518,0.5757998035391388,0.5083667808502715,0.5145079718870007,0.535239663648936,0.5519202261578331,0.559304436121533,0.5165863077465348,0.5512582889454171,0.47221520584188836,0.47549832500364253,0.2732100672114207,0.2563152586413678,0.9979647547867102,0.995126082620278,0.692630755627736,0.2746425776489379,0.2458339611986431,0.7150921043994533,0.7719489531387964,0.6930082086074177,0.4186396757410134,0.4126306402176138,0.9747285661037998,0.9960776269629691,0.9600782781304237,0.8592627255911166,0.2768284017007274,0.4652148328898817,0.4258873825305857,0.361435323889535,0.4137881112910658,0.27773297420796433,0.31829791359637233,0.28251564159391307,0.2512845554240681,0.7950223166046728,0.8883715695765791,0.8254993703917186,0.24111971516954084,0.22974246794061276,0.8283493629011908,0.6738536641213095,0.45417820097097716,0.9684444802641601,0.4290622145872763,0.9944805420872785,0.9923069659238775,0.8069640425726659,0.9695739515982816,0.42328231770414937,0.9928873171913379,0.9806872489795526,0.5445066441962143,0.5637744042639602,0.812562708300147,0.9919586972925538,0.815016325082057,0.8635840006842963
0.9878870674581108,0.9833848209840835,0.417259498779197,0.3920030928910131,0.3730717025182254,0.9005451821676312,0.8600992148350476,0.810419420784136,0.8450107982832392,0.29334084703693175,0.2703207405842281,0.2502911861606645,0.2256540117271235,0.30979027056298136,0.9953528081209759,1.0,0.8837189699741151,0.9233087665610381,0.802156065624709,0.9822633931123969,0.9902541054328665,0.9027648438292881,0.3773295001323296,0.32515975256754304,0.2860911682009396,0.35847763235954616,0.313779541212669,0.26480981889772726,0.23513254604811057,0.2276766598730324,0.3996827523556862,0.9563704968577988,0.7555988306288081,0.7349741468548355,0.6045826404332959,0.7647758557096915,0.9926223227128662,0.9613468708760547,0.3756036638676745,0.3961787685717616,0.37967573692054135,0.38256551025856844,0.28954442932839153,0.6903436870664689,0.9254099786445452,0.7488164392535195,0.7730912112890536,0.755648022218726,0.9062094590752634,0.8625802949643641,0.7826073810453921,0.9975677634401643,0.9687086812865227,0.5038771271725648,0.45624714635556857,0.43682463399967303,0.45489442364963756,0.4533122492652556,0.4570330197196894,0.4745385377849029,0.41915340959756947,0.43040682159849963,0.4608062152723504,0.4603639211930239,0.44239166865445234,0.8262368168747282,0.9921419809136346,0.963954130484409,0.2437912094396484,0.24887447613042524,0.21486224765471318,0.30419402549032565,0.2913331825787622,0.9845604117982513,0.3779096673167815,0.34909628039729984,0.24584025634662904,0.21528177753963082,0.6758076291850212,0.7757551451437589,0.6620485980500396,0.22892747469009414,0.21195262108178936,0.4856907976760851,0.7214042899552522,0.5841441918474695,0.9940981253563425,0.9732901892351455,0.8546992522985095,0.8729965463706937,0.540119263254634,0.25225168941949966,0.2386810179491937,0.4060664454350876,0.37250354377542755,0.36508319599582456,0.2521252394659189,0.23147334534653866,0.7892364432118214,0.8338953509601477,0.5661216271054377,0.5398572581230158,0.4735114891963638,0.4865989189138233,0.5021181666038996,0.5164830554002402,0.5236104460856699,0.48301623087327816,0.5173942201737315,0.43725980856838204,0.449277559496621,0.24738592156552167,0.2313703425118433,0.9950494913947808,0.9966668029522612,0.6618467531476858,0.24858292281032418,0.2210148932424773,0.6770524932646887,0.7349177463987095,0.6551258508807408,0.38908929422604055,0.3839091574043965,0.9786270187180547,0.9962451927879197,0.9662930561358202,0.8463207770422002,0.2507172919904212,0.437858453042903,0.39287536454954947,0.33010024079583733,0.3814032512743636,0.2518066470223357,0.2897002111601252,0.25637940821305455,0.22713074722452334,0.7924612393117778,0.8822233293983053,0.824740674814404,0.21724783655462987,0.20674173128695142,0.7971380309784162,0.6336440937095013,0.42461480381814204,0.9708105287997668,0.4020976297562389,0.9890955734104756,0.9915268065118591,0.7987795703550978,0.9800633402252482,0.3903861110340098,0.9917786550921783,0.9818188012480292,0.5042412253133071,0.5234004402059559,0.7792912257977239,0.9909318038791315,0.8050457121796328,0.8648851324312969
0.8874239660023866,0.8580988144825663,0.5117413233770679,0.4807791252168503,0.4822521875480157,0.8255776732570419,0.7767769989011536,0.7426286547065825,0.766902735626033,0.3548271888855911,0.3275584932799328,0.30655631541233047,0.2793092621532873,0.3593307032538107,0.8897518886814918,0.883718969974115,0.9999999999999998,0.9890532167969368,0.9613283414991012,0.9438913547634452,0.9237429963154884,0.9285770822861087,0.44170500598594614,0.37495912033985834,0.3421814940336593,0.41407083791109456,0.3605850209329084,0.31944171131573795,0.2841212377522324,0.2747567575808022,0.43178177928732986,0.8108722353253588,0.9424219153541651,0.9160980874562795,0.8300880545089812,0.953995182902332,0.9022512471641898,0.8287872644165417,0.4595483338667913,0.48539508355682814,0.4688450815774732,0.49272689669634884,0.3425884906004416,0.9242972935650465,0.9383390168093522,0.9595738309961811,0.9633394950262428,0.955067601074577,0.8231431518148621,0.7839091566028773,0.7357554209663195,0.88772172953329,0.8626725950229406,0.6226915577440559,0.5777625498541037,0.5564365621559832,0.5726836720484464,0.5710717451745964,0.5791479561767147,0.5893784241353275,0.5311030245617467,0.5458952298285489,0.5795392677525747,0.583653972403657,0.5540379784542658,0.9749899207727419,0.9022971601087524,0.8319633955962851,0.30129878114616276,0.30433453025931423,0.27044066804380784,0.37200280615378173,0.3562464119940648,0.8967638444395855,0.46414069842207456,0.4260361202542491,0.29776550530010737,0.26259368750432077,0.8859601983344985,0.9682007919293046,0.883839814981873,0.2802588665287779,0.26033031139537627,0.504118862493982,0.6552034890192823,0.6368797416954011,0.8953567492480564,0.8290939660810627,0.8221736509536665,0.7714932224668223,0.6069625412102656,0.3064014948288551,0.2839510452830508,0.4981315058165489,0.4697651837673105,0.4492953987655664,0.30690963311501973,0.2782377977153107,0.9777538743841112,0.9899698063689042,0.5967161884700153,0.5673840991798365,0.5048183315999516,0.5287601735525993,0.5407817739025519,0.5469331028711841,0.5538973206350314,0.5214225439639781,0.5509397997386748,0.46766744872222815,0.49489163985537055,0.30008102169693707,0.28095279791762445,0.900502028013146,0.881617468091032,0.6467590964909039,0.30069389560461735,0.2683027101480588,0.6224164234911364,0.670754964240196,0.6065669954525277,0.41121975331044214,0.40406648558710234,0.8932740980386612,0.889652769229396,0.8712831734501527,0.7693106264767962,0.3031530608712971,0.44715064239634866,0.4621035446315616,0.3996055307448266,0.459128279618449,0.3076855596732067,0.3491769770981116,0.31269657652756655,0.2816082432214919,0.941544285203766,0.9950225916710933,0.9606421000494244,0.26640380505403455,0.25479646384800886,0.7098069000763259,0.589658443150419,0.45532273434753234,0.8497447650409004,0.42823305117338867,0.9204902465536176,0.8930150523980345,0.9746176459219493,0.8827849314169656,0.44073192229071295,0.9099235472741934,0.8863301643995827,0.48794007339107875,0.5060997283781427,0.6842434490728113,0.8796901818560604,0.9785217070755531,0.972196119044588
0.921146363268104,0.8963901333270045,0.5386192990105111,0.5072732941249316,0.4976907028563084,0.864343025585855,0.8183622096150268,0.7822411672215455,0.8095350523566024,0.3769443367459526,0.3485881251585055,0.32539433170901616,0.29628309573542333,0.38923295104763406,0.9318270316672271,0.9233087665610381,0.9890532167969368,0.9999999999999998,0.9393341420185918,0.968623162196841,0.955667693917945,0.92956578324688,0.4707767373317257,0.4063348175953844,0.36512919883860423,0.4431197650647453,0.39103066571665906,0.3406640347523533,0.30321731452439993,0.2916135687583634,0.4560865442505646,0.850779046764387,0.9336856676768746,0.8977338278884586,0.80768725654478,0.9291062646714623,0.9381744685188337,0.8646930772281047,0.48637315177349716,0.5121709508574558,0.4902274009407813,0.5087812664514383,0.371454004838468,0.8897114837944643,0.9466515940964574,0.9325975321345797,0.9494133670765806,0.9297009316606516,0.8630987749288883,0.824439816296839,0.7752989488206742,0.9279135527547064,0.9009835099080483,0.6414280605049616,0.593313278397546,0.5731058787517109,0.5901058116194644,0.5882221893423709,0.5968560651874764,0.608294336829472,0.5488562254292424,0.5624960759350806,0.5964679947837255,0.5994608102173148,0.5713599346443812,0.9562052191220718,0.9365229953360036,0.8676796268320177,0.31925098187174733,0.3233518141301275,0.2862071536247497,0.3934016949559904,0.377133729061788,0.9286024980403572,0.4898222496641324,0.4483967827901255,0.31742538354966876,0.28240734669699735,0.8716659509431811,0.9496842187854216,0.8609773480164312,0.2982099134386237,0.27732846652323584,0.5545611160818458,0.7141510837464191,0.6764217705652976,0.9344873914673378,0.8768293493365463,0.8578526338846558,0.8137309182689803,0.6323934926695306,0.3267433302637833,0.305575725989114,0.5249900821483616,0.49061040028602637,0.475473208121599,0.326637690758688,0.2977698428798858,0.9580914866885485,0.9762577630290267,0.6447981085385251,0.6164647483311333,0.5511850131444292,0.5688254939436318,0.5865789347991037,0.5954680175202185,0.6025525366362738,0.5670363024149211,0.5978137481445781,0.5142226464953132,0.5341143845302743,0.3199000064710658,0.30096010051673155,0.9407471587673234,0.921424353001885,0.7014138061333794,0.3209638266610131,0.2881704836391778,0.6795030387412038,0.730708810949804,0.662994822577865,0.44911494287003056,0.44105775344017395,0.9259217413892875,0.9277692122566045,0.9054770541349001,0.8220238811437887,0.3235400164533879,0.4856397451003423,0.4946060531037404,0.428923916018422,0.4882410119820521,0.32684797218900274,0.3716532452226623,0.3319198200271755,0.2986874710797351,0.9155660971867531,0.9885634017635588,0.9390503255411019,0.28346290796272866,0.2715073430573537,0.7699354990237572,0.6461145526920277,0.4837153927063334,0.8909931876392225,0.45279606398807787,0.9548254224400858,0.9299829152767513,0.9524480953292843,0.9130403870571417,0.47215803160286085,0.9432750963554697,0.9189425462285823,0.5385891922695901,0.5572042617039009,0.7433522363279907,0.9197330479952702,0.9625740477038321,0.9569900799292395
0.8180611387812324,0.7847183494407608,0.4250877651137099,0.3957599054484409,0.4156552997711105,0.7801037414753207,0.7267831157751794,0.6979718359117806,0.7154814707736807,0.27672279468486105,0.2530904370374263,0.23641746414246856,0.21409583410319882,0.2820517851392166,0.8076568614902463,0.8021560656247088,0.9613283414991011,0.9393341420185917,1.0,0.8908328374909121,0.8601398989678124,0.9111222905808917,0.3694871014282759,0.29387299551605,0.26537727110251863,0.34391741674597787,0.281258345770243,0.2459219132406944,0.2141749129992806,0.2095035867557861,0.3672076402159584,0.7362064570039413,0.914590894171114,0.9060683905581653,0.7998132850880995,0.974355949813517,0.836722297639628,0.7524858920042852,0.375031765831081,0.3987522552854124,0.3851628219927083,0.4249337473963887,0.26677041041416727,0.9336839118715202,0.8726552180512789,0.965162940949491,0.9387977339149252,0.9596668726096651,0.7730106846445012,0.7322267116050791,0.6895394647768547,0.8056426156603239,0.7699385732255348,0.558021512058809,0.5222508770915942,0.4959047238910032,0.5126235980429662,0.5108993610749704,0.5156127977548767,0.527450356176527,0.4724065133958882,0.48533670266042717,0.5197072018945775,0.523210475357343,0.49327470763194003,0.9882750100427748,0.8390939954258136,0.7548192401332844,0.23254680842421918,0.23359177281806212,0.20754410586041258,0.29463299578633995,0.28136299295966644,0.842286157856412,0.37913818687530426,0.34609659171237944,0.227392647667832,0.1990430850131934,0.8762659037931176,0.948581988102075,0.8934336872362447,0.21209486682072481,0.1974513603274297,0.4114352935810359,0.5488208804387751,0.5566728573608994,0.8255822276369233,0.7379362207663812,0.7740572746749753,0.7246651320745352,0.5581490316889298,0.23565394650833094,0.21817285621800087,0.4116091531393266,0.38969340803274494,0.3682122242878068,0.2352449927024218,0.2088784917334898,0.9661530768070236,0.9688166601767064,0.5041773370818112,0.47311892687171436,0.41672454107212387,0.4485158405620347,0.4536988695238204,0.45557527975103645,0.4617504693736474,0.4357317612375502,0.4618136244276114,0.3828910407630651,0.4217586560942531,0.22924178810511311,0.21252098162982067,0.818542419717068,0.7972323603853745,0.5457121798674057,0.22945679728414203,0.2026863340044077,0.5210449714143133,0.5632687418324461,0.5036449745634869,0.34069122444333105,0.3335688923603111,0.8076369254703484,0.8101885103043022,0.7895885836290685,0.6637324879672153,0.2311319933166544,0.3737297507078251,0.37245073327064504,0.31957641810491383,0.37480900532197503,0.23694625808865602,0.2717718937190067,0.2408102602977648,0.21542354932252894,0.9810499466878855,0.9661955784667523,0.9671880162387009,0.20165641783775623,0.1911571309898987,0.6011369052027523,0.4868837207880697,0.38345347712510025,0.7857488324719486,0.36357464820074015,0.8545962140678568,0.8288887116619145,0.9684460014603864,0.8160542746327628,0.3516234971064152,0.8474000426179533,0.8290442899272514,0.3930458957697352,0.41159345076414894,0.5768109753617033,0.8101967565397337,0.9650878242542246,0.971798098279038
0.9821210369957972,0.9681091410142256,0.4447689102284241,0.41661106296857836,0.40958043302612196,0.9188266774769459,0.8750897564581579,0.8312893751165191,0.8621049462961965,0.30623094986751437,0.28180227530647295,0.2618285954004353,0.236771504765839,0.3178866032629495,0.9842909446438576,0.9822633931123967,0.9438913547634452,0.968623162196841,0.890832837490912,1.0,0.9964058415133801,0.9421713623251136,0.4013471105009021,0.3333192181737905,0.29724196447181195,0.3784362883934365,0.3204771279734601,0.2755339938658329,0.24327913471136114,0.23617809264746947,0.4118800032818983,0.9323457983176571,0.8361451094675282,0.8179900749626952,0.6898772231109281,0.857226222512796,0.9911055907004918,0.9408428123312418,0.3977492736635421,0.42052849311766566,0.40325933220233695,0.4195241203251006,0.29957117599895855,0.7903505420699397,0.946312000065236,0.8451778750149709,0.8561421038536773,0.8466851998634172,0.9213113611871403,0.8786244735325163,0.8079008978685598,0.984035877334158,0.9452162664066569,0.5529214325841026,0.5059530995970729,0.4835972783379577,0.5023013043569642,0.5008017322965705,0.5045105578565531,0.5220549023419772,0.46356449384424364,0.47548272434551164,0.5091467969315313,0.5092103910679296,0.4874416200118236,0.9074770851350873,0.9920203206016052,0.9429551443018461,0.25569027492227103,0.259882901133222,0.22656899652971202,0.3195702583884513,0.3061301281913431,0.9880065277879685,0.40048139926456416,0.36856320860034997,0.2555001504164816,0.22410972256362938,0.7654117753427737,0.8598084467082988,0.7577046362230493,0.23784797824551704,0.2212413671264283,0.48895354833119614,0.7052626949970946,0.601109263218085,0.9889356993933776,0.9444750892143162,0.8838541900974591,0.8845156151550827,0.5836300257020245,0.26277325546621705,0.2467617881509192,0.4319210607562444,0.39941547271942196,0.3882574365484089,0.2628043658256935,0.23882149814181353,0.8764298384519806,0.9100479140677318,0.574127973008112,0.5462014985591341,0.48015254159137655,0.49653057739692136,0.5115127507748695,0.5231466446659601,0.5304500844344141,0.4923191838976744,0.5256081960283863,0.4434900555378613,0.45979821023185474,0.25728745593971586,0.23961576869976262,0.9867578535208548,0.9803388774263212,0.6566196199615716,0.25807336612360415,0.22923184917624623,0.6616020243314058,0.7180944612656566,0.6397575487350318,0.395594913289044,0.38987712774325584,0.9643208105414272,0.9852089895459648,0.9507074177031936,0.8230060934881701,0.26037979099966285,0.4414187324598887,0.409743993054162,0.3481234845925736,0.40200562713247073,0.26338105269787276,0.30203119097189035,0.26783601874655066,0.23835684322745476,0.8785229005217573,0.9455938628925308,0.8993772903499537,0.2270844688835318,0.21631855813634338,0.7739962856716762,0.6195776170618725,0.436237548176131,0.962651088342249,0.41245208591191207,0.9933683589651167,0.9887216523321012,0.8833530240823675,0.9722198923474109,0.40111128295662174,0.9942498755496846,0.982610799954588,0.4952019988176074,0.5148072121615519,0.7544529538832123,0.9821460446489094,0.8890430437120965,0.9305111719312221
0.9855551291301015,0.9753006410214157,0.4462191841741896,0.41857123225530085,0.4050193860799401,0.9216584005313861,0.8804708996153287,0.8357617737150254,0.8676366277464765,0.31187411274527477,0.28750861988161147,0.26693854325188593,0.24099942760835247,0.3246459633838095,0.9931166417644656,0.9902541054328664,0.9237429963154885,0.9556676939179449,0.8601398989678125,0.9964058415133801,1.0,0.9271256373735015,0.4046152251280317,0.3408799422569262,0.30373922098095735,0.3822862029067836,0.32798117208954375,0.28153896410782264,0.2501416738774795,0.2412680842546823,0.41886813184285737,0.942752748916549,0.8109966444135412,0.7887731212803888,0.6634953271167988,0.8263177915446979,0.9967086605298847,0.9498252556389063,0.40051929052014296,0.422602455318794,0.40548335086015114,0.41514855586088234,0.3057645031019266,0.7543902628392819,0.9369697563384906,0.812629297112953,0.8286707203436898,0.8149995231494614,0.9251675969205232,0.8831363344276534,0.8110529910753961,0.9919346646060089,0.9546230056271865,0.5470804559736668,0.4990533438838749,0.4776524934246799,0.49625152049659366,0.49495642751657914,0.49852432703478244,0.5164745517583127,0.45849565687424165,0.46989398346680644,0.50315170177485,0.5024351565746573,0.48228256422103966,0.8787678755974442,0.9961720056195729,0.9513892269562667,0.26035885902095407,0.2652715501096709,0.2307968314578949,0.32419350880429626,0.3102178817751169,0.9901927039952787,0.4028024320960634,0.37140860135462367,0.2616815418266194,0.23068134524925704,0.7347009329911197,0.8305355209738717,0.723483880637814,0.24394339804229112,0.2261332829818678,0.5019838210427447,0.731381725375505,0.6040347805352957,0.9961084237608692,0.9596679586236011,0.8844091245893371,0.8887170984870821,0.5820780417999097,0.2688433989285594,0.253887607943717,0.433659906532176,0.3996921418764172,0.3903042189956917,0.26849665106277637,0.24573419588808215,0.8469188408175368,0.8843763638289789,0.5828917363146775,0.5567760710866975,0.490149698371971,0.5017539656138629,0.5192090155801093,0.533197679199294,0.5407017387239428,0.5004128413991527,0.5341434437178144,0.45379008554263844,0.4641902790823785,0.2632924878914403,0.24590563221361747,0.9939615726447132,0.9879153629955785,0.6695707078802579,0.26439064767184434,0.23590757439052382,0.6872576785496377,0.743314852897663,0.6640409306345076,0.4040838182079198,0.398862779779197,0.9686298938558215,0.992183425197197,0.9551275907946526,0.83582764638962,0.2665233392432201,0.45026874575819786,0.4159792284608701,0.35362748215535034,0.40636148218123685,0.2685530013246982,0.30796181977254955,0.27303985573028283,0.24288294230938454,0.8505661537001715,0.9246361504794469,0.8730051504947356,0.23280523610185103,0.22176442853576056,0.7995291389281859,0.644243334061738,0.4445462577149626,0.96978807314365,0.4206065701571241,0.9977193251660317,0.9944891812141702,0.8546881440012065,0.9749214942581983,0.4100061036311757,0.9976463941516086,0.9864325421395738,0.5163692798217853,0.5372579559665707,0.7819320010103328,0.990041490956246,0.8616668456455288,0.9066775805296788
0.9218126217814961,0.8912369431804522,0.36896268289291156,0.34529128135688547,0.3631363880246166,0.8325963676500142,0.7843119878499948,0.7404132834246984,0.7663561971427763,0.21704336937709395,0.19726515510205186,0.1820774976731186,0.15986424232649304,0.24303955757526188,0.8948969456893919,0.9027648438292881,0.9285770822861086,0.92956578324688,0.9111222905808917,0.9421713623251134,0.9271256373735016,1.0,0.31325203506778926,0.25044341894776595,0.20974571938628664,0.29277223118933526,0.24029443232231595,0.19335181429909637,0.16828981032553061,0.166239125457544,0.31877746484815905,0.848089782543752,0.8298049434477968,0.8340382635042902,0.6851053337455602,0.8759652613151647,0.9186555494250733,0.8587884194072105,0.3274652082817259,0.3477889068388225,0.33772461466788417,0.3728579799328533,0.230128381508643,0.8015672390465067,0.9231319492220165,0.8564505653344114,0.8582314115266751,0.8740168092111199,0.8362075528104668,0.7868338354442784,0.7171682623259911,0.899994585667917,0.8562800533186262,0.4916575052667199,0.45264962206459575,0.4280772025800791,0.44529948987916546,0.4437190319032553,0.445471642901051,0.4613304215850506,0.4090803149319636,0.4198633298621313,0.4514139602692082,0.4535818618642449,0.42839511455410506,0.9297835578065777,0.923848458735709,0.861962882572419,0.17620756639237847,0.18013281064964526,0.1521525143486,0.22870242299353766,0.21776077677406036,0.9292763154501005,0.3315837463318445,0.3075646427549251,0.17682467671252455,0.1536575261416402,0.7715685520122565,0.8693244399080807,0.7746634354808238,0.1645338693053108,0.15048514699867055,0.3798717160880305,0.5656810417075059,0.5306854270499559,0.9109831550075195,0.8383380033182539,0.7985085794319885,0.7911898685802525,0.5094633414965412,0.18284596798865504,0.17071526467890494,0.3582267213115633,0.3404404232940029,0.32172557438430294,0.18325450635266385,0.16450677214503878,0.8878268602562288,0.9102059954066334,0.4788050850551182,0.44595462374449896,0.38906773158348595,0.42469802228723785,0.4245861974210789,0.42682765531822364,0.4322776064585101,0.40584033433509564,0.43476325037161473,0.3493952124104924,0.39432932641251034,0.17732719860119744,0.1657072275080689,0.9015941568575971,0.896001798941038,0.5493350253383222,0.1788695184627967,0.15754866105508214,0.5280983271236924,0.5768293693340987,0.5057978437819315,0.304535165491943,0.30121797330499417,0.8964395834262342,0.9041666770548835,0.8724951467541989,0.7156257802110909,0.18015490678802137,0.3500234254911352,0.31316486012162426,0.2640132306818233,0.31237920364216476,0.18184452407276816,0.21340096501277586,0.18704313263616962,0.1621940990527397,0.9043758227302063,0.9320684477860269,0.9297258530296243,0.1541451619367563,0.145075650858598,0.6359160899486987,0.48641843081659003,0.3372421988191648,0.8828438485177281,0.3210972600597598,0.9186001800979732,0.9150212595139664,0.8984243640695105,0.9286249077611397,0.30092378996361585,0.925514574854981,0.9125443628718233,0.36925250843641616,0.38774029280047156,0.6211730143075468,0.9007972544076205,0.8955304003389521,0.9443979528574254
0.36223037354876214,0.3563552530173429,0.8239173715806365,0.7848134072102946,0.7565996334990975,0.449207136181712,0.45710055629635943,0.46683041842853706,0.4783773142316648,0.4736594098226098,0.44290599017438503,0.40931630624845955,0.3711839000364967,0.6642154487199389,0.4025357722666531,0.3773295001323296,0.44170500598594614,0.4707767373317257,0.3694871014282759,0.4013471105009021,0.4046152251280317,0.3132520350677893,1.0,0.6936254796474983,0.4662646602790994,0.9686400086013293,0.6726150497542087,0.4404344765722366,0.4065408312856133,0.3700000240654697,0.4485852402112912,0.329764974492667,0.4897102858465562,0.3527546836971198,0.47974191930037463,0.3947396699170094,0.3914384307323002,0.3266173881706122,0.7558598986716891,0.780462565000531,0.6840871697265803,0.7646357233957678,0.6537307507989557,0.4347096882059199,0.33437618997903207,0.4581508399624639,0.5045804378745486,0.4044323973240969,0.44245504865226803,0.4706555485204312,0.5380010015168615,0.38567640545983006,0.38189573480167577,0.8720397721599055,0.8344458350480636,0.8542488872889801,0.8558525745390633,0.8711217664469959,0.8863427613204689,0.8591740465888047,0.860302801839344,0.8696316685663212,0.8693937215636032,0.8483659121423835,0.8683423301262493,0.37683183148056826,0.38225116487582395,0.3359235480540599,0.40564315651895344,0.4104661414149597,0.36902125577198186,0.4841096454224801,0.46295486328490526,0.3696672347717908,0.7515353528376303,0.6474436644456645,0.41610751240315974,0.4064571363820458,0.4292288101723411,0.4497667541816558,0.41419575988544033,0.4025427917629309,0.3656563510696891,0.5266203256563934,0.5007161590799981,0.4543153760471194,0.3946447184471813,0.37453953684882096,0.5571528614629948,0.40557151973768324,0.7221830678016375,0.425242707439089,0.4268270194191028,0.7938470352037541,0.6966549317334472,0.7776412077498102,0.4229803804750871,0.4053983552651799,0.4641565352034292,0.45915746641358846,0.5159566280489336,0.5272536860844701,0.49835758287789883,0.42493669962693026,0.4932766680752003,0.5102699342706907,0.5205494381815544,0.48927792021409006,0.4987094722766626,0.48647580239073923,0.40487008794780155,0.4211258788435684,0.41053368488647674,0.406202425173488,0.37871392182089725,0.5042921876464377,0.42305693843165426,0.4031157710914219,0.5093061672880503,0.5241015440511908,0.5046837484302807,0.46960301723634873,0.45548208933973766,0.3693662374383683,0.3840385871494206,0.36095617513337375,0.4267999529323255,0.4271953544182547,0.4949264190520278,0.6366049796476804,0.5779456645671999,0.6110097236345015,0.41471737148868426,0.4678215587836266,0.41905508760068383,0.38143861538122337,0.3288656950376365,0.4400677290744639,0.32964219183002746,0.35847046254598597,0.3489694762096357,0.4955767157425299,0.500722991313644,0.48708628926142383,0.3658318046167834,0.4485539074154224,0.41540609820809943,0.384691898586268,0.42071042725823626,0.34072251521828695,0.5716608430841653,0.3907830196413698,0.36560321618772634,0.47626804184112953,0.49086461672832327,0.4739298824727113,0.38671534596782187,0.4764884623151206,0.3654077341122809
0.2977026959558247,0.2947262248297619,0.9080639166777855,0.9109007032961118,0.7113078082033902,0.31769957167746943,0.31722606999215375,0.3254680242328334,0.3337334528869002,0.5386844842088824,0.5053935717812212,0.4694838869032025,0.429031877547517,0.9698922962791692,0.3485706238880174,0.32515975256754304,0.37495912033985834,0.4063348175953844,0.29387299551605,0.3333192181737905,0.3408799422569262,0.25044341894776595,0.6936254796474983,1.0,0.5314460817197824,0.6660152944288845,0.9865560544439189,0.5028806737710296,0.4713767700975355,0.427367238654827,0.47693360772865595,0.28217837202941887,0.4598981810018194,0.3065627825854949,0.45653022240550717,0.3295950078836023,0.3297194507878214,0.2803659503653718,0.9285096192498942,0.9176601639188617,0.8368129417032041,0.7429645581735893,0.9161422987230752,0.3515436248684106,0.28992517257837247,0.37419627748245504,0.45313408399302485,0.3421091846539183,0.3135128657145073,0.3286993746880068,0.36908597126733933,0.3334771890526155,0.33922050961369554,0.6674653049281108,0.5871324623001986,0.6433371257822404,0.6353906499816679,0.6269617224007645,0.6574580038035278,0.6437923765896504,0.6268630816249814,0.6357984656683495,0.6180342098402957,0.6198438986576316,0.6233818615347702,0.3064283409138354,0.31592829193632294,0.2827061643108275,0.4627471733244657,0.4718280270633531,0.4231116123701263,0.5497434557706807,0.5268046036141256,0.29837718150474823,0.9212261969109753,0.8348732254069954,0.476844254133075,0.4685778727026422,0.3877113244163591,0.3982048685452121,0.3539273129709651,0.46349523968213024,0.42316909873019665,0.5953929147095265,0.5167982803468758,0.5073995868083795,0.3378619125703726,0.34352508133589876,0.38407668276766926,0.2851852719874549,0.46943457271315725,0.4889629354925421,0.49198036099932874,0.9145334895142027,0.844663581247762,0.9084314613936205,0.48407088607651794,0.4695138421843358,0.3835552541861404,0.3791742221318089,0.5760895854967948,0.5883833102177314,0.561025747035819,0.4752599016057342,0.555737193034663,0.5740956217598109,0.5813778352600271,0.5487458582258216,0.5588975142222269,0.5483893392824867,0.4554426378950848,0.48081135435413436,0.47669555188082885,0.35384872390004435,0.32659350521953534,0.5563982062357788,0.4879637285758615,0.4710613220250313,0.530349043794443,0.5434644407911674,0.528862833806413,0.5181380364944868,0.5008301755390258,0.32636378415055844,0.3285142085544834,0.3069974826952216,0.44761720158666385,0.48704728207176623,0.5398608218590666,0.7476558358347328,0.6773432461373082,0.701206986937998,0.4724280736049075,0.5310246256655574,0.4783449908631839,0.4356247695795794,0.2457439600878001,0.3644051675933022,0.25698798133125234,0.41531902768500145,0.40412174700335496,0.5093278548645275,0.5295494411290503,0.5200174696949718,0.294554214704787,0.4723792340310618,0.3578458502803601,0.321786256906116,0.3432570719248663,0.28123569947893406,0.6282214367835759,0.32501431969723044,0.29482758269374415,0.5153357021568479,0.5208130614192752,0.4782130050076494,0.3273516739188508,0.38518928600178315,0.28338059908421803
0.2590814149599742,0.2566699464775543,0.5364625188460276,0.5118565026101348,0.3551583713895984,0.26795551663723716,0.26060274611704304,0.26579263377918144,0.2731494637410381,0.9897400525602871,0.9927992018888319,0.9838020880145096,0.9504246790642678,0.4916763100508819,0.3145409477851756,0.2860911682009396,0.3421814940336593,0.36512919883860423,0.26537727110251863,0.29724196447181195,0.3037392209809574,0.20974571938628664,0.46626466027909946,0.5314460817197824,1.0,0.4522094919628106,0.5107517108773668,0.9962722334690353,0.9714308628286624,0.9404090654813498,0.45829543242603493,0.25033338851247017,0.4698419211877468,0.3051756991092115,0.45983577340473136,0.3126370272686752,0.29200312144576124,0.25042507310107615,0.5070178111429078,0.525271509846621,0.5011153159959851,0.37473576503881295,0.45585440957130574,0.31110916899265895,0.2733076997792446,0.3273073781444415,0.41218766515439365,0.34264037156939164,0.26464995972538513,0.2724564100728337,0.29348653457034,0.29795718085467743,0.3144182193125374,0.424814540011965,0.36573968356030695,0.378495903883834,0.3800359855304824,0.38548890267052205,0.4092376402549849,0.3976826744045576,0.3626829595342478,0.3742344633931203,0.3895248373422359,0.38838793931768223,0.3823360361795647,0.2805116679731064,0.2765610203729536,0.25068524233333567,0.9746338100187237,0.9868280742756098,0.9553043654544335,0.9562222044143747,0.9102264738930875,0.2561170109980675,0.5051448811146647,0.4578328945675904,0.9903503991373024,0.9010649601345398,0.40036668607396364,0.3858959095133484,0.3593545391410049,0.9642149757060399,0.9494695298757986,0.54935947344212,0.4890155761987858,0.5138422810399385,0.297898738509364,0.30433143954473973,0.31773733924505354,0.23594859013661473,0.37570648994012196,0.9922946792514155,0.9100333768178573,0.5280471477013939,0.48438863026689105,0.4670977984572754,0.9931395736626275,0.9604167019949308,0.3399507581272926,0.3407619908787068,0.5650971445392713,0.57632497986419,0.5339574131948589,0.49729723401971065,0.5505069119589929,0.5578606981738806,0.5673582846286027,0.5409403806366051,0.5490053203817212,0.5088400329519278,0.4709984688437959,0.9912192395082855,0.9436519618636612,0.3195541647937372,0.2923295488732334,0.5372444246461794,0.9888533388794215,0.9191515479208365,0.494542368389081,0.5103049007786965,0.4970680918801522,0.4936674632009133,0.48347063212694935,0.2958867819310573,0.29108790161401016,0.2826418928242125,0.4152683066857824,0.9915655230712574,0.530483496269697,0.6805920406638368,0.6205722951946689,0.6791384786431431,0.979119633315433,0.9933412763066692,0.9856184061086587,0.9668460983545677,0.23126446433953207,0.32890119624043995,0.2439391141397455,0.9495896904399923,0.9278398315976611,0.4752954063792023,0.49792589860681014,0.5029205543433696,0.25614333310143267,0.4557327798293816,0.321974445389461,0.2808441994505111,0.3089875288514032,0.24422065906861154,0.7988940859601452,0.2869828014091257,0.25630408452410125,0.47846999776518123,0.4944638702179041,0.4538978488638659,0.287686787574985,0.3346993459094003,0.2648756200028593
0.34215027284219046,0.3360638749724093,0.7788307593309162,0.7405457488337146,0.70527213771928,0.41832787729461746,0.4241430323242775,0.43173458603330245,0.4447806042378671,0.4580207008361533,0.4280081426594741,0.3957267331900984,0.3579550689601058,0.6363436132703434,0.3827524594486436,0.35847763235954616,0.41407083791109456,0.4431197650647453,0.34391741674597787,0.37843628839343646,0.3822862029067836,0.29277223118933526,0.9686400086013291,0.6660152944288845,0.4522094919628106,1.0,0.6469878022937804,0.42656488816758614,0.39436284409183,0.3549958108251401,0.4305754021866228,0.31401519298434494,0.4608614215084211,0.3272153795445013,0.45015185375161054,0.367161127696677,0.37096349657301686,0.3086998567099634,0.7144081754326832,0.7361819690971603,0.6422608946251663,0.7137469275263362,0.6200260305620372,0.40645445430412624,0.3150277053788363,0.4271362055644212,0.4723562225092841,0.3783360300500658,0.41215002398095335,0.4367626131720969,0.49797149938750196,0.366721479749619,0.3641929105886267,0.8163382189759745,0.7747327707775449,0.7946621996534264,0.7962789045182757,0.8153162323442731,0.8313638078185368,0.7979983376759799,0.8064858636411009,0.8152350021863569,0.8141491625235596,0.7965512544338255,0.8166587064608921,0.35137796639927193,0.36140463519656446,0.3178892684093412,0.391521831958346,0.39667969606165454,0.3558622744553991,0.4679895003772963,0.4470622700724093,0.34859655089772984,0.7094176425028287,0.6067601804459705,0.40290294892284656,0.3941899732084977,0.40536622745427453,0.42161759067019605,0.39148765802533714,0.39038255125681287,0.3530631258791524,0.5054148733809366,0.4852396487792481,0.4335547233572448,0.3742628058695051,0.35870253662097606,0.5178065708011567,0.37727091492425746,0.6719626147770817,0.4119258591510306,0.41599925950723754,0.749249312590969,0.6518472173494675,0.7333487636513493,0.40965146802379826,0.39336862384836974,0.4325131832119593,0.4289608973969745,0.49586667552045954,0.507348918869803,0.48050470650746374,0.40755177505840456,0.4735529318743251,0.49061706800067684,0.5007352831346638,0.4716598365211961,0.47980984112207903,0.4700467005110818,0.3869650656727596,0.4077457648245574,0.39595311516195963,0.3850726797577395,0.35987484902065225,0.4851670685380867,0.4096163578199516,0.38943538673504663,0.4928536720620136,0.5073515646360166,0.48982224788170814,0.4479307156652891,0.4347267418935703,0.3513045711319619,0.36411283107172676,0.34274466205608867,0.4095619060065934,0.41413449336827535,0.4728769469896504,0.6156293115574036,0.5582467034606499,0.5894036243671036,0.40069863943677314,0.4528780273837107,0.4051264052924303,0.3689959999759226,0.3042144908305141,0.41143357093491073,0.3051909056321784,0.3471362648433323,0.33701742690789044,0.4797631290332592,0.4863990708319617,0.46856176956303813,0.34564320659490533,0.4309962375512246,0.39370640471680823,0.3638702173766116,0.3916207118876484,0.3221182346239808,0.554135329529933,0.3695024725543866,0.344916540505779,0.45888636484894474,0.474821958705905,0.4629026362738368,0.3663407814135001,0.4444733460340778,0.3393114594601157
0.2859807307167403,0.2842441043246871,0.8897543128364839,0.8961516934385569,0.6981569095936321,0.30210060053596627,0.30051881114014817,0.30888695956869683,0.3170740274452235,0.5166242421423354,0.48467149345833094,0.45008726939435156,0.4110432113411332,0.9797764441909165,0.335541089829291,0.313779541212669,0.3605850209329084,0.39103066571665906,0.281258345770243,0.3204771279734601,0.32798117208954375,0.24029443232231595,0.6726150497542088,0.9865560544439188,0.5107517108773668,0.6469878022937804,1.0,0.4834754035522846,0.45279741273016577,0.4117103043343946,0.4543889031173788,0.27345424632949605,0.44145438154123134,0.2954611382047728,0.4374761450842644,0.3152004057033534,0.3175165871672305,0.2713615692934682,0.9134898951213055,0.9009486243845085,0.8164900719498683,0.7276485433463994,0.9250920439392816,0.33779081694935853,0.2807274053345343,0.35882300547553203,0.4352006500147576,0.32706171608364626,0.2979528338529296,0.31160659382184963,0.3510860160630149,0.3213199725568241,0.3280556327394289,0.6478995688302228,0.5689450465255962,0.626157748142569,0.617684011508465,0.609031910459299,0.6397295626819065,0.625542070216256,0.6100836383575041,0.6189698573619977,0.5993536503560912,0.6008896783757459,0.6057028598382207,0.2934788409991614,0.3041964534095705,0.2738760877411591,0.44316971870905586,0.4530120214083285,0.4050286566056406,0.526092059180787,0.5056764834038344,0.2872054034396205,0.9072421581844146,0.81684420657108,0.45811040624234217,0.4507009755933387,0.3704566838761893,0.38151286185547834,0.33799161113857157,0.44621020079109447,0.40703058614179904,0.5760064871152877,0.4946679228417641,0.4925471176875756,0.32545274750356423,0.3328420330380269,0.3664717175312927,0.2711192200652646,0.44758069345353674,0.46980731680650356,0.4741208457156905,0.8973979816736264,0.8258682068137208,0.9006005380353924,0.46450542639245357,0.4515668837613111,0.36889754104995587,0.36448150228982745,0.5564988662297422,0.568044783515314,0.5418640153956809,0.4594672186195026,0.5362545153972377,0.5540050659937539,0.5610715107199293,0.5294666948503929,0.5399834425423142,0.5294432201751905,0.4391097720475189,0.46171507184691873,0.4588609116400303,0.3406489024304054,0.31466006171285554,0.5386262531612525,0.4687119580183502,0.4530000667693572,0.5095279296586925,0.5205267510291096,0.5067416732347962,0.4992325823662593,0.48053437967678825,0.3147097382785898,0.316662547214353,0.29619293718121265,0.4346739087144353,0.4677107141168484,0.5207062282415271,0.7201563910643729,0.6493505022252034,0.6733034327070547,0.45281501280942715,0.5091305472392814,0.4587864681339984,0.41675030131828517,0.23330012306441536,0.3499028169773497,0.2448613876373184,0.39772020949833403,0.38729723735599403,0.4883640016283952,0.5078712027688917,0.49592168883009696,0.28407505269610195,0.45153823380998537,0.3442978052484515,0.309739339432159,0.32947164135077617,0.2724638187960235,0.603465300722522,0.3128867501203104,0.28378083675547844,0.4940174754106529,0.49857963551422874,0.46042664953907414,0.315492030748371,0.37037559680924714,0.27120982759486467
0.23900263792427948,0.23720757872087622,0.5050345993939591,0.48165750446625816,0.3314419516866037,0.24775978866451917,0.24114018346663152,0.246940340902104,0.25316788959053926,0.9817770451392425,0.9903738464717803,0.984998672756305,0.9532527283232725,0.4654505229532231,0.29190284706573205,0.2648098188977272,0.31944171131573795,0.3406640347523533,0.2459219132406944,0.2755339938658329,0.28153896410782264,0.19335181429909637,0.4404344765722366,0.5028806737710296,0.9962722334690354,0.4265648881675861,0.4834754035522846,0.9999999999999998,0.9811646928773985,0.9456822876259652,0.424827426285339,0.23132127477733694,0.44476120707975875,0.2864580370788788,0.43584867384561093,0.2929143603037211,0.2700437798225065,0.2314085491434203,0.47674821590648786,0.4946579412473397,0.4714352911662793,0.35028233082262006,0.43121021063156645,0.2891939021466865,0.2559331015013963,0.30470735283235756,0.3873496901931324,0.3224529251445728,0.24435414387350007,0.25244402180241376,0.27306672267994814,0.2763185353360663,0.29279154451370826,0.3988545249278205,0.34340022112555213,0.3554202813264455,0.35631498997093664,0.36176185268779193,0.3842146366562889,0.37310274493911694,0.3403894921223689,0.3510406018229641,0.36600943189481555,0.3645673148852175,0.35954625667291196,0.26122210308973626,0.2553416028476441,0.2318452491651591,0.9741933118062295,0.989089825813072,0.9582444199547993,0.9405487110285204,0.8916347409501781,0.2360678599501151,0.4750917728989923,0.4293528640658145,0.9965051838341601,0.9119745313311435,0.3796372922713169,0.3628538045275482,0.33945468464556405,0.9750791693279323,0.9568600467728599,0.5159303568691177,0.4581980121917805,0.4887071861213571,0.2757832107046713,0.2814983653221756,0.29572086911769313,0.21658008945266777,0.35458064795989874,0.997309126527091,0.9187208639651788,0.4967591694021022,0.45454362836223744,0.43928697424530666,0.9971756365861921,0.9717472209505847,0.3171149003100583,0.3179823209205694,0.5339176139102471,0.5438190280953008,0.5026327522794076,0.47359982644875226,0.5205789477423145,0.5266762588571956,0.5357323515702278,0.5110679387247137,0.5187050051961793,0.47729460547252717,0.4481373212046848,0.9957096419528052,0.9528191324989053,0.2970588670865525,0.2711166991857601,0.506569168837648,0.9943377939563546,0.9295331885545386,0.462804863566052,0.47729675473201283,0.464797407306303,0.46219023891968347,0.4530748647279869,0.274882513537468,0.26985238374619114,0.2630438657022575,0.3919142873739985,0.9970248096706904,0.4982894837081807,0.641432415990112,0.5840772181070943,0.6405638502175884,0.9782141590845286,0.9868102712175939,0.9855688093973621,0.9709027294413493,0.21381204087145175,0.3065875611213805,0.2264519388994152,0.9569290357511354,0.934070387514217,0.44397553951877333,0.46566358462175333,0.4670850920008898,0.23576710439297185,0.42278276086433164,0.2987578672580423,0.2593228552954976,0.2876065652779624,0.22570662149031323,0.7737872844378508,0.26555446416943207,0.23620910684169744,0.4474794375031357,0.4633244314401769,0.42483143141706686,0.26578726810761716,0.3121032760613375,0.24611714775025484
0.21096474641440627,0.21157325513296316,0.46463080945234975,0.44233669319336033,0.29522936968210095,0.21772806407349038,0.21115271224341003,0.21881861670515004,0.22322301857467827,0.942028952803537,0.9570671732566877,0.9524032022323864,0.9051587873618928,0.4357048721172321,0.26004756624747166,0.23513254604811054,0.2841212377522324,0.30321731452439993,0.21417491299928057,0.24327913471136114,0.2501416738774795,0.16828981032553061,0.4065408312856133,0.4713767700975355,0.9714308628286624,0.39436284409183,0.45279741273016577,0.9811646928773987,1.0,0.9069451653553909,0.38238802533521654,0.20675553611829553,0.40398158895982605,0.2509454134781398,0.39636818278534075,0.2603021737486302,0.23902558691516268,0.20582261711929417,0.4382697544559781,0.455482743490826,0.4324776285393318,0.313797736059612,0.402721733671338,0.25463922896745533,0.22550552334140236,0.2700380592647654,0.3470979849020394,0.28820855171015414,0.2144050291375168,0.22263406319466397,0.24170910147125213,0.2454155996359579,0.2616468844647429,0.36061409570025565,0.30917526657676875,0.32069928934920705,0.32140045045725246,0.32671043687591494,0.34684532127572665,0.3365652369864615,0.3063348877764519,0.31569362262858175,0.3308167834435959,0.3292507745615642,0.3251230445799031,0.2301839554649162,0.22519227489271,0.2072126225808364,0.9332662137711324,0.9589816315536812,0.9152282285712839,0.8848444889102504,0.8307993694051862,0.20787647582543653,0.43693879793613555,0.39224149611527814,0.9854676722191079,0.944245248887558,0.34310130634570135,0.32517575466692805,0.3035329047269735,0.9916695982083699,0.9197976532590619,0.4763063144104291,0.42007647320557695,0.4516587323747226,0.244729133623249,0.2512918121075147,0.2631936952718962,0.18664299152511682,0.32438696412775153,0.9857015169606087,0.9497108663143788,0.45647338786560065,0.41529709041362844,0.4026579127594697,0.9806982772732091,0.9926724329695291,0.2812565599205068,0.28163815333234193,0.4936486162534461,0.5029301001275905,0.4640692162144319,0.4387582823460607,0.4828746113961547,0.48733097251660035,0.49601795640828217,0.4731952619149195,0.4798506617959088,0.43903200100665435,0.41684736406924044,0.9786081104997303,0.9735991840029563,0.264921327673962,0.2408358343096828,0.46689564127840394,0.9868652469764536,0.9603052763439496,0.4247302874033722,0.4372055913843924,0.4252673790478396,0.42798906172736045,0.4190315249326573,0.2433651053056641,0.238882574055537,0.23552613880501544,0.3586897308944727,0.9852935518385577,0.4567592786369753,0.5954486150595014,0.5412491605676104,0.5930343876850708,0.9369955350736024,0.9508450582947529,0.9505816370222134,0.9354616521978921,0.18574484087976956,0.27183953551729073,0.1970503446004951,0.939156275374287,0.9094229448960622,0.4046588974725044,0.4257760029056413,0.42180958232352656,0.20823122608995498,0.3799634305672067,0.26628910085997676,0.22896341864826944,0.25298188104045644,0.20008711076326438,0.7557043630048838,0.2349066364685957,0.20802306812118584,0.408821475820584,0.42609590267362907,0.39034591586805745,0.23567920901464262,0.2756992468730583,0.21731235377154648
0.2052341817242496,0.205360909291749,0.4287024207041406,0.40958398873654284,0.27619141486412135,0.21539223518359987,0.21375431156104255,0.21603146427268088,0.21853738705508335,0.939493190264707,0.9510508640090327,0.9525987022200804,0.9580497421041622,0.3966470622952186,0.24995827803700427,0.22767665987303243,0.27475675758080226,0.2916135687583635,0.2095035867557861,0.23617809264746947,0.2412680842546823,0.16623912545754396,0.3700000240654697,0.42736723865482706,0.9404090654813497,0.35499581082514015,0.4117103043343946,0.9456822876259653,0.9069451653553909,1.0,0.35160173340730444,0.2004078172178682,0.38436374062511997,0.2449443712507071,0.3771646669154849,0.2530865959488043,0.23274837836651047,0.20114967728857,0.40411873439796187,0.42013467342543487,0.4018969724933474,0.2943145337648768,0.3658609385053884,0.24376913938752684,0.21928450990080234,0.25926713768137966,0.33327214377887776,0.2783060523510484,0.21307038891331806,0.21988262886350815,0.2398700847779375,0.23703619854483732,0.2557288829231515,0.3383878959127096,0.29065023787303484,0.29925204425072494,0.3006340976751496,0.30582690556408365,0.32450949356939435,0.3154902131063663,0.2870763192129631,0.2963722861021758,0.3094511532811903,0.309272685918425,0.30305203333710556,0.22329144846983873,0.21957064056210163,0.19868750885877273,0.9572114621201495,0.9570884911086014,0.9513566803403875,0.9064028115163245,0.8638547840370236,0.20332205219715185,0.40309940473602784,0.365967049848908,0.9478205751189597,0.8215165909003864,0.3291509415315242,0.3118797863440373,0.2975475981461224,0.9000187350751037,0.976625033908992,0.4302738261533654,0.3815191195443722,0.41628546501294766,0.23643004346453148,0.23839623751794992,0.25591907224249394,0.18926897736578657,0.3065606092029078,0.9423696222409388,0.8217953847360006,0.42170495796343893,0.3876726107608877,0.3713394288461278,0.9519517732277858,0.8918962619496509,0.27046925108281994,0.27179732126696887,0.45051340626058445,0.45867862459484704,0.4186089342666871,0.40215115066067203,0.4389823400366608,0.44379270649276703,0.45196590621813215,0.4291651753595537,0.4379740383269736,0.39655320570124153,0.38071050617132063,0.950788394640986,0.8744934289526543,0.2543209957050361,0.2320017284436144,0.4266356621386563,0.939703982590735,0.8442620317650844,0.3904227720041167,0.3988315417099256,0.3880312811616342,0.38286837617658676,0.37566392697812034,0.2374118429941859,0.23163101752429585,0.2304978802885764,0.3350176398760561,0.9444771638078299,0.4255360458209274,0.5574959884862383,0.5117466651872722,0.5629945118532769,0.9581015666320313,0.942098787464454,0.9563766828921395,0.9519980795030476,0.18552555715302188,0.2622884050159161,0.19501553346676667,0.9107507727551535,0.8930243806632229,0.3726924742900497,0.38943144608048946,0.38906710614712375,0.20292736164132893,0.3543452487553023,0.25459927685830763,0.22341264209855016,0.24677840403358356,0.19536859097019113,0.6682398196843151,0.22799726691109395,0.20469972381614568,0.3720730627377859,0.3862037755856667,0.3557007959800406,0.22787908169745513,0.265216175846859,0.21197676340128363
0.37609927729879616,0.37722373439054685,0.5125513485062875,0.48504760267618435,0.367570175555741,0.3699547864097436,0.35601188753747487,0.3450994108635843,0.36394461959861446,0.4757294672525343,0.4374460213747184,0.40551125470197963,0.36270842528967034,0.43878517590545935,0.4272230838579291,0.3996827523556862,0.43178177928732986,0.45608654425056455,0.3672076402159584,0.4118800032818983,0.41886813184285737,0.31877746484815905,0.44858524021129115,0.4769336077286559,0.45829543242603493,0.4305754021866228,0.4543889031173788,0.424827426285339,0.3823880253352166,0.3516017334073044,0.9999999999999998,0.3675113385000287,0.4859327547647764,0.3669244697662861,0.4553925622376937,0.3906583618852512,0.409535415899228,0.36190887622310597,0.4816863413150731,0.49684879566264745,0.47735159651511605,0.3777871443802733,0.41802825809013056,0.40851547926680515,0.36459413642139504,0.4198251633218513,0.46427996006974237,0.4028795610262269,0.36914504368667267,0.36697930021556313,0.3652903038165605,0.4114476344156713,0.4161202199278241,0.430868949409072,0.3675852314678593,0.37880725008472116,0.38582731765633804,0.3899053370209162,0.41203586472705184,0.4051599883270276,0.36074539319941634,0.3738579545717003,0.39123762821497604,0.38540189249708584,0.38101011073960034,0.37709145481357403,0.39638813553057967,0.365678377381967,0.3997297812342121,0.40261676145099523,0.35867790381140485,0.49240136374499593,0.48462358451870075,0.37984881771256673,0.4800843828173891,0.4467367692072957,0.39623401701419797,0.3713325005396585,0.41328944696996583,0.4406621391066589,0.40416394769528424,0.37146267889438367,0.3498273192748645,0.6333739421227433,0.579745594728502,0.46326624343135664,0.41639854171424945,0.422240003654695,0.39810856382264287,0.3444305946330739,0.3718084351001775,0.41170291881066545,0.39215572254952596,0.506127783103318,0.47176214656390575,0.4419508325163455,0.40838053138307895,0.3756344753555502,0.4235098100215631,0.4239608815807295,0.5713094537007373,0.5981151441403986,0.5699837901514396,0.4270492031459865,0.5376259104760014,0.5649744133251623,0.5783346045393568,0.5374134596493065,0.5456880525211157,0.5542841418093986,0.4076305911899602,0.4017630272619625,0.3852623862292477,0.42514942051104176,0.40466128587879857,0.5546079400998087,0.40756625388654033,0.3695065031187137,0.571331791025981,0.6022010859128906,0.5737435842583752,0.5921282403267404,0.5600077128213022,0.4020684118711536,0.4053875469263091,0.3887096512217587,0.4390443526956177,0.4080508218122603,0.7011593660109308,0.6384649709206742,0.590376678707191,0.6278697666829784,0.41014417393264213,0.46683802365867527,0.4129912300393191,0.3703436310558396,0.33896224493746335,0.4237572251582218,0.34281096292076785,0.34287103812524883,0.3311664113998786,0.570934278736775,0.5757268890213848,0.9839653401205442,0.380748768564426,0.9294113188197335,0.4366818523155924,0.4035489249749345,0.4049292628633363,0.3553944182715194,0.626230640275578,0.4050064720749707,0.3805533350626949,0.545918082017116,0.5572207884052867,0.537722807517933,0.4093902519362185,0.4197078185402524,0.36751516015594554
0.9622806116001861,0.9739392770428444,0.3542193391211991,0.33194137875314783,0.31306606525835445,0.8500566795914322,0.8096523963993126,0.7586166014245769,0.7938538054834074,0.25647027661502103,0.2364418310921999,0.21752015652518303,0.19481017905467687,0.2689168414880042,0.9472926093650845,0.956370496857799,0.8108722353253589,0.8507790467643869,0.7362064570039413,0.9323457983176571,0.942752748916549,0.848089782543752,0.32976497449266706,0.28217837202941887,0.2503333885124702,0.31401519298434494,0.27345424632949605,0.23132127477733697,0.20675553611829556,0.20040781721786824,0.3675113385000287,0.9999999999999999,0.6653802219965768,0.6542238285980736,0.521390607299906,0.692699879290247,0.9515494614317204,0.9841823579882966,0.31793391866718856,0.33506917412754905,0.32341567243915237,0.32066889580968755,0.24714499552764063,0.6103815903437078,0.8553623893164994,0.6722770731929545,0.6832091990715162,0.6737061291764167,0.8553117216320094,0.8112961661570858,0.7277593266422266,0.9526201885179546,0.9010583265346989,0.4312243525281342,0.38567171025519087,0.368965163139483,0.3853407291397791,0.3849677338982353,0.3879053672306615,0.40353377522747563,0.35255384215428637,0.3642142104085557,0.3916420072256446,0.3903813798076411,0.3752681940880758,0.7569149575944603,0.9532592520572181,0.9871607173172067,0.212621066837161,0.21671601690035125,0.187057273308267,0.26628992945577706,0.25532354898066817,0.9555985893815867,0.31998557726682914,0.29961076701037,0.21528351742858354,0.18754937707695177,0.587582016974874,0.6878964683079601,0.5789751610274557,0.20116167149871375,0.1836051398349019,0.41766522971058145,0.6648749023389904,0.5038292793554767,0.9536672577069815,0.9588242206156236,0.7947536023184241,0.827496510283121,0.47401661739839046,0.21968362568950842,0.21256758902129308,0.34425659832946376,0.313921066341035,0.30710913376991805,0.22020880018318842,0.20419240243492737,0.70704036213151,0.75383006918976,0.4867176894184794,0.46312775191772537,0.39989817682703194,0.41016646032755627,0.42400747535531086,0.43849430634003644,0.4458118503123077,0.40584371786354273,0.439787390241056,0.36558831502059136,0.37365233832316197,0.21639749665416128,0.20388305194796294,0.9455598846353337,0.9518955935702825,0.5854286451105761,0.21799592697112583,0.19464841384101342,0.6180874270101145,0.674588360810872,0.5954380201064965,0.3388681396007142,0.33304847530685167,0.9152567418827204,0.9542672362317984,0.9105271377047129,0.773200076499562,0.21910269896171491,0.3925002373829075,0.3383305021293371,0.28063780926001186,0.3268677815079574,0.21927254705503435,0.2528034228619636,0.2229959515761259,0.19826598529189113,0.7364329459061937,0.8078502177303174,0.7578351491373201,0.19042533441154652,0.1805788215386644,0.7364419248190344,0.5722497034213753,0.3881724025496871,0.9644316784400129,0.3775158307298613,0.9401366884086052,0.9561511455263005,0.7219711626151099,0.9642519672147475,0.3414688595070572,0.9514805587743744,0.9589865584824925,0.4379326095789886,0.46600735391621817,0.7269736623954817,0.9591123146363293,0.7240065342389527,0.802376491750686
0.7548422369215799,0.7171405103046556,0.5889706004639095,0.5564835420583277,0.5195527157859753,0.72294309076127,0.6801962545500403,0.6597037031047104,0.6782833647877154,0.48365217147274353,0.45293973155801515,0.4279394335655475,0.3922640014604678,0.440092683093732,0.7734630035548533,0.7555988306288081,0.9424219153541651,0.9336856676768747,0.914590894171114,0.8361451094675283,0.8109966444135412,0.8298049434477968,0.48971028584655624,0.45989818100181945,0.4698419211877468,0.460861421508421,0.44145438154123134,0.44476120707975875,0.40398158895982605,0.3843637406251199,0.4859327547647765,0.6653802219965769,1.0,0.9270870002100602,0.914714152608037,0.942145367401407,0.782150658409331,0.6814377049102528,0.5379937768780386,0.5648666455111426,0.5418365396711602,0.5334871485910669,0.4200355341360139,0.917062995550523,0.8397776637532646,0.9403938514054386,0.9853481339702168,0.9638918666389068,0.7182397295529582,0.689538187758511,0.6693868754215119,0.7641719095589561,0.750624777168073,0.653722232766725,0.5974225300105396,0.5829112281988321,0.5968609648318598,0.5952417445262643,0.61200314094388,0.6170976448420878,0.5537597251429497,0.570231228443395,0.6037297799199112,0.6083085699930085,0.5770708671129698,0.9300148730268751,0.7766259852556068,0.6861117155425909,0.4210559253398043,0.4261594696410071,0.38436461045746706,0.4997350246733367,0.47727199218244953,0.7659725220884203,0.5410424421409605,0.4919495211016502,0.4195623320351479,0.3813718486517104,0.9503229569904227,0.9841302703654518,0.9324979330221502,0.3997737310081633,0.37299588023769037,0.61014840163418,0.6583164373424746,0.7480393757579112,0.7752279784579974,0.6988351807627775,0.7463900921530344,0.6638454062680944,0.6133940273111654,0.43133610458566407,0.40183824842479654,0.5762729626740767,0.5445645454940948,0.5178693074107026,0.430473388679569,0.3972137354569428,0.956975951027022,0.9566362447210961,0.7057145260989188,0.680335773671614,0.620974038425437,0.6427987342302419,0.6633283143822547,0.6631988472601393,0.6698788696669058,0.6441737471904477,0.6681835959941785,0.5842639317861165,0.6152639607282315,0.4220321968098873,0.40207438876545687,0.7891989061487377,0.7548696639872514,0.7178138881622039,0.42472257469222513,0.3883892286131087,0.6437004225340799,0.6828518845235321,0.6366723654483183,0.4928829316609984,0.4818629153151892,0.7789823203686543,0.7638012058412444,0.7546273181227533,0.7336454257913823,0.42566117910437123,0.5210041287110447,0.5870603232773175,0.520688733021835,0.5866511945829572,0.428280855882427,0.47729616788946794,0.43418333705311823,0.3978078044335098,0.8790141596125545,0.9380382953886912,0.900618706793057,0.37991922757918706,0.3642487429719884,0.6945032723286176,0.6255062980899547,0.5169722670655685,0.716004219013956,0.47606248626639636,0.8145245159819972,0.7673920053791131,0.9360209411684554,0.7456374068187029,0.5614759128394562,0.7878848489490298,0.7516900182505131,0.5550194170515821,0.5677410407568918,0.6580977526556535,0.7522124147397231,0.9493181525420632,0.898104370421076
0.7419263284086018,0.7039350571911239,0.43415377424896245,0.40699418296748313,0.4085657173306892,0.6909665004715307,0.6431609488439846,0.6163853177935535,0.6340631148530727,0.3173130768915357,0.29356452380554154,0.27721250374082623,0.2534961428865162,0.3007387272036612,0.7456404135037136,0.7349741468548355,0.9160980874562793,0.8977338278884586,0.9060683905581653,0.817990074962695,0.7887731212803887,0.8340382635042901,0.3527546836971198,0.3065627825854949,0.30517569910921144,0.3272153795445013,0.2954611382047728,0.28645803707887874,0.2509454134781398,0.24494437125070712,0.3669244697662861,0.6542238285980736,0.9270870002100601,0.9999999999999998,0.8210981804670057,0.9282119024510378,0.7602643303546478,0.6731706073902164,0.3882262694818812,0.41227111509154196,0.3958159493053282,0.4188647491440684,0.28653654904273484,0.8848704961534671,0.8474462609341965,0.9045655433732405,0.9320784487891749,0.9292400156387383,0.6872153407585265,0.6498034899000527,0.6135769487079025,0.7406809171443419,0.7199522284508264,0.5333801532435628,0.4929878105637187,0.47360927490019594,0.4864585638551037,0.4837068278693224,0.4931504652775506,0.502687709242424,0.450154908762085,0.4623618793756934,0.4914046944113997,0.4969247255802189,0.4667234321326766,0.9247221610594925,0.7598045132810776,0.6760465334511474,0.2718137522679575,0.27435207309643583,0.24561183159614,0.3338917156268235,0.32101355855601305,0.7528955607486482,0.39247869518417383,0.3554038518268215,0.2653332330063311,0.22953165293108202,0.8843478454124093,0.9424171547403807,0.8935817736257579,0.24878803513548894,0.2359828313272383,0.47056715436055185,0.5519173059116877,0.6322191899960324,0.7511450989716909,0.674365171024835,0.6915812488946863,0.6354681337253215,0.5119347108900414,0.27455128915916627,0.2480153206700159,0.42216125476512895,0.40180281479094215,0.37888786829913873,0.2751086570932088,0.24515998286362975,0.9297627781213798,0.9304030082688152,0.5722920050186581,0.5409625958295299,0.4878114145956308,0.5341709302725145,0.5308747971739499,0.5277323930158647,0.532611939948253,0.5118952567225863,0.5374096786298633,0.45131022461776416,0.5052676628516016,0.2673148170326756,0.24793928005094995,0.7602855803782317,0.7332780031628717,0.5986813349989106,0.2678214911812534,0.23790996283430604,0.5292490561526828,0.567009227323442,0.5178065703426002,0.3684580045257301,0.362793232248807,0.759060191621825,0.7435612438813928,0.7307788121555446,0.661540365860452,0.26933980794849444,0.38578248691695816,0.39929339975692263,0.3442817422092393,0.40103212403925953,0.27744432563433674,0.3123641191002508,0.2816962964104506,0.2552196754124188,0.8740318119803862,0.9147452171122569,0.9189321997345216,0.24431989602566984,0.23158554091633488,0.594191619537743,0.5054428507068187,0.38817712348462097,0.7013465243137001,0.35815677777290583,0.7865299688755362,0.747140623709634,0.9156917760404604,0.7413658194808729,0.3873361113964406,0.7687628101297606,0.7389410184435609,0.4320541961468088,0.4431085334068573,0.5646947214812198,0.7304947411759133,0.9209285003666071,0.8857729408337304
0.602663577585756,0.5680004038253397,0.5834089537956734,0.5537836398478869,0.5171873128538834,0.5957380836995093,0.5618059118688313,0.5488638966510522,0.564864799132134,0.47588947807580706,0.4458480890537523,0.4214038903159522,0.3884051483940857,0.4341875742612638,0.6244764885967096,0.6045826404332959,0.8300880545089813,0.80768725654478,0.7998132850880995,0.6898772231109281,0.6634953271167987,0.6851053337455602,0.4797419193003746,0.4565302224055071,0.4598357734047313,0.4501518537516105,0.43747614508426447,0.43584867384561093,0.39636818278534075,0.3771646669154849,0.45539256223769364,0.521390607299906,0.914714152608037,0.8210981804670057,1.0,0.8652422235517747,0.6333308387038391,0.5354543070572478,0.537583673465234,0.5618541440718839,0.5487143201168283,0.5302326028458823,0.4119751469824053,0.8304378404619538,0.6904041602750787,0.8500710326810301,0.9046622917685709,0.878254100213933,0.5902311934690027,0.5726519325604091,0.5688379108571795,0.6134275769570223,0.6063127151305095,0.6245133204636562,0.5707155138231257,0.5606543625045917,0.5721206426149316,0.5698050302798874,0.5881306392915555,0.5905457513264378,0.5340255421758745,0.5503691602461357,0.5795568225794385,0.5823949275941853,0.555250250674614,0.8135443562775793,0.6271350074053681,0.5408838269851952,0.41616687738160363,0.4194305783096838,0.38302493536496884,0.4930601331293497,0.47287001166236164,0.617671482714049,0.5403354588436765,0.49904254680973037,0.4122707572243633,0.379395978693566,0.8943079447771695,0.9002647929342313,0.8903091932221283,0.39380159691820915,0.3692549855324051,0.5328037548037431,0.5675346289267369,0.6410900625478674,0.6260339953157402,0.5542755471458033,0.6328541774375164,0.5400010907317323,0.5568226681523013,0.4230554608341135,0.3960945659390819,0.571795999919829,0.5519206185141471,0.5161735019176946,0.4236049447270722,0.3907923797129195,0.8535438075522948,0.8502843881670141,0.6102303811912023,0.592221687249773,0.5382548042837924,0.5528647519175234,0.5743525837744233,0.5751022117055495,0.5821978664491978,0.5575282008850827,0.577411687761441,0.5065578691319506,0.5310744757913494,0.41559923149983546,0.39814563879209086,0.6395212229760724,0.6036968176824866,0.6059821661523751,0.4184035309898301,0.387294882205466,0.5545336894501949,0.5899104994394088,0.5547390851438778,0.43719676364698123,0.42485784391865583,0.6286430272245788,0.6142087900248451,0.6086253954854007,0.6039882536344182,0.4187566497220219,0.463688346787743,0.573663781976724,0.5102486523974512,0.5732677293032169,0.4221167204480926,0.4681480221759317,0.4269098549129732,0.3932571621354106,0.7628496693457976,0.8171497326308143,0.772465183677066,0.37426579991845454,0.36059061239800616,0.5890822840760372,0.5464820099701315,0.4820421978126965,0.5731576511433331,0.4417097331304849,0.6680076401599322,0.6189679547095395,0.8258486593032667,0.5921055042439061,0.5400229461965907,0.6393775108493992,0.6041858273565436,0.4938506221700455,0.5113429367968101,0.553262831587285,0.6030355005088606,0.8399189187557796,0.7712364465041883
0.777952011868731,0.7426046434791415,0.4644570000104572,0.43437609514610187,0.4426691862534364,0.74475618355073,0.6962027165448335,0.6703871445500051,0.6871895845271565,0.3242294814207697,0.29962002515732955,0.2814823623679611,0.25643815662424374,0.3156647534335254,0.7734850999356085,0.7647758557096915,0.9539951829023321,0.9291062646714623,0.9743559498135171,0.8572262225127961,0.8263177915446978,0.8759652613151647,0.3947396699170093,0.32959500788360224,0.31263702726867515,0.367161127696677,0.31520040570335334,0.2929143603037211,0.2603021737486302,0.2530865959488043,0.3906583618852512,0.6926998792902471,0.9421453674014071,0.9282119024510377,0.8652422235517747,1.0,0.8001682525789412,0.7098330835946466,0.41373651002136497,0.43856751896406243,0.42601904906296023,0.45247290706511234,0.3010835269632128,0.9358264623068511,0.849612548802646,0.9697634108453462,0.9592807161882593,0.9686402089488865,0.7386041544975898,0.7020588122564217,0.6663170756327872,0.7694250188412042,0.7391648353675486,0.5804248839122661,0.5410550389489474,0.517616668729972,0.5330548395149396,0.531597453094006,0.5392790144161423,0.5485286781420472,0.49343633564877026,0.5067267528404615,0.5403271935464931,0.5436887188728066,0.5136345884855669,0.9768754390367393,0.8003573921684344,0.7133597491617308,0.2775921136271585,0.2789936011340176,0.2504259020764777,0.34072361562714365,0.32586218237117465,0.8008520751190723,0.41817281657933353,0.3821422414952919,0.2735822390321381,0.24585400915330619,0.9125480628779201,0.9661130518164236,0.928757738180871,0.258641510674688,0.23967970468698688,0.4415350436041162,0.5535282843760915,0.5917372626241898,0.7883604191008031,0.7011350201161991,0.7493611683291669,0.688663815328786,0.5609085126477686,0.28196894824180463,0.263761342453855,0.4509474783628125,0.43016198072443396,0.40429267873976715,0.28195094026900497,0.2550922281445932,0.9671585125141604,0.9677456018390109,0.5363894542872903,0.5067792459764316,0.4509678028210607,0.48429173343165227,0.489236482632776,0.4908651892575843,0.4967015149863772,0.4712793254952464,0.4966314167838617,0.4157686541103301,0.4577892693267145,0.27527797138026333,0.260101244699232,0.7861892480344325,0.7605010288519892,0.5654484446210717,0.2771045613516206,0.25001845827818503,0.5294337969367383,0.5710033677305449,0.515748673769209,0.3615807596778587,0.3551055307600679,0.7767947445041594,0.7737425402853694,0.7577184917156256,0.6542570794694683,0.27770988428252485,0.39211607683009675,0.4176691256705026,0.3614985648831515,0.42040922203170705,0.28199704545620086,0.31896822913159867,0.2862095965220076,0.2587010772282,0.958047385018618,0.9563754185545204,0.9570295688312821,0.24428999648595937,0.2332760218711193,0.5991460468736249,0.4998534820805605,0.4096039035239831,0.7441081759703351,0.3834809562876039,0.8229095842880848,0.7897514599461481,0.9622299846584638,0.7746845278876636,0.39765406879394305,0.8093781769062868,0.7870164978196769,0.41755379945566007,0.4336143272276829,0.5720854737397285,0.769482971681665,0.9618187807101493,0.9496135303114012
0.9893200775236797,0.9805855950766469,0.4286900641815261,0.4021228001222351,0.38634732205227834,0.9211004801426432,0.8811642513898508,0.8331732249438699,0.8672598920143678,0.2996784093987432,0.2759370563001529,0.2557494974333042,0.23104096956817918,0.31436089466846484,0.9940807053555236,0.9926223227128663,0.9022512471641898,0.9381744685188338,0.836722297639628,0.9911055907004916,0.9967086605298847,0.9186555494250733,0.3914384307323002,0.32971945078782144,0.2920031214457612,0.37096349657301686,0.3175165871672306,0.2700437798225065,0.23902558691516262,0.23274837836651047,0.409535415899228,0.9515494614317204,0.782150658409331,0.7602643303546479,0.6333308387038392,0.8001682525789412,1.0,0.9570701750324371,0.38487473543565004,0.40611980282718296,0.38951404050174065,0.39626206604755854,0.2953495584899433,0.7226780170839584,0.9219066604476841,0.7827836770739861,0.7995106372309684,0.7872286156614131,0.9264939197923987,0.8846278490686045,0.8076211059036135,0.9940972636092134,0.9550734265323754,0.5252606975661885,0.477068304282657,0.4563320758856401,0.47495563747009084,0.4736099277354979,0.47673827542963776,0.49537227220501945,0.43820519353366166,0.44942342455376466,0.4816212083225247,0.48021236485904645,0.46170415327092795,0.8560056990325052,0.998220123501273,0.9570818327364891,0.24942922107217097,0.25425898245855044,0.2203299532907221,0.3116127538018611,0.29810397753347373,0.9925978815325694,0.38699999044337613,0.35756911110661577,0.2508420904309951,0.22024723968406473,0.7036197238600636,0.8013279999191892,0.6938305164057538,0.2330430195712337,0.21698644610933535,0.48983876577252544,0.7236248411103435,0.5885795472787253,0.9983424693931383,0.965891216562406,0.8791015073167119,0.8925923592736366,0.5646850866212798,0.2575951273384172,0.24318609288456827,0.4166294568780789,0.3832582350527047,0.37473036683993355,0.2573398170663435,0.2349988888369218,0.8180297631683565,0.8579932574498665,0.5690866744155609,0.5434730030387267,0.47694255345196535,0.488566733879149,0.505143435289505,0.5198847927318726,0.5273844512998538,0.4865912347154585,0.5205579018390208,0.4406821280027923,0.45090536204296416,0.252410179874098,0.23535906299179443,0.9931922961433052,0.9902334376337227,0.6602938566437456,0.2535098507430342,0.2258384178931708,0.6841542262379195,0.7379702105278423,0.6594997251902154,0.39246044784489237,0.3871811701239122,0.9654623821220818,0.9941159257071525,0.9538401265755151,0.830518192188599,0.255461777003233,0.44113637541916245,0.4011195944533889,0.33980327844263614,0.3906099443701569,0.2576166935677414,0.2958907258408709,0.26198614751537125,0.23237251425179614,0.8290141014094882,0.9023913056258018,0.8507363638817598,0.22187534210140786,0.21117767902128523,0.7970767252306409,0.6385396992797208,0.4349844755203846,0.9756208549944164,0.4120732034883495,0.9953800307158084,0.9971720679529036,0.8279805449990906,0.9776407375580974,0.3971746805615425,0.9979117412330499,0.9908924777929595,0.5083781865021086,0.5284573173429643,0.7824636478997913,0.9945250460267866,0.83370859831883,0.8884053854041575
0.9693843827797894,0.9758911728968505,0.35855727777198176,0.33621367757831855,0.32295515828212074,0.8530218284037163,0.8130143899218444,0.7623173987736681,0.7961664136315348,0.25701226001304633,0.23674895053823072,0.2185169363569384,0.19818559741191505,0.26729948567843326,0.9529254044353562,0.9613468708760547,0.8287872644165417,0.8646930772281046,0.7524858920042852,0.9408428123312418,0.9498252556389063,0.8587884194072105,0.3266173881706122,0.2803659503653718,0.25042507310107615,0.3086998567099634,0.2713615692934683,0.2314085491434203,0.2058226171192942,0.20114967728856997,0.36190887622310597,0.9841823579882966,0.6814377049102528,0.6731706073902163,0.5354543070572478,0.7098330835946465,0.957070175032437,1.0,0.32180757316914405,0.3393687925667069,0.32599934861942587,0.3279286323548803,0.2482342950229777,0.6320074958718165,0.881447186554528,0.6916868779836876,0.7007826598720094,0.6919649213697749,0.8605185184253806,0.8176166743583871,0.7310768103555583,0.9583852922486199,0.909064516104123,0.43964398960005074,0.3946894921664899,0.3778160773342127,0.3938894028056078,0.393227181938416,0.3957483184706355,0.41210226655046805,0.3603207588866719,0.37214107988605216,0.39957188179326697,0.39841253910383656,0.38302905068632004,0.7738479527807657,0.9583165365356825,0.9878345624990944,0.21394775636249286,0.21773044967046426,0.1894712692074945,0.26671252253531347,0.25523424702518904,0.9591034675425683,0.32376192056515085,0.3025431234753869,0.21501358373721624,0.18507958177728057,0.6038523502630821,0.7062654366629101,0.5961218324956197,0.19913428996914417,0.18503187472970092,0.41845841784215965,0.6617657915715106,0.5086563221393655,0.9586858687914506,0.9602836778928319,0.7997318894571885,0.8293642595995872,0.4797056256694681,0.21939944072163112,0.2094812564285666,0.3486832061436834,0.31854250004051704,0.3117564938890927,0.22033819422320622,0.20190671013357023,0.7264364635198105,0.7738700051583071,0.4893449241796586,0.4643038142010214,0.4026127010228151,0.4143165037880609,0.426312076862746,0.4398547270852294,0.447188552179953,0.40814668007419563,0.4414266888576933,0.3681836250356942,0.3742873995793691,0.21633403213991836,0.2018960886785358,0.9513728102071173,0.9568854066814594,0.5863199313230811,0.21672221683868603,0.19123629957686772,0.615734987680539,0.6720038509168734,0.5924102508135328,0.3358024154723107,0.3308026965050415,0.9282616493266824,0.9601985121003892,0.9094700907504544,0.7786758397934709,0.21916154735951973,0.39060904570059446,0.33603249323178214,0.28027414734131767,0.3254113315796998,0.2209514650031931,0.2535912554764268,0.22426507825889638,0.2006636109236071,0.7514172064272769,0.8269628423179234,0.7749416617964802,0.19208587829972637,0.18115705216713582,0.7350606062149336,0.5691490030090909,0.38385852416501887,0.9597511871232581,0.3734237006175468,0.9465907881120231,0.9609810538702351,0.7408819078865062,0.9709140583367591,0.3417360234849722,0.9573741151754332,0.961815065798528,0.43556262991509975,0.46112943917441296,0.7257296251820586,0.962034143576665,0.7420656410887334,0.8175564251115669
0.3545037976039946,0.34518767226730807,0.9872590866507511,0.9946780676886957,0.8732899167734228,0.39342647713079965,0.39304490262544856,0.3994490493056342,0.40823289592226697,0.5194011229983183,0.483899362834049,0.4467472686264323,0.409540833592269,0.9178860247239125,0.4002905157903918,0.37560366386767446,0.4595483338667913,0.4863731517734971,0.375031765831081,0.3977492736635421,0.40051929052014296,0.3274652082817259,0.755859898671689,0.9285096192498943,0.5070178111429078,0.7144081754326832,0.9134898951213055,0.47674821590648786,0.43826975445597816,0.40411873439796187,0.48168634131507315,0.31793391866718856,0.5379937768780386,0.3882262694818812,0.537583673465234,0.41373651002136497,0.38487473543565,0.32180757316914405,1.0,0.9949374061453327,0.9465873105730352,0.8986479917015875,0.9154637508752638,0.4450124229000519,0.35974201847006615,0.4691843229293525,0.5482629621642223,0.43062024487851597,0.38800929039971427,0.40548785178283353,0.45412813816868325,0.3843243097688552,0.38370223023328576,0.8096071307085462,0.7390609165571281,0.7942280802175761,0.786163521376891,0.7723385762028672,0.7969445206023527,0.7914173485575713,0.780173884051648,0.7841349392622572,0.7620185901588311,0.76499572491624,0.7692640243187311,0.3893547113835063,0.37340157827961895,0.32510131048020346,0.4426704176664624,0.4484527803561611,0.40275877569355456,0.5358629839677216,0.5156316584291152,0.35713213562816043,0.9967638049554343,0.9436243545589104,0.447943966081652,0.43177551986632634,0.4665908167665048,0.4854730245479032,0.43616749537039545,0.4300391004446271,0.3953856083277833,0.5865492807521897,0.5290463964604446,0.5219295666463251,0.3909082565661164,0.37852904949629684,0.47618502109602256,0.3524580873591932,0.5798239426262224,0.46085732175579525,0.4565712822163024,0.9932185231791765,0.9613545973674487,0.9833905398801576,0.45723168407918197,0.4351957133492625,0.480016853966805,0.473180736041924,0.5817128772287005,0.5889580711537024,0.5605464585594258,0.4807667475993916,0.5586626077420039,0.5740998424144642,0.5816691543436383,0.5500195605653497,0.5610035915186593,0.5437933972695075,0.46141069041255495,0.45376748202700723,0.4434469211516334,0.40666307558657666,0.3767010286320124,0.5641110495573478,0.4577331322991063,0.43461321072191356,0.5368757355167272,0.555360621782314,0.5346048183802375,0.5150199608661896,0.4982139009509482,0.379090743631985,0.3807741327010225,0.3604998679856825,0.4789528776419146,0.4590161310569552,0.531990366534854,0.7352490537073803,0.6615755146880399,0.693235062513067,0.4523188128673176,0.5109089046338177,0.45717159069488816,0.41366184592470656,0.3273773983254894,0.4518453590746644,0.3391994480728262,0.39145255196891077,0.38434043697877507,0.5249644068670213,0.5340915030066736,0.5240440205227807,0.34460670015602174,0.48334856584593994,0.4147759134666322,0.37656920083738216,0.43451344381165125,0.3378767537455228,0.619522853997571,0.3828993608845756,0.35037622481521147,0.5130119555518262,0.5180053875658273,0.4956483410033579,0.3784133025527808,0.4866342472489397,0.36637654379185536
0.37527522380355005,0.3648298084778434,0.9949637128841421,0.9977381070657407,0.8859637337529911,0.41749490312006204,0.41714694322619045,0.4227569808540863,0.4321186153407101,0.537864245595796,0.501764613536708,0.46445933083457175,0.42558097817851936,0.9046677307106219,0.42190465969165863,0.39617876857176165,0.48539508355682814,0.5121709508574558,0.3987522552854124,0.4205284931176656,0.4226024553187939,0.3477889068388225,0.780462565000531,0.9176601639188616,0.525271509846621,0.7361819690971603,0.9009486243845085,0.49465794124733975,0.455482743490826,0.42013467342543487,0.49684879566264734,0.33506917412754905,0.5648666455111426,0.4122711150915419,0.561854144071884,0.43856751896406243,0.4061198028271829,0.3393687925667069,0.9949374061453328,1.0,0.9493353021466252,0.9095278553107247,0.9021228361337075,0.4710327037317627,0.38079847475799383,0.4958764385684702,0.5756980727236575,0.45642328549773936,0.41214573897692436,0.429463183688649,0.47969122172424705,0.40509601432370884,0.404635276738894,0.8385358596727214,0.7691252237500268,0.8225178444927044,0.8150948868097533,0.8022072509518416,0.8255972374687117,0.8208775372736445,0.807119587108861,0.8119210754214422,0.7926610298449335,0.7959548237684819,0.7990255773323174,0.41336771524347715,0.39467586080756883,0.3432009598236469,0.4598287015213215,0.46606387035403585,0.41874886717454624,0.5545618930154056,0.5336410633318661,0.37790715268124336,0.9955588758208761,0.937192311736058,0.4653743307788018,0.4471370695946514,0.49140107476875633,0.5124775108993916,0.4618409297509721,0.4471153020411033,0.4109430861273151,0.6015583170161254,0.5471267393594185,0.5389659713320275,0.41187123549997484,0.3962488358891406,0.5042273002114996,0.3743240073561562,0.6117446383293219,0.47844714473784045,0.47249235649491816,0.9982028032808613,0.9618608340730032,0.9833557962878274,0.4748689255783089,0.4519632726877915,0.5069484559717826,0.4999670419213663,0.598467304172139,0.6054780065530795,0.5749191923894784,0.49588371176538887,0.5738373351635662,0.5897381546738729,0.5977555899059779,0.5652197917760503,0.5766654087033248,0.5578476868345281,0.4765266429479857,0.4711785656116945,0.46061735986467484,0.4282915427395489,0.39752663694946916,0.581657054495729,0.47498578617909254,0.4500297981570613,0.5535391935730314,0.5742491863130532,0.5519479105770888,0.5291646760684089,0.5120084666308375,0.40006629405419014,0.4018362680288171,0.38153850047898435,0.4964314402106329,0.4768567464143646,0.5453423935284296,0.7506459645915858,0.6761636348738623,0.7107929796736775,0.46965344998179853,0.5295026917395399,0.4748328611744267,0.4303711355477349,0.35031220401587726,0.4780308002374768,0.3628926184361341,0.40756147326840825,0.40021607215818433,0.5434641195884838,0.5508926212717205,0.5403909498929368,0.364671260764436,0.49690264481235624,0.43697843611798276,0.3974982347441314,0.46006610375415813,0.3577132312971907,0.6388435659246662,0.4044875853512548,0.37092996914021426,0.5282878634575957,0.5340399759714421,0.5130516771438852,0.39897415887620924,0.5137509084569386,0.39106661191293446
0.3586925257724478,0.3494355206034347,0.9384680532570441,0.9484875867537984,0.8328962467127083,0.39047694882838824,0.3862757168467792,0.3876751610728391,0.39824094775696195,0.5156492867551377,0.4813771687355709,0.4463168852940372,0.4089977830855684,0.8197852551189022,0.40387148684991436,0.37967573692054135,0.4688450815774732,0.4902274009407813,0.3851628219927083,0.40325933220233695,0.4054833508601512,0.33772461466788417,0.6840871697265802,0.8368129417032041,0.5011153159959852,0.6422608946251663,0.8164900719498683,0.47143529116627936,0.43247762853933175,0.4018969724933473,0.477351596515116,0.32341567243915237,0.5418365396711602,0.3958159493053282,0.5487143201168283,0.4260190490629603,0.38951404050174065,0.32599934861942587,0.9465873105730351,0.9493353021466251,1.0,0.8549095175477024,0.8209561644297825,0.4516107763870991,0.36958060459048236,0.4753744892592528,0.5549227560681216,0.4426786522602345,0.3856716348574438,0.39840383275199986,0.43830082058802367,0.3877639561371773,0.3866825045420942,0.7626056763165215,0.6895397304908792,0.7407214494889225,0.7344153107142796,0.7180433551928495,0.7402799023748392,0.7416010930716994,0.726060924164173,0.7293164805913503,0.7094513386868493,0.7135219334093799,0.7148683716554315,0.39898191146095735,0.37843649786389466,0.32930961002577464,0.44323733302938384,0.44768118227718023,0.4045443398175088,0.5328576384583205,0.5143722895333059,0.3613901939789401,0.9516584822156098,0.9737069896313221,0.4427902991892523,0.4167278041589291,0.473834587914311,0.4941011877564337,0.4422719815170298,0.4224625229486999,0.3952217492882761,0.553158760152198,0.5258031997814371,0.49479424706405345,0.39485531964506765,0.38184332459941867,0.46450023682349395,0.34798311666374104,0.5479533914421099,0.4559468755473176,0.4413868769660811,0.9449333507327081,0.9758056007149596,0.9077103719981032,0.45256534726140984,0.4276242806608214,0.48603127350303255,0.4792214089186375,0.5545858407862394,0.561327169153926,0.5284943197286874,0.4516021019142762,0.5282531013506806,0.5446802500269661,0.5521501974001386,0.5189039314503733,0.5303787412381291,0.5082714868933789,0.4363451252292344,0.44951873823917404,0.43198432485081584,0.40967239028780167,0.38135516523418295,0.5405410975865526,0.45091950539631126,0.42231848716133397,0.5292911784907726,0.5511802126727694,0.52716579135916,0.5079841370481931,0.48844943744969244,0.3820062602895787,0.384780435367975,0.36722564373782335,0.4739237521496953,0.45464274488998413,0.5136964486285349,0.7110364331307001,0.6431918169504542,0.6751662962995633,0.45189804282375584,0.507657212295293,0.4564976582101142,0.4141469307719264,0.3456894791473842,0.4598037067962914,0.3561662191882081,0.3934115181988644,0.3848323871085159,0.5217555279763031,0.5277775348310401,0.5187736678125461,0.34859734950223054,0.4804649188487412,0.4195924031790736,0.381598406579295,0.44353423670361203,0.34171916558086096,0.6033930780790001,0.38745060478956145,0.3561585150502068,0.496872801514856,0.5079195730831488,0.4944838186071667,0.38226722150207776,0.49133573503245515,0.38213328017679643
0.3744466794358812,0.3619541546053842,0.9153746344197825,0.9181119551785561,0.9783240697991451,0.44284990230725635,0.4452755290636842,0.4510692980339263,0.4551167365997368,0.3883533297510826,0.35987816899983116,0.330208298694755,0.30180252670605406,0.7359292880976349,0.40264090569610667,0.38256551025856844,0.49272689669634884,0.5087812664514383,0.4249337473963886,0.4195241203251006,0.41514855586088234,0.3728579799328533,0.7646357233957678,0.7429645581735893,0.37473576503881295,0.7137469275263362,0.7276485433463993,0.3502823308226201,0.313797736059612,0.2943145337648768,0.3777871443802732,0.3206688958096876,0.5334871485910669,0.41886474914406835,0.5302326028458823,0.45247290706511234,0.3962620660475586,0.3279286323548803,0.8986479917015874,0.9095278553107247,0.8549095175477025,1.0,0.7535559114953443,0.496735898101306,0.3845845691749702,0.5181868550239668,0.568938654452172,0.4649824532658063,0.43504203233724165,0.4529021368749389,0.5123845069161712,0.38903461435309095,0.378982053705672,0.8987324115091203,0.868034840804454,0.9093318325832036,0.9051102557337803,0.886291799193991,0.8905271892552997,0.8958481747587723,0.9059112488312794,0.9031031883371455,0.8754041522104375,0.8784013961923072,0.8888716501760259,0.434612972684711,0.39134867883287766,0.3342305628361898,0.3287737067327183,0.330345967916039,0.29713925986645673,0.4064708650393014,0.3876954538573132,0.3822539912221777,0.9048392157355285,0.8383910394772338,0.325813395265415,0.30140331321321945,0.4783327756938695,0.5085352641074695,0.46154052958811315,0.30771531859381407,0.28560398827919414,0.45435807086942326,0.44326362578065265,0.4293535511438292,0.39810426648150576,0.36190851770558014,0.5402726707047728,0.3990903516084687,0.6653780831081296,0.33539560732114265,0.324764845431912,0.9125315916213108,0.8742195339364512,0.9266255552228306,0.33444111571997887,0.309350228461769,0.526181825275501,0.5175802929292234,0.4622888712333189,0.4622950439460637,0.43390080595725616,0.38225412750974486,0.437646637473242,0.44933387386667023,0.45611690523154774,0.4289643063334621,0.4397931547311857,0.419136539476551,0.367257258103801,0.3310574790107617,0.3162189056968827,0.41001275497030726,0.38251874471081204,0.45455018709607403,0.3303781757469195,0.30487649006660517,0.4417747776662666,0.46079264135185827,0.4369742940864405,0.39514872702421316,0.38658284435297385,0.3849352763032716,0.38950788033472744,0.3733404274637346,0.4295892856144164,0.334105177585205,0.4049148849669105,0.5647932413984381,0.5028501524797817,0.5319543760735739,0.33580472377325266,0.3811871009058016,0.339259315440317,0.3053437125810918,0.3853328374705871,0.49179744772493195,0.38976449618064696,0.2867615148367843,0.2866325601477107,0.44298627438678395,0.4343314698336241,0.40928291635050906,0.361854294080618,0.38786791333111303,0.42124029989197254,0.3899946675222953,0.48170388292489236,0.3617993893117291,0.46871628013360134,0.4000899786202732,0.3723987057477987,0.4070147476583479,0.41400772549479065,0.42240843812384493,0.38684686441979443,0.5402925419836608,0.41898713132423404
0.2666472759552522,0.2642711237052076,0.8858435371683524,0.9009450573810804,0.7245574513456556,0.29010016958527063,0.29204046397963884,0.2965401881350244,0.3063246109893644,0.4614282337061736,0.4314363315403699,0.3993485999008907,0.36795332814651505,0.9560331645730876,0.31155196468912216,0.28954442932839153,0.3425884906004416,0.371454004838468,0.2667704104141673,0.29957117599895855,0.30576450310192665,0.23012838150864304,0.6537307507989556,0.9161422987230753,0.45585440957130574,0.6200260305620372,0.9250920439392816,0.4312102106315665,0.402721733671338,0.3658609385053884,0.41802825809013056,0.24714499552764066,0.4200355341360139,0.2865365490427349,0.4119751469824052,0.3010835269632128,0.29534955848994326,0.24823429502297772,0.9154637508752638,0.9021228361337074,0.8209561644297825,0.7535559114953443,0.9999999999999999,0.33099484363641407,0.2652668283678146,0.34890998541471113,0.42023422771730945,0.31267897553855095,0.28643315655477675,0.3030423848007646,0.3450990168078158,0.29741420767670024,0.30506620430154663,0.6590323783081925,0.5888903988326682,0.6442722998522393,0.6356776613817364,0.6245037162392764,0.6507565181735747,0.6405367612213275,0.6317849509071622,0.6368368726945052,0.6137743998105828,0.6160448153448871,0.6210048516446429,0.2801256674782049,0.28288903961399037,0.25114825343732866,0.39414158001904526,0.4018813883574157,0.3595236790338344,0.46999496463829116,0.45229683263588344,0.268167493664979,0.912046668461051,0.8288279259818345,0.4064903841402947,0.40496250374186343,0.34708586020794757,0.36493072703799756,0.321942561806704,0.3942610210805961,0.3582820021236312,0.5422935468252402,0.4603319660646113,0.4656591642723477,0.3030183892459165,0.3034169324040411,0.3583647875462386,0.26068508227142795,0.449128863666968,0.4178184051288327,0.42574926971582905,0.8961082987140666,0.8381224250835753,0.9162331314506571,0.4123768759445213,0.3992803523453516,0.35649659788722965,0.3504423820347242,0.5243426931771601,0.5326089603804474,0.5105841145198101,0.4383796631511548,0.5071660775334945,0.5222440728804979,0.5273961944034434,0.5013211546953105,0.5102823459723262,0.5012251139366921,0.4222386270491447,0.4100601586135612,0.4101108456950243,0.3160836753367855,0.29019055727418874,0.5076172018069366,0.4165140098012989,0.4034602726400016,0.46999558754680026,0.4800648336537699,0.4638533078823586,0.4575710575086442,0.4432207872939997,0.29123706622899154,0.29301849281635645,0.2763168311255124,0.4009541208753204,0.41575249099143086,0.4814209637183238,0.6640660165193181,0.5928392916530838,0.6157430196756637,0.4026308298604567,0.45425683327715577,0.4082864970362161,0.37061185149631515,0.22316289084415172,0.33426118394435805,0.2320508245824992,0.3505916100854823,0.3450560999515601,0.4506781758328499,0.4632986907932848,0.45678121441088204,0.26315596791421364,0.4169790919074837,0.3215426929565951,0.28863832389719785,0.31912837490851526,0.2534248680605157,0.5611288099255456,0.29148566705840845,0.2642945405473469,0.45575776979267435,0.4519649410060463,0.4237397851751846,0.2928657700174926,0.3606857636478763,0.259031110255178
0.7018167756937899,0.664339755304527,0.49882380408439614,0.4675985618093091,0.48965638198418043,0.6704943869710416,0.6251260338287402,0.6047452536745538,0.6204093757424954,0.3253150212573969,0.2984826547911058,0.27872123946497934,0.2548707335672224,0.3391561516852032,0.701318957769396,0.6903436870664689,0.9242972935650464,0.8897114837944643,0.9336839118715203,0.7903505420699396,0.7543902628392819,0.8015672390465066,0.4347096882059198,0.3515436248684106,0.31110916899265895,0.40645445430412624,0.3377908169493585,0.2891939021466865,0.25463922896745533,0.24376913938752684,0.4085154792668051,0.6103815903437076,0.9170629955505228,0.8848704961534671,0.8304378404619538,0.9358264623068512,0.7226780170839584,0.6320074958718165,0.4450124229000519,0.47103270373176276,0.4516107763870991,0.496735898101306,0.33099484363641407,1.0,0.7971772094030318,0.9693146687153179,0.9395659946173502,0.9411116501267551,0.6640284253569578,0.6321167911390757,0.6126166978533187,0.6960088575233901,0.6751539072328946,0.6205600604301094,0.587343115302606,0.5662533578028127,0.5801752962524297,0.5777448305418921,0.5874443722084339,0.5907702620376069,0.541440534599636,0.5545577249535086,0.5853948153420339,0.5928158405695453,0.5608170504661055,0.932273977583053,0.7219121328974714,0.6353891924741847,0.2758580412562065,0.27662899348911246,0.24743660206191312,0.34627562536774753,0.32893324417361397,0.7190891742779011,0.45054633113358633,0.4082365543118963,0.2690398182019024,0.23481195113846356,0.8752446742194505,0.9443110905302563,0.903393929424202,0.25237690543699565,0.23413559981515203,0.44151459715761576,0.5270834663678702,0.560372617985998,0.7116143212559649,0.6307532798164519,0.693271092307825,0.6095911595086249,0.5716792115751801,0.2784419795449375,0.253492667412155,0.4850124130874813,0.4594211507139671,0.4403843746512081,0.2785589396036498,0.24777488185152807,0.9609993585242298,0.9460725515341222,0.5172299872926014,0.4915776139793467,0.44289224919135134,0.4589549136031278,0.4727414114024648,0.47657740415178224,0.48222284963158074,0.45696203636981464,0.4787512900373319,0.41174596672389724,0.4313685650978145,0.271135189647145,0.251044861361058,0.7154128238786568,0.6863213875867434,0.5346152133327112,0.2711862813493554,0.239831861949241,0.5040152959492917,0.5418666742318126,0.49570159006343906,0.3739097589768567,0.36507173537790877,0.7118184952288436,0.6985804264876961,0.6873398858126364,0.6030542966737318,0.2734845083995129,0.3987713109950823,0.43275647846369564,0.3799758053435314,0.433050002631892,0.28050440574732627,0.31937585912552574,0.28446593089777755,0.25685320298580944,0.9141019761222687,0.9229532680241452,0.9049192863357881,0.2389021300527896,0.22581164430748119,0.560671717852181,0.4817662444839693,0.4287075707670927,0.6640292390487144,0.39939641928821557,0.7514483702466748,0.7095402031545088,0.9490268257821582,0.6983294374554386,0.40649292671608855,0.7326895363835366,0.7027588619364044,0.4143948139815169,0.42636958370684724,0.5324717615724656,0.6911691387723591,0.9500133014221247,0.9111636097198534
0.9199345109867377,0.9006382173142841,0.4012109309131272,0.3768911606614094,0.37731280236571435,0.8119992999841129,0.7617456959502685,0.7208080129928697,0.7499997722195069,0.2809324307041663,0.2605556275765323,0.24453684722842248,0.22349840691773168,0.2804394354836027,0.9217585151642635,0.9254099786445451,0.9383390168093522,0.9466515940964574,0.8726552180512787,0.946312000065236,0.9369697563384904,0.9231319492220165,0.33437618997903207,0.28992517257837247,0.2733076997792446,0.31502770537883623,0.2807274053345343,0.25593310150139625,0.22550552334140242,0.21928450990080234,0.36459413642139504,0.8553623893164994,0.8397776637532647,0.8474462609341966,0.6904041602750787,0.849612548802646,0.9219066604476841,0.881447186554528,0.35974201847006615,0.3807984747579938,0.3695806045904824,0.3845845691749702,0.2652668283678146,0.7971772094030319,1.0,0.8405740975575703,0.8614155331829577,0.8586358686720642,0.8141017795603956,0.768137805493936,0.6964182816612975,0.9258216203455771,0.910278869830301,0.4970144460858078,0.4539127435635432,0.4347638376998778,0.4495838655368458,0.4484862288457114,0.45374380766838224,0.4659952152474456,0.4126299967778427,0.4242105158895405,0.4557625169930076,0.45894391354557706,0.4341818959750694,0.8985557133942119,0.9237927279799408,0.8771016425104701,0.23752926915044212,0.2425559331002237,0.21213677632470215,0.29163773652357877,0.2818566258108877,0.9149071169092687,0.3635552839674481,0.3373321940273321,0.23694022870100762,0.20380017854114482,0.7762640810461867,0.8737443765868894,0.7645759550753274,0.22228760595295222,0.20800082921815582,0.4648159468276763,0.6403435860450839,0.6036145452183005,0.9200054968561638,0.8761040207921522,0.7802923818371161,0.7711357812570993,0.5046567647086196,0.24316068613194422,0.2233988595020576,0.3911483226965388,0.36652779634970895,0.3492159598566821,0.24407165533176073,0.22139358598999573,0.8810324151699255,0.9113695482683006,0.5645307922099302,0.5306457755349586,0.4729504470418928,0.5045678016683066,0.5077054387502138,0.5124279582814747,0.5173000306966583,0.4889712848881058,0.5189314568803727,0.4344832252291906,0.4692927342964228,0.23851013658608666,0.22424173086646923,0.931268914764982,0.9242491588799799,0.6355127148976064,0.2382181492487342,0.20941867864867997,0.6006491115909429,0.6526899462847878,0.582850360176194,0.36982225900027643,0.3666089893708198,0.9443789837688799,0.9279899155924382,0.9116875400170134,0.7958379951039065,0.24170400206542417,0.3990952258114534,0.3617522802523987,0.30459082097632667,0.35888277613176695,0.24419559916132402,0.27763527744176836,0.2494235941911979,0.22339918358308528,0.8558794719748404,0.939861644709402,0.9116358271564561,0.21536886422002616,0.2058919573467941,0.7072115997238253,0.5640936757418565,0.3833901122855666,0.8727634457462192,0.36396440060039686,0.9311607122318408,0.9155945126804617,0.8971397351334438,0.9283660818384715,0.36049735856413884,0.9278500818238249,0.9053365921863051,0.4525868990089735,0.4672088892195965,0.6875134089197393,0.9056098911172307,0.8890565637141254,0.9104560192858627
0.7617346893410017,0.7263315660765435,0.5249497783860214,0.49245426531883063,0.5094320543520848,0.7405518848965597,0.6927357428371897,0.6710553690416907,0.6869749606553229,0.3415401690281586,0.31339884092519277,0.29226080150311295,0.26600559274224167,0.35930255353027607,0.7594610010961342,0.7488164392535195,0.9595738309961809,0.9325975321345799,0.965162940949491,0.845177875014971,0.812629297112953,0.8564505653344116,0.458150839962464,0.37419627748245504,0.3273073781444415,0.4271362055644212,0.35882300547553203,0.30470735283235756,0.2700380592647654,0.2592671376813796,0.4198251633218513,0.6722770731929545,0.9403938514054387,0.9045655433732405,0.8500710326810301,0.9697634108453462,0.7827836770739861,0.6916868779836876,0.46918432292935247,0.4958764385684703,0.4753744892592528,0.5181868550239668,0.34890998541471113,0.9693146687153179,0.8405740975575703,1.0,0.9667115097259958,0.9610071270905294,0.7327751882285867,0.6991025861460253,0.6766073427898868,0.7546766055751226,0.7258824349890197,0.6509889801225319,0.613235031912614,0.5918262939754936,0.606818601792109,0.6054773492854911,0.6140270263185816,0.6193022044619325,0.5657844797216109,0.5798165649165481,0.6134493440683839,0.618832274357116,0.5866624153497733,0.9656839812083089,0.7830881865197257,0.6958194141234146,0.2890319411205385,0.2896161886107486,0.2585113786882719,0.3620118138380022,0.34584652084145934,0.7828611034656883,0.4742290708114447,0.4307284452869152,0.28357976541076263,0.25391297037591576,0.8975766106887788,0.9685584089706957,0.9080261815653969,0.26772575540415944,0.24623128435444624,0.46383086344707913,0.5625477630392363,0.5837829720752425,0.7719551955468306,0.6851282921382403,0.759891494814186,0.679511847904042,0.6138239543025256,0.29296304159825054,0.27393363487858385,0.5105385700114338,0.4825927968579092,0.46347940129359266,0.29296115698156583,0.2643057216285178,0.9872615290568028,0.9795254251012843,0.5434286260351978,0.5178281820226299,0.4648383683028467,0.47986391348123303,0.49570438791735877,0.49967234811580996,0.5066461566730291,0.4792845953487692,0.5023051424906003,0.4320246736738123,0.4530153778115318,0.28588354876761557,0.26884662426975287,0.7731292937696541,0.7454099341186775,0.5669115412594402,0.28682950120600287,0.2571894837998579,0.5383165224557003,0.5781704820483335,0.5257168197429708,0.3925460396924076,0.3840038958403649,0.7628563975265168,0.757830239526829,0.7444708663110315,0.6441932866581929,0.2888748443765375,0.42004896607308023,0.4586923621832736,0.3999800706429939,0.45829991334863335,0.29396077930574027,0.335098458643352,0.2982550161195783,0.268353905356306,0.940284346302333,0.9627464106782307,0.9391139730470014,0.2504665943790626,0.23979496370448283,0.6011899856504088,0.5112100220199378,0.44212128438002224,0.7273011704927409,0.41418202769366863,0.8087261306611881,0.7726097063918704,0.9794222560804732,0.7572490551906225,0.4258328220519677,0.7941957819589583,0.767470066009813,0.4337759156602705,0.44959249884400826,0.5733514029441266,0.7534088233250388,0.9825870555235043,0.9420601535265661
0.77677996381616,0.7377959060549973,0.6009687635383154,0.5692957734198916,0.5567364612299854,0.7485016332764791,0.7048046194625971,0.6835696313965137,0.701926648259464,0.4273074840934588,0.39645173985686555,0.37258971694936704,0.3407906927182545,0.43602364130657617,0.7867808481952802,0.7730912112890536,0.9633394950262428,0.9494133670765806,0.9387977339149252,0.8561421038536773,0.8286707203436897,0.8582314115266753,0.5045804378745486,0.4531340839930249,0.41218766515439365,0.4723562225092841,0.43520065001475755,0.3873496901931324,0.3470979849020394,0.3332721437788778,0.46427996006974237,0.6832091990715162,0.9853481339702168,0.9320784487891748,0.9046622917685709,0.9592807161882592,0.7995106372309684,0.7007826598720095,0.5482629621642223,0.5756980727236575,0.5549227560681216,0.568938654452172,0.42023422771730945,0.9395659946173504,0.8614155331829577,0.9667115097259958,0.9999999999999998,0.9762962863677419,0.7427704238614702,0.7145610051291553,0.6937007462249811,0.7797220088834018,0.7618258662799908,0.6885011291164502,0.6375166918168007,0.6231636408335876,0.6367380268702078,0.633944449660165,0.6472596593082465,0.654719068617049,0.5952258753333511,0.6100634742048304,0.6415995217021427,0.6469062667302488,0.6158299965668302,0.9525763800770133,0.7969723210214013,0.7065758167667262,0.36718945449298673,0.37035307342459745,0.3326715036552619,0.4463669581453826,0.4276704628966218,0.7894304944496097,0.5521604274046275,0.5076937938661475,0.3626406565721693,0.3253522309671314,0.9453925230005186,0.9937019460733594,0.9395711366609525,0.34328661834411067,0.32032059355142317,0.5525432555836809,0.6280332026115517,0.6761222116711247,0.7913965682863127,0.7095747632906695,0.7730275017612556,0.6871067738648029,0.6377862280654635,0.3733605196697407,0.34708338244583364,0.5878008458765533,0.5617696163782973,0.5343199769576263,0.3735467444961582,0.3409357115653821,0.9797258603454732,0.9787757625825266,0.6413123102519875,0.6157648505489043,0.5581750945331787,0.573291547096819,0.5952706782186195,0.5973626563768887,0.6043024876331328,0.5766537503986371,0.6014442286983636,0.5228975089166971,0.547285312305402,0.3657300572146935,0.3457472209969274,0.802344791941629,0.771167999071626,0.661337814734958,0.36685392438275455,0.332362679963501,0.6090690760320385,0.6504413227978678,0.5995282256893939,0.45412911951388446,0.4445178645586993,0.7946738335801625,0.7812007667796278,0.7718973998188563,0.7134485962050131,0.369180645533542,0.4816408406690508,0.5481052715949742,0.4832606562317067,0.5473668056197143,0.37377599991501903,0.42054780893884663,0.379161214521731,0.3446478002942944,0.9050949321021935,0.9613320333315682,0.9243388195876114,0.3254625188563912,0.31318759263432433,0.6684356678679985,0.5868383693628738,0.49213017359485245,0.7363711066369825,0.45628587420212086,0.828430780644606,0.7867542501053706,0.9612047721766738,0.7702162672267,0.5100871620983195,0.8072810944506152,0.773520252025665,0.5091622541313415,0.5234073053050696,0.636055788293356,0.7692318228812521,0.9739732124560058,0.9252212275985027
0.7662226776988138,0.725944671146364,0.481397742866232,0.450615301612703,0.45375495771476554,0.7223875163523207,0.6749604920041482,0.6514812245700897,0.6688908705303163,0.3559118644721596,0.33029023693228166,0.3126253295955989,0.28463945925333883,0.3290309613485272,0.7652513628685738,0.755648022218726,0.955067601074577,0.9297009316606515,0.959666872609665,0.8466851998634172,0.8149995231494614,0.87401680921112,0.40443239732409697,0.3421091846539183,0.3426403715693916,0.3783360300500658,0.32706171608364626,0.3224529251445728,0.28820855171015414,0.2783060523510484,0.4028795610262269,0.6737061291764167,0.9638918666389068,0.9292400156387384,0.8782541002139329,0.9686402089488864,0.7872286156614132,0.6919649213697748,0.4306202448785159,0.45642328549773936,0.4426786522602345,0.4649824532658063,0.31267897553855095,0.941111650126755,0.858635868672064,0.9610071270905293,0.9762962863677419,1.0,0.7175575853099172,0.6820757497563532,0.6503934117056441,0.7606512061265758,0.7377327295221074,0.5906889194381681,0.5471573699607393,0.5255009898155361,0.5406772608007778,0.5390358568446201,0.548803995719555,0.5573240521943005,0.4989644115648796,0.5133688750339088,0.547902409174497,0.5534359782962349,0.5213640234260681,0.9688950180259405,0.7863601052954672,0.6959941297141983,0.3065343948887777,0.3098428556419206,0.2777336471627815,0.3724843572412834,0.3559465423078816,0.7829256406820136,0.434788086949355,0.39798519611421473,0.30192564680557255,0.2659422188074179,0.9393064823324186,0.9849807016185632,0.9469823394508022,0.28647154899150656,0.2661305046102588,0.47307505841380765,0.5663231609839531,0.6219229997539252,0.7762881932373114,0.6884378508901973,0.7313681479697552,0.6652856851412274,0.5622724303682329,0.3107715687845715,0.2849142426252167,0.46840585761493114,0.44910932458295194,0.417467699740659,0.3117168660946674,0.282658674502465,0.9702383609813782,0.9680711188319521,0.5699819024376088,0.5408468539686072,0.4838197763503606,0.5161510380918803,0.5243284728039816,0.524087139021941,0.5296726846800454,0.5063756109336658,0.5306375177619023,0.4487100709373274,0.4918653255498841,0.3038865640438,0.2857892520937656,0.7809824582265202,0.7519435461350915,0.5949310629876683,0.3047581029077253,0.27342575877481295,0.5483983437188461,0.5860667667893218,0.5357818437885176,0.3851734171767881,0.3766151465490392,0.7757126008763293,0.7638984957182237,0.752538011973728,0.6725758689064497,0.30626642859927256,0.41357325821948,0.4453434221249259,0.39130656192356966,0.451282147725344,0.31182265772801826,0.3501155914524792,0.3170833146554548,0.28883228163140157,0.9378342042128651,0.9523429339384638,0.9482035709883518,0.273348069646654,0.2608852428323061,0.6119804581387177,0.5223648255669587,0.42331967866945247,0.723138075233141,0.39256646721189753,0.8122289675742321,0.7740368846375845,0.9588814609214676,0.7643086355132352,0.42218134386122147,0.7955473431202611,0.7667915846123827,0.44093853954834816,0.45621071040139755,0.5848207109913008,0.7553241357810484,0.9626128447301392,0.9437068843430159
0.9190618215577576,0.9045679864690184,0.44107105660145524,0.41107297575059715,0.4292670909534079,0.9965418073591955,0.9827319213718135,0.9538147672979542,0.9743305896609132,0.2723903473295941,0.2490839658365192,0.230207983722737,0.20873420143374585,0.2967826913109747,0.91563585904685,0.9062094590752634,0.8231431518148621,0.8630987749288883,0.7730106846445012,0.9213113611871402,0.9251675969205233,0.8362075528104667,0.44245504865226803,0.3135128657145073,0.26464995972538513,0.41215002398095335,0.2979528338529296,0.2443541438735001,0.21440502913751677,0.21307038891331803,0.3691450436866726,0.8553117216320094,0.7182397295529581,0.6872153407585266,0.5902311934690027,0.7386041544975898,0.9264939197923987,0.8605185184253806,0.38800929039971427,0.4121457389769243,0.3856716348574438,0.4350420323372416,0.2864331565547767,0.6640284253569578,0.8141017795603955,0.7327751882285866,0.7427704238614701,0.7175575853099172,1.0,0.9838354040045788,0.9356461648159007,0.9097064699061951,0.8392847791142027,0.5988044658565251,0.5580324421598056,0.5311898389973759,0.5517102359035673,0.5515271511299099,0.5451496373727837,0.5757676672142168,0.5158926106575009,0.5234012321021541,0.5607267145111724,0.5548526885229466,0.5413197413701994,0.7833127705735281,0.9317174908904339,0.8613895972874085,0.22498998251615981,0.22788088330281545,0.1984249944064045,0.2843596917283674,0.2714895498210851,0.937339680840796,0.3886983617227419,0.3527953413235737,0.22611992199466463,0.20296337124469196,0.6535964586286429,0.7338269046692953,0.6445474707793907,0.20814189214705936,0.19691838698908837,0.4266872813884444,0.6277611055475457,0.5083029064969795,0.9222051569029989,0.8487383519843799,0.9717311768603157,0.9769903080572006,0.690194087653712,0.2321852249781892,0.2219588679868667,0.42415259355019425,0.38483714812544884,0.39164418987913524,0.2323735822639703,0.21002568862905382,0.7590697151074864,0.7967061145014929,0.4932394190179619,0.47177982584013683,0.41325402173898557,0.4170176150250534,0.4385592624760084,0.45023499052670524,0.4578894314536116,0.4238947409497407,0.4518917185315402,0.3859972684951901,0.38741170700436767,0.22778609264441965,0.2084236867722957,0.9147386637568401,0.9065887473533354,0.568699728701377,0.22785521389876529,0.20456727645415812,0.5891912003917734,0.6380130919650285,0.5626360992689224,0.3483822632777034,0.34507206525663847,0.8515878631749219,0.9187081809652219,0.8657069981177768,0.7141424952254922,0.23087940008618027,0.3914028432265259,0.376623105474704,0.3234980581750815,0.3693861254766185,0.23353068599139884,0.268923288142041,0.23618127868366626,0.20866564020642284,0.758487382927853,0.8382157518748653,0.7616435042007214,0.19837676540082333,0.19014734566939692,0.688408011194228,0.5467838553954948,0.39369052808753496,0.9241462841382732,0.37233339898653395,0.9173072754662819,0.9308362270097494,0.7623954834499348,0.88407061201715,0.3672691591919361,0.9291865679592041,0.9338647184918093,0.43468433518431376,0.4500418840079474,0.6729588121711315,0.9216672712408012,0.7826707499440537,0.81084964383196
0.876854456003079,0.8569222529610265,0.45986766424585696,0.4288181515206739,0.44703197364839753,0.9820953325525221,0.9838156522540975,0.9697355016535786,0.9842915570400407,0.28062914097325586,0.256841027357947,0.23721934852458865,0.2158126103630018,0.3116500171299054,0.8744406897906626,0.8625802949643641,0.7839091566028773,0.8244398162968392,0.7322267116050791,0.8786244735325162,0.8831363344276534,0.7868338354442783,0.47065554852043123,0.3286993746880068,0.2724564100728337,0.4367626131720969,0.3116065938218496,0.25244402180241376,0.22263406319466397,0.21988262886350815,0.3669793002155631,0.8112961661570858,0.6895381877585111,0.6498034899000527,0.5726519325604091,0.7020588122564217,0.8846278490686044,0.8176166743583871,0.40548785178283353,0.429463183688649,0.39840383275199986,0.4529021368749388,0.3030423848007646,0.6321167911390757,0.768137805493936,0.6991025861460253,0.7145610051291553,0.6820757497563532,0.9838354040045787,1.0,0.964584554545749,0.8661642265115823,0.7953041089588643,0.6224492319748071,0.5810552357526141,0.5552291330316041,0.5753362870207449,0.5757125856272644,0.5679763505126301,0.6019294752619532,0.5397111301283856,0.5471121121325343,0.5847244272380877,0.5776456560652029,0.5658475558698789,0.7423348919874891,0.8892467041828146,0.8175620827612706,0.23169133805521877,0.2350867246730366,0.20533537092435497,0.2923841782556275,0.2801616767967054,0.8957811456238511,0.4047389253295035,0.3650370639150969,0.23404475691339577,0.21236912750379575,0.6290484026622772,0.7012332148980166,0.6186657868937199,0.21588958179157325,0.2046984415856846,0.42895056707076357,0.6094462349103074,0.4994698424177316,0.880869570676784,0.8024995894076767,0.9734694926101533,0.9723208565661391,0.729521926438222,0.23980109775517938,0.23086500614663635,0.44186741871964486,0.3970052151587704,0.412274502595003,0.24032820158660465,0.2187972568594777,0.7240659737668478,0.7607015874742986,0.48972117785595426,0.4707089915435563,0.4151811332306601,0.41357488966276784,0.43866756400781876,0.44966729382606896,0.45808704029905534,0.4249024712048112,0.4517492131541671,0.39074678116046213,0.3834195627145535,0.23519090842311283,0.21821371955379665,0.8747845595084303,0.8640567899930613,0.5577066025516565,0.23582772104902985,0.2133905313979198,0.5738909655068339,0.6199850747574391,0.5479669380806027,0.34894051809553844,0.34489008623364265,0.804585323390686,0.8780687060826826,0.8190994475276943,0.6862277165726233,0.23934990667330983,0.3897505078119504,0.38874514717588854,0.3355500322432965,0.3811519464846979,0.2405761223412706,0.27712726655141523,0.24329242510985344,0.21581990343980315,0.7168492565863146,0.7994333154777452,0.717259758999849,0.20457655390038607,0.19607966838011925,0.6636469620544011,0.5350214955299144,0.3920400656515683,0.8741541038602396,0.37170489888557284,0.8758060158805024,0.8886241380527846,0.7232498388292866,0.8355606077223523,0.375805681567915,0.8864885739193101,0.8883976913208892,0.42969905853732404,0.4427263116788476,0.6493990152988832,0.8786276790731811,0.7468333378980566,0.7677334107154425
0.795672261577982,0.7745052636521331,0.5132184605367076,0.48029473910651754,0.5085903968311086,0.9396707495408617,0.9603362770194557,0.9674697496444895,0.9709280471666796,0.30246236437231755,0.2773361925051711,0.25713209013560606,0.23518306284414,0.3518792051124162,0.7985913018896389,0.7826073810453921,0.7357554209663195,0.7752989488206741,0.6895394647768546,0.8079008978685597,0.8110529910753961,0.7171682623259912,0.5380010015168616,0.36908597126733933,0.29348653457034,0.49797149938750196,0.3510860160630149,0.27306672267994814,0.24170910147125213,0.23987008477793753,0.3652903038165605,0.7277593266422265,0.6693868754215119,0.6135769487079025,0.5688379108571795,0.6663170756327872,0.8076211059036135,0.7310768103555582,0.45412813816868325,0.47969122172424705,0.43830082058802367,0.5123845069161712,0.3450990168078158,0.6126166978533187,0.6964182816612975,0.6766073427898867,0.6937007462249811,0.650393411705644,0.9356461648159006,0.964584554545749,1.0,0.7865382450038084,0.7203792863454949,0.6912776079565677,0.6485830955309269,0.6250000391341032,0.6463618445713143,0.6453444933567998,0.6362539190390438,0.6749171435558442,0.6115620047461683,0.6175571107871611,0.6538785539244993,0.644768242040415,0.6361638800800499,0.6961610771440312,0.8116610966518101,0.7344948039903199,0.2518300599832443,0.254377519600073,0.22616157360100123,0.3144681315064286,0.3021234759048332,0.8172708340521326,0.45229276616897446,0.4001286862989229,0.2531492043669965,0.23261324233813557,0.6141660649673161,0.6730206764187586,0.601063887343247,0.2332543480075157,0.22436614789995152,0.43718931991981136,0.5851637384952953,0.49381386836428404,0.8045480526178872,0.7209020097612084,0.9623014401544203,0.9331332394510806,0.8110806644945382,0.2596243703158546,0.2502024683202822,0.49314143953078504,0.4400931956711994,0.46776936363495464,0.26038885753564345,0.23600406858046313,0.6967601137131009,0.7251295612720507,0.48893735337909655,0.473934915019708,0.42113741695371437,0.41358956578439776,0.44284667898303504,0.4542155407715303,0.46299835522000765,0.43081277035878573,0.45499536857340667,0.40231951626665013,0.38576181135140436,0.255019040502476,0.23578467754538918,0.8017481792017911,0.7830158967104729,0.5411358300549147,0.25533971636522385,0.23180765126346417,0.5574053365472453,0.5959849947315308,0.5346563920824596,0.35982565305624253,0.35583828383632543,0.7271366484196823,0.797899376992453,0.7486006381266893,0.6421532234213386,0.2604170400773447,0.39557689449022365,0.42101601778097675,0.367000702186787,0.4106649293397373,0.2609416732075822,0.2983623949413422,0.26310907579534404,0.23666129010083492,0.6682616049820268,0.7541867117785327,0.6618347485061586,0.2227841979157684,0.21486465900757737,0.6279006806375224,0.524924224571184,0.39255179100975307,0.7939085604580028,0.37005947343184037,0.8044210033005936,0.8089594526470736,0.6857733119345222,0.7545333016825505,0.39984984852310634,0.8103709578130117,0.8082347124493706,0.4377180026627384,0.4492682845482991,0.608420164936638,0.800500067809445,0.7183860849462276,0.7125230449601629
0.9863564526162425,0.9810813995740049,0.42655031004421523,0.40063892568162035,0.37967203134634375,0.9038827899275628,0.8627525598271353,0.8129810136423063,0.849772602830009,0.30514927372119005,0.28171952527654753,0.26124383569628074,0.23582509780094554,0.3170884022158965,0.9978052241974226,0.9975677634401645,0.88772172953329,0.9279135527547065,0.8056426156603239,0.984035877334158,0.9919346646060089,0.8999945856679171,0.38567640545983006,0.3334771890526155,0.2979571808546774,0.366721479749619,0.3213199725568241,0.2763185353360663,0.2454155996359579,0.23703619854483735,0.4114476344156712,0.9526201885179546,0.7641719095589562,0.740680917144342,0.6134275769570223,0.7694250188412042,0.9940972636092134,0.9583852922486199,0.3843243097688551,0.4050960143237089,0.38776395613717735,0.38903461435309095,0.29741420767670024,0.6960088575233901,0.9258216203455771,0.7546766055751226,0.7797220088834019,0.7606512061265758,0.909706469906195,0.8661642265115822,0.7865382450038084,1.0,0.9702403346239413,0.511767436305729,0.4627148178985209,0.4436765559948228,0.46174264842370644,0.46048981820219037,0.46473379337783766,0.48189915384768206,0.4255425804058876,0.437275019730211,0.46800745989563425,0.46750104065994297,0.44945701096373664,0.8285101188010429,0.9926945280841663,0.9606174163540347,0.2543260742487292,0.25979629305526497,0.2246092715996449,0.3159079233988885,0.30250381997911485,0.9840501267519914,0.38633550561279917,0.35634190687833456,0.2567006489467058,0.2261218889349718,0.6833867490620543,0.781927905627034,0.6686714045907832,0.23918129499078047,0.2217107376856725,0.5003227748138237,0.735310300942083,0.5951718860254489,0.995456975666203,0.974618705554615,0.8598930549703091,0.8767845658258995,0.5468548557142455,0.26341999203905,0.24911639720130546,0.41523543358868137,0.3804150365317191,0.37306630956867015,0.2631024334555404,0.24147527786063971,0.7945885253794379,0.8385765666536386,0.579608626688544,0.5540695432605491,0.48756107025604645,0.4978457532838049,0.5151757053858458,0.5303275087422945,0.5376405370451276,0.4964693531673037,0.5307057535532047,0.4510874518777031,0.4593418278458767,0.2583320675560156,0.2418316687281595,0.9969015194202041,0.997482322102545,0.6743520586399467,0.2594917842048175,0.23136488985091608,0.6923941041810723,0.7494200284907713,0.6702233532789383,0.4002601927075636,0.3949235608701496,0.9792687192721449,0.9971837901907791,0.9639043565916101,0.850241293987354,0.2617437696388511,0.44823985091515894,0.4052507252132101,0.3415723041596134,0.39336941717453794,0.2627514658129527,0.3015404589369605,0.2674254943936408,0.23725279929914572,0.7943982289503281,0.886151773261074,0.8265800685490262,0.22704627951756973,0.2161544994913135,0.8095836448889896,0.6492556924868724,0.4372292883018596,0.9698077123789055,0.4137977676557633,0.9918105160616727,0.9926880719677635,0.8041640083131234,0.9752604969347942,0.403254884485199,0.9931217504471347,0.9828575701032253,0.5200804206422516,0.5389084739746022,0.7926053999471845,0.9920643121589724,0.8108992932438746,0.8650446121958643
0.9385888913297427,0.9352094838644054,0.42516169074384963,0.3994717516637102,0.3709105258362623,0.8342305257763534,0.7922237707872926,0.7434680905653419,0.7800800402713561,0.32112734777266233,0.2978470546630229,0.27735490264396717,0.24985640284342325,0.32453840601684686,0.9677427689316088,0.9687086812865228,0.8626725950229406,0.9009835099080482,0.7699385732255347,0.9452162664066569,0.9546230056271865,0.8562800533186263,0.3818957348016757,0.3392205096136955,0.3144182193125374,0.3641929105886267,0.32805563273942884,0.2927915445137083,0.2616468844647428,0.2557288829231515,0.4161202199278241,0.901058326534699,0.7506247771680729,0.7199522284508263,0.6063127151305095,0.7391648353675487,0.9550734265323754,0.909064516104123,0.3837022302332858,0.404635276738894,0.3866825045420942,0.37898205370567195,0.30506620430154663,0.6751539072328946,0.9102788698303012,0.7258824349890198,0.7618258662799908,0.7377327295221073,0.8392847791142027,0.7953041089588643,0.7203792863454949,0.9702403346239414,1.0,0.492790091575398,0.4439173110399462,0.4270553915342511,0.44441631139360993,0.44294493851581235,0.4492012631955588,0.4631181043752964,0.4084494639081062,0.42215511959283086,0.4505949375721478,0.45129023919112693,0.4324197580241101,0.795710023562598,0.9497351825767478,0.9169293843256001,0.2692929134548308,0.27603099254101204,0.2384271940687659,0.32978545787629815,0.3134921662910595,0.9292317651013652,0.3860162895867967,0.35205261419938055,0.27290365577520564,0.24142699363756492,0.670335517919006,0.7657373788729299,0.6525594294017102,0.25530564998660715,0.24028431092216715,0.5228233665011992,0.7428296548702229,0.6141561321087159,0.9571402104834992,0.9468479404096857,0.7961374913308735,0.8046544901859876,0.5104823227036812,0.28068139823728644,0.26337703728305106,0.41454318548196506,0.37825730497644405,0.3716536357698285,0.2789439357708581,0.25734137577978994,0.7680468991109384,0.8123829474469986,0.6015532751622507,0.5772687718255949,0.5100199127449283,0.5238605851755949,0.5386637548933909,0.5549783111797354,0.5615536223161914,0.5202932282274871,0.5544770833219165,0.4755584552899194,0.4851779352892305,0.27404410861771783,0.2600056153246206,0.9685149555912426,0.9711324204944498,0.695370116313871,0.2769932253574696,0.2464116460813233,0.7085827497272904,0.7619740418504698,0.6908053131300189,0.4117351192369313,0.4056298275312024,0.9830293806794318,0.9651783469649701,0.9683265643618059,0.860664181018744,0.2785510764472078,0.4570224587458801,0.4140549645708575,0.3464156771715014,0.40017780611175896,0.27808948363592195,0.3174003358715237,0.28353277143278166,0.25097180218697035,0.7556532958439253,0.8577867168515514,0.7942288082553521,0.23990325383326308,0.22831435865055727,0.8226169734349437,0.6691629020653768,0.4423123583633725,0.9114721366756425,0.4142204417215306,0.9586914040582116,0.9499210847016194,0.7757057433836919,0.9345833276030523,0.4204402619301623,0.950809437478517,0.9304653499667965,0.5478115686805128,0.563042897552192,0.8028347604179633,0.949961937018065,0.7806673497575912,0.8358737265315825
0.501046208641425,0.48214874396874496,0.87445343117567,0.8446169574525726,0.897235538472109,0.6078937915113359,0.6125835583858191,0.6188426986557768,0.6275090315370251,0.43746334508496504,0.40580451507469245,0.3753084486696477,0.3428043196380415,0.6520807054273013,0.5275430279255069,0.5038771271725648,0.6226915577440559,0.6414280605049617,0.558021512058809,0.5529214325841026,0.5470804559736668,0.49165750526672,0.8720397721599056,0.6674653049281108,0.42481454001196506,0.8163382189759746,0.6478995688302228,0.3988545249278205,0.3606140957002556,0.33838789591270957,0.43086894940907194,0.4312243525281342,0.6537222327667249,0.5333801532435628,0.6245133204636562,0.5804248839122661,0.5252606975661885,0.4396439896000508,0.8096071307085461,0.8385358596727214,0.7626056763165215,0.8987324115091202,0.6590323783081926,0.6205600604301093,0.4970144460858078,0.6509889801225319,0.6885011291164502,0.5906889194381681,0.5988044658565251,0.622449231974807,0.6912776079565678,0.511767436305729,0.492790091575398,1.0,0.977412454660196,0.9847522268922059,0.9886140510805975,0.9881677788649309,0.9901174250706494,0.9946160094344755,0.9736214651297308,0.9806013659997043,0.9874774823196788,0.9829936814102666,0.981597853318437,0.5664506369822496,0.5210693596555084,0.44855925404047986,0.37159618402886535,0.37479797115365915,0.33685900191946666,0.4530058072134039,0.43427567160821473,0.5136722566579731,0.8101507018638827,0.7229833460634669,0.3731661442797256,0.35043557726769203,0.5911804135417434,0.6321564058370988,0.5831569090419185,0.3551782961731904,0.3275256691256948,0.5190695283313815,0.5328987424452166,0.5050107250824384,0.5242204945434253,0.46681115811242385,0.7240783560331124,0.551394640418029,0.8652268119034607,0.3823879910736007,0.3727941903546589,0.8528256455201367,0.7842461139747798,0.8427493625730919,0.3822535426039114,0.3565033023437237,0.659217257677845,0.6520172732144739,0.5353647736624422,0.534352295394185,0.49720762292998477,0.4473475090886779,0.504814265348667,0.5182063317858265,0.5276106949622876,0.49497138622840414,0.5104788670690965,0.4810706125297939,0.43026989706662194,0.37828522706892936,0.3616186214555214,0.5357328007990203,0.5039351323664739,0.5330927100837898,0.3781182508576694,0.3506423633193356,0.5291962004347383,0.5526962447727005,0.5220457057231662,0.44623054232041887,0.4376098809674676,0.4988059491251229,0.5134969253896416,0.4946134642889854,0.5089557947525691,0.3822746151578434,0.4669138429129442,0.6025479175368671,0.5396241016503244,0.5800238817731392,0.37989433121551963,0.43060163502136267,0.38448859560509335,0.3485835781887313,0.5182073081431976,0.6270173834314318,0.5174981073231837,0.3274575065623393,0.3230856832586505,0.5388543134889553,0.5190331383295078,0.46502915669272255,0.4900376509718206,0.43514779915220025,0.550891364586367,0.5187461128481345,0.6110424460328974,0.48026435791761857,0.5326871933222894,0.5302074522737648,0.503095698371713,0.481755181073129,0.49276680043690135,0.5114168740465046,0.5123877326076381,0.6763250826808537,0.5561725700159434
0.45635794625096954,0.43774354657784115,0.8099279944498349,0.7793778724417975,0.8673693329450437,0.5672282610603698,0.5727934840020977,0.5806505461096659,0.58645429401163,0.37738352505432554,0.34993777372886803,0.32366840259072865,0.2956652649183874,0.5744986391065048,0.47710892530452653,0.4562471463555686,0.5777625498541036,0.593313278397546,0.5222508770915942,0.5059530995970729,0.4990533438838749,0.4526496220645958,0.8344458350480636,0.5871324623001986,0.36573968356030695,0.7747327707775449,0.5689450465255962,0.34340022112555213,0.30917526657676875,0.2906502378730348,0.36758523146785926,0.38567171025519087,0.5974225300105395,0.49298781056371876,0.5707155138231256,0.5410550389489475,0.477068304282657,0.3946894921664899,0.7390609165571281,0.7691252237500268,0.6895397304908791,0.868034840804454,0.5888903988326682,0.587343115302606,0.4539127435635433,0.613235031912614,0.6375166918168007,0.5471573699607393,0.5580324421598057,0.5810552357526141,0.648583095530927,0.462714817898521,0.44391731103994614,0.977412454660196,1.0,0.9832136636733427,0.9886464397234576,0.9906698739515822,0.9826406209864462,0.9842023928686194,0.979648953359772,0.9841856474566462,0.991859586963214,0.9877786393164449,0.9846020598975883,0.5284020937979482,0.47494211432320843,0.40415969262307266,0.32120548244959607,0.3228695450180907,0.29158953942182686,0.3915257493932898,0.3768834222149739,0.46963562053873936,0.7400926143154506,0.6512665744303727,0.3212376534776315,0.2997996551855991,0.5414782451471136,0.5840945824530387,0.5416266964670202,0.305258900057567,0.2818098129435554,0.45135850727849314,0.4716422768313483,0.4411868340739206,0.47497866581122755,0.41430199593581374,0.6876717353215066,0.5152340284314564,0.8452330595299647,0.3283586350915607,0.31744801158344854,0.7847877508508588,0.7135814858237405,0.7834719061118001,0.3285507153889907,0.30566520872070296,0.6207535692047902,0.611776898126679,0.466546007829087,0.4652240683941113,0.4316831507052707,0.3886373087016356,0.43985487747717067,0.45189253576337435,0.4599640559994626,0.4308652107828693,0.4446437242526305,0.4180209008110057,0.37679303822176,0.3266738992852036,0.3097397107432587,0.4852746394919776,0.4554441209707773,0.4644201427527708,0.32481902916899924,0.2979733824652634,0.4662681608068874,0.48775644601978324,0.4595974112676934,0.39113018327710414,0.3853219409396287,0.45067007505098994,0.46480423665760623,0.45013336420911654,0.4483571811354596,0.3289027907203483,0.40413968328615835,0.5193671706124411,0.46467654822696997,0.5005704441528118,0.32783921501871843,0.3712708219330206,0.3315056245735379,0.3008223822377734,0.4860451337065701,0.5847213476088446,0.48317952095083944,0.28291459186394186,0.2814363382477963,0.4747656863125489,0.4576006778542216,0.39589717836294025,0.4451376433563368,0.3706280085632581,0.5006090815384675,0.47112769942345795,0.5726460352261489,0.4370910282922223,0.4548764402602904,0.48323752007087467,0.45918237991030353,0.4233011347858132,0.4374799678068131,0.4508901117896045,0.46473698292776994,0.642021751047977,0.5198510693566126
0.435147186144331,0.41833661831200175,0.8566332071679024,0.832169148777982,0.9078874090172763,0.5404143990416094,0.5464300584413447,0.5545284764234474,0.5608544571931938,0.390220191853318,0.3616424908027456,0.33374731864096363,0.3049819927605086,0.6321677707715487,0.4584668712893974,0.4368246339996731,0.5564365621559831,0.5731058787517109,0.4959047238910032,0.4835972783379577,0.4776524934246799,0.42807720258007914,0.8542488872889801,0.6433371257822404,0.37849590388383403,0.7946621996534264,0.626157748142569,0.3554202813264455,0.3206992893492071,0.29925204425072494,0.37880725008472116,0.368965163139483,0.5829112281988321,0.47360927490019594,0.5606543625045917,0.5176166687299719,0.4563320758856401,0.3778160773342127,0.7942280802175761,0.8225178444927044,0.7407214494889226,0.9093318325832036,0.6442722998522393,0.5662533578028127,0.4347638376998778,0.5918262939754936,0.6231636408335877,0.5255009898155362,0.5311898389973759,0.5552291330316043,0.6250000391341031,0.4436765559948228,0.4270553915342511,0.9847522268922059,0.9832136636733428,1.0,0.9942490961497651,0.9907227047961891,0.9888237294956242,0.9898007224389936,0.9867237377966623,0.9899946099510153,0.9874416645028167,0.9871247190832723,0.9873099934282991,0.5029508556197856,0.4531070650385095,0.3864909128161076,0.33082593087821593,0.3331699716956062,0.29994546589646603,0.4052701290306848,0.3881735211043356,0.44685211012265824,0.7952802567022101,0.7082776318637195,0.33216616906482416,0.311909568324441,0.52459181906019,0.5652627912819325,0.5218575854945279,0.3162280506906299,0.28971584546443563,0.46262237172193854,0.46856677715622863,0.44500174559024464,0.45537560454026543,0.40183951380352606,0.6586569858574406,0.4878506855861449,0.8194530593904877,0.33996031757514317,0.33263255110894435,0.8360772648323717,0.7668948235252795,0.8372797276602896,0.33997490195884644,0.31739893949698933,0.5986741742125427,0.5889841564351902,0.4737358514075443,0.47356716504512075,0.4417233326081793,0.3944854889597709,0.44737933572138283,0.4598193943901274,0.46816438181196296,0.439320997184551,0.4519172684289542,0.4281559400245995,0.3823272031779069,0.33711353208331135,0.3224338902680609,0.46593449521282987,0.4364898449286197,0.46909647710690566,0.33617555095627444,0.3108098689885165,0.4655593798438253,0.48616934608456397,0.46006763105010945,0.4026888942726623,0.3960102908592488,0.4338165776588645,0.44542776170976356,0.42930056623670765,0.44516394222905586,0.3403691300381404,0.4169459266020374,0.5442528621627071,0.4874984812412854,0.5205237202859297,0.3382853945504512,0.3838452041133601,0.34225080210944725,0.3101125070442375,0.4575894607161151,0.5615978545496176,0.45652440100016756,0.29132440447781177,0.2896249017234936,0.47115788859999613,0.4583512390672137,0.4098627061943082,0.42414109823925855,0.383986866966658,0.48063845203634464,0.4505642802256504,0.5499076239818816,0.41767706697345547,0.47250275135244413,0.4615933962098484,0.4363480604571779,0.4291291492919769,0.43917472946665626,0.4452891650558125,0.44460590716299814,0.6174391925134064,0.4919949212292061
0.45312582749521524,0.4358731244712469,0.8506561166745634,0.8241852961413573,0.9049036045967955,0.5609709372421718,0.5661228886698537,0.5739364359177384,0.580538672653746,0.3917837879636931,0.36310524707732983,0.33492007583058253,0.30575658912014636,0.6235171952402931,0.4763677001112287,0.45489442364963756,0.5726836720484464,0.5901058116194644,0.5126235980429662,0.5023013043569643,0.4962515204965936,0.4452994898791655,0.8558525745390634,0.6353906499816679,0.38003598553048235,0.7962789045182757,0.6176840115084649,0.35631498997093664,0.3214004504572524,0.3006340976751496,0.385827317656338,0.3853407291397792,0.5968609648318598,0.48645856385510367,0.5721206426149316,0.5330548395149396,0.4749556374700908,0.3938894028056078,0.786163521376891,0.8150948868097532,0.7344153107142796,0.9051102557337802,0.6356776613817364,0.5801752962524297,0.4495838655368459,0.606818601792109,0.6367380268702078,0.5406772608007778,0.5517102359035673,0.575336287020745,0.6463618445713143,0.4617426484237064,0.44441631139361,0.9886140510805974,0.9886464397234577,0.9942490961497652,0.9999999999999998,0.9942441682822266,0.990083273887679,0.9934796807805354,0.987804368854891,0.9907782974414906,0.9918536047659676,0.9893980620585742,0.9893672669397597,0.5194283702139367,0.47185372230017003,0.402899794244085,0.33206349763360815,0.3345490108318669,0.30081665302586635,0.4064829571677719,0.3897902215018613,0.46560287393325905,0.7877509380585431,0.6997012597662663,0.332974511541609,0.31186515309829427,0.538289342154936,0.579897800822923,0.5352072844172701,0.31682095150150186,0.2908385407330148,0.46852239119223854,0.4798438204123795,0.45193932933928643,0.47353904877128,0.4171965903504045,0.6809583754714482,0.508373762022275,0.8393059437362297,0.34104924303566614,0.3324443529455014,0.8291830997512069,0.7585314689479676,0.8287237896772461,0.3408787127133643,0.3174717595683953,0.614164037068337,0.6049683970518528,0.48179557956267294,0.48108160029149166,0.448039284603054,0.4008281340655807,0.4544959620218425,0.4667312180474312,0.4754256314120706,0.4457127067158646,0.45946281348762547,0.4341160746831445,0.38853477250081786,0.3379188372013797,0.3233748621462814,0.4842087953322238,0.4543669485143993,0.47873989230099995,0.3372303363701213,0.31171833557996903,0.47596928539782923,0.4973772299166083,0.4696397686266379,0.40888080888458234,0.40255659113086173,0.45035596624760205,0.46333941274217,0.4475962660030929,0.4571461586405675,0.34105755214143,0.4239457751589525,0.5461112897392716,0.4870750951962389,0.5227531286861894,0.33928516190110575,0.3854845697186551,0.3433988184043691,0.31094633280769596,0.4753198028354039,0.5785284136850677,0.47300167858911124,0.29176267340945955,0.28998746755743376,0.48378481840576637,0.4669419118960092,0.41663218253826667,0.44264602035324563,0.3902626619463282,0.49895228318214185,0.4690076313797323,0.565453485827827,0.4342317963948205,0.477169358479848,0.48021493153359585,0.45541447021076864,0.4353963341719127,0.4456308629386475,0.4586049765166731,0.4631100738850331,0.633381993393614,0.5096052927296789
0.4516576932674364,0.4342675573463109,0.8412800529352108,0.8114455224759629,0.8875266192416187,0.5607343127489661,0.5667352988766559,0.5745504742426765,0.5812457731994237,0.3970523476033755,0.3682247112288674,0.34016826907190545,0.31046219027316974,0.6136220811126719,0.47519282057909484,0.45331224926525554,0.5710717451745965,0.5882221893423709,0.5108993610749704,0.5008017322965705,0.4949564275165792,0.4437190319032553,0.8711217664469958,0.6269617224007645,0.38548890267052205,0.815316232344273,0.609031910459299,0.361761852687792,0.32671043687591494,0.30582690556408365,0.3899053370209162,0.38496773389823535,0.5952417445262643,0.48370682786932234,0.5698050302798873,0.5315974530940059,0.47360992773549787,0.39322718193841594,0.7723385762028673,0.8022072509518418,0.7180433551928495,0.886291799193991,0.6245037162392764,0.5777448305418921,0.4484862288457114,0.6054773492854911,0.633944449660165,0.53903585684462,0.5515271511299099,0.5757125856272644,0.6453444933567997,0.46048981820219037,0.4429449385158123,0.9881677788649309,0.9906698739515822,0.9907227047961891,0.9942441682822265,0.9999999999999998,0.9926366439638166,0.9917389075183085,0.9874788663014565,0.9901695710706374,0.9955492734958709,0.990096593486851,0.9911228574953376,0.5180147130888851,0.47054341843856595,0.40225400209734014,0.337175274906202,0.33959767058698676,0.30576709361438653,0.4115317551295753,0.39521454535786543,0.464456152672784,0.7732269880936108,0.6815090386773008,0.3385946622654149,0.31733372883180777,0.5371343679101851,0.5781807301490608,0.5335327508090575,0.3223415478480435,0.2964412830603153,0.46942619497293,0.4809883150477093,0.4501924189497604,0.4722860954331399,0.41650271972106045,0.6822573444577767,0.5088618033300739,0.8445650224533591,0.34638630531792763,0.3373399724145273,0.8169577386838113,0.7425347580595405,0.8153331851218986,0.3464746444344835,0.3231384657287264,0.612688232235875,0.6036197657113547,0.48233554857474675,0.4823632207633959,0.4504895517601447,0.40049610135565866,0.45556173500633657,0.46801182748882547,0.4766647016678304,0.44718478263748673,0.460385300486519,0.4359261854241649,0.38714434116233265,0.3438391846502007,0.32823644754636955,0.4829110911047791,0.4528910288615497,0.47882268594846866,0.34268982356743066,0.3162091846217578,0.47725766129870145,0.49854973679075426,0.4709286026580146,0.4111488433599256,0.40430520564827455,0.44900269155325045,0.46236790764615676,0.44501227671017163,0.4543383280396466,0.3467922289275544,0.4245165768327827,0.5490116432076442,0.4909567835055257,0.5275193855062701,0.3446307387883781,0.3907571934093438,0.34854484625584575,0.3161724734784339,0.4738293895945098,0.577050800989561,0.47198423426854597,0.29691419555402865,0.2946842208272437,0.48411423909531925,0.46857134940226935,0.42015206273464306,0.44125364783656723,0.3929197039669675,0.4977069027298106,0.4678344520470989,0.5641846294888075,0.43248990220848604,0.482347255855374,0.47900133050691085,0.4541839120700102,0.4361786948554424,0.4475793232751615,0.4602034858321168,0.4622888688424657,0.6324439744488981,0.5081170806610269
0.45321030978672844,0.4364500195627996,0.8641941308112346,0.8339128382258771,0.8904121923785648,0.5541175786570908,0.5579239993929298,0.5655303951969689,0.5739197156567916,0.4213527401942955,0.39068856190745654,0.36050576704331966,0.329546308491158,0.6439406567457064,0.4798034013123763,0.4570330197196894,0.5791479561767147,0.5968560651874764,0.5156127977548767,0.5045105578565532,0.49852432703478244,0.44547164290105107,0.8863427613204687,0.6574580038035278,0.4092376402549849,0.8313638078185368,0.6397295626819066,0.3842146366562889,0.34684532127572665,0.32450949356939435,0.41203586472705184,0.38790536723066155,0.61200314094388,0.4931504652775505,0.5881306392915555,0.5392790144161422,0.4767382754296378,0.39574831847063546,0.7969445206023527,0.8255972374687117,0.7402799023748392,0.8905271892552998,0.6507565181735747,0.587444372208434,0.45374380766838224,0.6140270263185816,0.6472596593082466,0.5488039957195551,0.5451496373727837,0.5679763505126301,0.6362539190390437,0.46473379337783766,0.44920126319555886,0.9901174250706493,0.9826406209864463,0.9888237294956244,0.9900832738876791,0.9926366439638165,1.0,0.9896713320470159,0.9809165720230764,0.9880293209452129,0.9908382440534554,0.9870236229373588,0.9864996464830985,0.5235087236246024,0.47254462338197456,0.4053492141740892,0.35783604253303414,0.36032155334205684,0.32380787905766784,0.4368780411188589,0.4192350249280774,0.464988682926934,0.7965148503685936,0.703916153758768,0.3593064621662936,0.33792254102628155,0.5516568731621913,0.5906274390257188,0.5459127446149116,0.3422275456023294,0.31453208896446744,0.4959817103169332,0.4999909190295995,0.4736724484231935,0.47592999423328786,0.4241864163724567,0.6729436878072403,0.4996869391419224,0.8318349601090297,0.3677139186648544,0.35998541861337296,0.8409911227122798,0.7639556218019207,0.8345350108498654,0.3677699759775185,0.34332280428396567,0.6215953995454288,0.6114334238813991,0.5080860904539616,0.5088080062085768,0.4755603896839113,0.4231350017583431,0.4811635930353061,0.49388856771118134,0.5027833586898202,0.47229668032153754,0.48581393757446745,0.4605469819228412,0.40771889904361036,0.364855916664525,0.34871512479037026,0.4874843693460963,0.456884002939778,0.5018258054250544,0.3640985419853725,0.3373656363702564,0.4974039417344243,0.5192911066984646,0.49204102188556736,0.43413953182522325,0.42589566347470836,0.45459790368128006,0.46551070627804625,0.4480804150775602,0.46758431146138485,0.36850127767963936,0.45081162832853233,0.5818253748965915,0.5205890522659465,0.5590646158839865,0.36568574105611507,0.4146923076470743,0.3698211830942842,0.33492409026537023,0.4757871896947219,0.583566407064914,0.4761133865916762,0.31366903163026594,0.3099378800600566,0.502125311358486,0.48950123721512534,0.4449353324735978,0.44253332214615443,0.41349052974682365,0.5027158349781046,0.470311352676396,0.5725712068416299,0.4348497238853487,0.5131898950392493,0.48168433273612493,0.45465285455022136,0.45764227686574893,0.46955426647037646,0.4757928639857498,0.4651005716588547,0.6390989492917649,0.5116265315710474
0.4725417385762636,0.4545973340421791,0.8570667316275467,0.828347087988356,0.897475650076997,0.5854286595113387,0.5917183338646523,0.5986904583923667,0.6073429050587649,0.40981894367670746,0.37953406508417176,0.35056250111475723,0.3198685170716817,0.6309066373149139,0.49743261448383713,0.4745385377849029,0.5893784241353276,0.6082943368294721,0.5274503561765271,0.5220549023419772,0.5164745517583128,0.46133042158505067,0.8591740465888046,0.6437923765896504,0.3976826744045576,0.79799833767598,0.6255420702162559,0.37310274493911694,0.3365652369864615,0.31549021310636627,0.40515998832702754,0.4035337752274757,0.6170976448420877,0.502687709242424,0.5905457513264379,0.5485286781420472,0.4953722722050195,0.41210226655046805,0.7914173485575713,0.8208775372736445,0.7416010930716994,0.8958481747587723,0.6405367612213274,0.5907702620376069,0.4659952152474455,0.6193022044619325,0.654719068617049,0.5573240521943006,0.5757676672142168,0.6019294752619532,0.6749171435558442,0.4818991538476821,0.4631181043752964,0.9946160094344755,0.9842023928686194,0.9898007224389935,0.9934796807805354,0.9917389075183084,0.9896713320470159,1.0,0.9806429535766663,0.9860887000464326,0.9895887305139645,0.9849818983631373,0.9859489929326652,0.5348859621466673,0.4919845075997164,0.42121854059720765,0.3470698674981276,0.3499846683007624,0.3143937835995057,0.4248138807903729,0.4081324147167089,0.48549293183252384,0.7919057864866731,0.7043007861550706,0.34852121239458206,0.32776915939843965,0.5568252916614687,0.597522519868395,0.5520969711679361,0.331369402767126,0.3048528060014933,0.49042129016018243,0.5013246106141632,0.47377458742445755,0.4942071299750378,0.4369943487515262,0.7067523149537572,0.5315209823355365,0.8639676883118514,0.3571304142856348,0.349243221504562,0.8351765429239801,0.7648676862946567,0.8307573189053312,0.3569670539021736,0.33297430127446564,0.6274886993179457,0.6201503140368885,0.5046626386634422,0.5040425895163549,0.4707098995975969,0.4211718955942924,0.4769230505103025,0.48942377466760906,0.49822682886128616,0.4674482516824634,0.4819977220488867,0.4552271368385082,0.40607974881403347,0.35355510497541615,0.3375402957521852,0.5051718732354847,0.4744439795019665,0.5022098581975226,0.3532422572573808,0.32701121389796284,0.4973973376770293,0.5201837533074456,0.49124597612302423,0.425119855141911,0.41706006745859275,0.46893657759542956,0.4839793836121911,0.46604738785109334,0.4782085344195503,0.3571102022518612,0.44165401771215224,0.5689494310720168,0.5091578135681741,0.5463657640007549,0.3550502289707776,0.4031378776938966,0.3592669090453221,0.3254146371248624,0.48898293379614577,0.59488574028562,0.4873058798888587,0.3050577299272568,0.30214083993046753,0.5059552828014855,0.4888190484076734,0.43705799662000216,0.46284869979924237,0.4097417912548276,0.5196667111777178,0.489430033260921,0.5797465455663292,0.4520942032235633,0.4999512015660881,0.5003545463659255,0.4752705610571757,0.45538876857387184,0.46552439799637946,0.4795934909352239,0.48325746590081553,0.6468086746380333,0.5245655250832668
0.41676956069927373,0.4011636090427298,0.8419892150605897,0.818734639204151,0.9050386385115679,0.5250393197423594,0.5318824575654845,0.5400817117433034,0.5459843587134192,0.37321782658926683,0.3463278049226058,0.3193124147108664,0.2913989091285479,0.6166807305148512,0.43992408142584977,0.41915340959756947,0.5311030245617467,0.5488562254292425,0.47240651339588824,0.46356449384424364,0.45849565687424165,0.4090803149319636,0.8603028018393439,0.6268630816249814,0.3626829595342478,0.8064858636411009,0.6100836383575041,0.3403894921223689,0.3063348877764519,0.2870763192129631,0.3607453931994164,0.35255384215428637,0.5537597251429498,0.4501549087620851,0.5340255421758745,0.4934363356487703,0.43820519353366155,0.3603207588866719,0.780173884051648,0.8071195871088609,0.7260609241641729,0.9059112488312794,0.6317849509071624,0.5414405345996361,0.4126299967778427,0.5657844797216109,0.5952258753333511,0.49896441156487964,0.5158926106575009,0.5397111301283857,0.6115620047461683,0.4255425804058876,0.4084494639081062,0.9736214651297308,0.979648953359772,0.9867237377966623,0.987804368854891,0.9874788663014564,0.9809165720230762,0.9806429535766663,1.0,0.9898638099039703,0.9826152765601512,0.9803306966575123,0.9839060695759014,0.479626947109443,0.43547107311043526,0.3692190461145909,0.3171300846948864,0.3191406685824372,0.2881092359719282,0.3866076872113725,0.3702047931820942,0.4290605257072241,0.7811396589860172,0.6944799658349792,0.3182657134353854,0.29945806158814425,0.4989118907732848,0.5381533036170275,0.4955943019945246,0.3025565038661861,0.2786821707034904,0.43957683301805495,0.44865320992409025,0.41774797671495656,0.4371934908797815,0.38518032755924236,0.6431672683787086,0.4754309134390213,0.8085173856362822,0.32585304304037227,0.3178518987149073,0.8198549703862352,0.7499722111054985,0.8270042184682823,0.32547309511310074,0.30359777543624594,0.5731923185022075,0.5636438724002673,0.44907408146243605,0.44950357902979304,0.4200754108826298,0.3705439048426545,0.4237892418896153,0.4360487147436048,0.44429841063904024,0.4161666775209741,0.4280426437507519,0.40770718255559574,0.35915523566793606,0.32372101945545,0.3082142437674267,0.4470124863659733,0.41800860362108544,0.4449882115768416,0.32177914367262744,0.2970358893779652,0.44615160794710845,0.46514395985616697,0.43970768941355276,0.38397531518332484,0.37856485414848173,0.4142789696482515,0.42732500308429,0.4100692804243942,0.4235701789708736,0.3262163210784756,0.3953083965114404,0.5214506759884192,0.4643565965532824,0.49722197667859713,0.323942992135202,0.3676325452571154,0.3278235050371495,0.2968940978432215,0.4358507158310341,0.5368523471635638,0.4343401006653202,0.27816522506646146,0.27677298811137135,0.45080968482673295,0.438301379722829,0.39030888338232633,0.4082193426906185,0.3633310079238118,0.4610751589008606,0.4324740592563309,0.5248065936642448,0.39894042028397747,0.45204977480323416,0.44316414378641367,0.4195715180497033,0.4093149978108527,0.41892490411610067,0.42866601117083697,0.42777038275796864,0.5934827934961702,0.46904175380926244
0.42758619176261903,0.4118905741936208,0.8487961489618729,0.8223942170669842,0.9032258686798171,0.5325509159354586,0.5375233235153972,0.5462336377813546,0.5527121343263186,0.38582240089507397,0.357721390399457,0.3302386516190216,0.3025432210229192,0.6240259940437873,0.45160557357867964,0.43040682159849963,0.545895229828549,0.5624960759350806,0.48533670266042717,0.47548272434551164,0.46989398346680644,0.4198633298621313,0.8696316685663212,0.6357984656683495,0.3742344633931203,0.8152350021863569,0.6189698573619977,0.3510406018229641,0.3156936226285818,0.29637228610217586,0.3738579545717003,0.3642142104085557,0.570231228443395,0.4623618793756934,0.5503691602461358,0.5067267528404614,0.4494234245537647,0.3721410798860521,0.7841349392622573,0.8119210754214422,0.7293164805913503,0.9031031883371455,0.6368368726945052,0.5545577249535086,0.42421051588954056,0.5798165649165481,0.6100634742048304,0.5133688750339088,0.523401232102154,0.5471121121325343,0.617557110787161,0.43727501973021093,0.42215511959283086,0.9806013659997043,0.9841856474566462,0.9899946099510153,0.9907782974414906,0.9901695710706373,0.9880293209452129,0.9860887000464326,0.9898638099039702,1.0,0.9877898019049631,0.9850828428103016,0.9901733172719457,0.4923344590651102,0.4464148447930622,0.38173305962886045,0.3279209823217977,0.32957249707627756,0.29777918953939714,0.40117028741508065,0.3861429513851596,0.43988145476513446,0.785381714969577,0.6947214399848235,0.328136008074868,0.30668393954900663,0.5137815138120978,0.5532219219094846,0.50980337557774,0.31133088083597776,0.28806470998288997,0.45547778014966933,0.46226446016662,0.43293695254866416,0.44838308691486156,0.39669581767181816,0.6498796426412867,0.48223725503572235,0.8093350260907273,0.3355310237500593,0.3273276405426304,0.8254717540658839,0.7534982782630556,0.8288799140702606,0.3357225363468431,0.31220153301653675,0.5867312430085518,0.5777487594411447,0.4649131781517428,0.46526210055338885,0.43478164202453146,0.38479004985507176,0.43911207025268506,0.4516062970476181,0.46003368730040795,0.4311891269632363,0.4434655266638175,0.42238923354877334,0.3715751775864875,0.3335912177346886,0.31674543639097646,0.4587859975709169,0.43000296115843994,0.46091577218497554,0.331668314490137,0.30507788289959786,0.4588568088383684,0.479542072140623,0.4538777030380603,0.39752638344352687,0.3917385223208094,0.4269114699680329,0.4387615299380789,0.42282020568136625,0.4362205895547293,0.33645081766471663,0.41039413496753135,0.5370109673939159,0.4803442511909363,0.5145477903965513,0.3348647482018862,0.37940010981971545,0.33857445594276436,0.3072753574591792,0.4481423545056918,0.5505210447761858,0.4467229411603791,0.286643234500377,0.2849182386895267,0.4646754446164163,0.45102891884009233,0.40426410125141704,0.41863220734670686,0.37612466365742336,0.47320049860580143,0.44384032003155166,0.5387564359280123,0.41053423127016053,0.4659742730831084,0.4546900146588986,0.4302430306675808,0.4201623784628487,0.4316413560452981,0.44140683060155866,0.4390092000245953,0.607463940437776,0.4827929532311397
0.4592897204831229,0.4413750892978666,0.8334350900582234,0.8016050142695692,0.8753901496116997,0.5695063803504741,0.5754377362475549,0.5824409464530576,0.5901976330757487,0.40131723675971065,0.37245626866137677,0.34415603874406275,0.3135147054319777,0.6035077599231545,0.48296794272816673,0.46080621527235044,0.5795392677525747,0.5964679947837255,0.5197072018945775,0.5091467969315313,0.50315170177485,0.45141396026920816,0.8693937215636033,0.6180342098402957,0.3895248373422359,0.8141491625235596,0.5993536503560912,0.3660094318948155,0.3308167834435959,0.3094511532811903,0.391237628214976,0.3916420072256445,0.6037297799199113,0.4914046944113998,0.5795568225794385,0.5403271935464931,0.4816212083225247,0.3995718817932669,0.762018590158831,0.7926610298449335,0.7094513386868493,0.8754041522104375,0.6137743998105827,0.5853948153420339,0.45576251699300757,0.6134493440683839,0.6415995217021428,0.547902409174497,0.5607267145111724,0.5847244272380877,0.6538785539244992,0.4680074598956343,0.45059493757214775,0.9874774823196788,0.991859586963214,0.9874416645028167,0.9918536047659676,0.9955492734958709,0.9908382440534554,0.9895887305139646,0.9826152765601512,0.9877898019049632,0.9999999999999998,0.9907190984768928,0.9909958712173501,0.5266391745151392,0.47857752517124896,0.40919736423975145,0.3410762564280586,0.3436547093394166,0.30909551599759155,0.4157807424973324,0.39933089059628457,0.4723234208360099,0.7629458460943743,0.6710313095151342,0.34269256958462974,0.3219256514119711,0.5463133028109519,0.5867993454011774,0.5430307273384344,0.32642850670764806,0.30013007346766685,0.47312382957005045,0.48654953886064134,0.4545482421560833,0.4800938323193072,0.42236838124555265,0.6912050310521042,0.5168683362839936,0.8517299217285348,0.35069687336649424,0.3410525410636044,0.8083304448524026,0.7327032770635146,0.8039529469324135,0.35047676840872266,0.3271355141418281,0.6204890739688961,0.6120564956529551,0.4858612853228561,0.485901876097695,0.4521717351434052,0.4034811912273358,0.4580519949308592,0.471042366735525,0.4798733114247586,0.44978423518665467,0.4633423240612092,0.43792697923969887,0.38922759376770144,0.34791162539228593,0.33239846543243695,0.49057937430399273,0.460509260575327,0.48226910038739046,0.34705096193547147,0.3207111783431346,0.48298381001087415,0.504904103209757,0.47610106305062616,0.411715745880124,0.40486469772610234,0.45603312121856054,0.47002249413449937,0.4532622692732905,0.4596466229595162,0.3511484780273213,0.42827458603473795,0.5515543108495242,0.4932771137240558,0.5316158587952681,0.3487115297333481,0.39494091829918054,0.3525993594135167,0.31965026068624003,0.4828573694245368,0.5855514657619237,0.48033571260325614,0.30017586031548776,0.296803297789714,0.4899000355840757,0.4734553407262628,0.42184430974301307,0.4497459753760553,0.39363319183295575,0.5057274557059026,0.47558414949691813,0.5719242669954209,0.4393067550794171,0.48661571601074866,0.4870629794873671,0.4626127346717077,0.4397315830166384,0.452903675476743,0.4659266620388307,0.46998535904417765,0.6399580490572006,0.5172094681635376
0.45885846001785224,0.44052360747636504,0.8347249477572984,0.8045997466060086,0.8753747913931885,0.564239386267714,0.5690166156462406,0.5767130436263544,0.5834761156178538,0.40079412293750016,0.3719637575468767,0.34416625796979,0.31467573489342465,0.6064262544490703,0.48162048404685104,0.4603639211930239,0.583653972403657,0.5994608102173147,0.523210475357343,0.5092103910679296,0.5024351565746573,0.4535818618642448,0.8483659121423837,0.6198438986576316,0.38838793931768223,0.7965512544338255,0.6008896783757459,0.36456731488521754,0.3292507745615642,0.309272685918425,0.3854018924970859,0.39038137980764115,0.6083085699930084,0.4969247255802189,0.5823949275941852,0.5436887188728066,0.48021236485904645,0.39841253910383656,0.7649957249162399,0.7959548237684819,0.7135219334093799,0.8784013961923073,0.6160448153448871,0.5928158405695453,0.4589439135455771,0.618832274357116,0.6469062667302488,0.5534359782962348,0.5548526885229466,0.5776456560652029,0.6447682420404152,0.46750104065994297,0.45129023919112693,0.9829936814102667,0.987778639316445,0.9871247190832723,0.9893980620585741,0.9900965934868509,0.9870236229373589,0.9849818983631373,0.9803306966575122,0.9850828428103017,0.9907190984768927,0.9999999999999998,0.9871722205998719,0.530678632957671,0.4773566230818193,0.4091181747635293,0.3410048081106948,0.3434692723173779,0.3097382947799595,0.4158332541774174,0.39917056089997494,0.4710677302621087,0.7659999135421787,0.6752697257551443,0.3414317247120938,0.31900239890550847,0.5506542459330634,0.5926239475218494,0.5479269918393687,0.32472525092461063,0.2996359824043298,0.4722562265587791,0.485190613512573,0.4569513954017645,0.4787675663883715,0.4220183520749673,0.6823294633669412,0.5113260070054377,0.8336685446535187,0.3492334223532286,0.33888444743578616,0.8111457275305657,0.7375596700252797,0.8068317568501167,0.3495783726103217,0.3251214569137759,0.6254395749685004,0.6160721287357922,0.4858574987166616,0.48477774556740405,0.45023679722119136,0.4048620239719527,0.4580872215346389,0.4706265329971629,0.4791571646998916,0.44930296247341467,0.46279417823111835,0.43709927119367975,0.3912277092122166,0.34665465469831724,0.33075865301443513,0.4898529230355086,0.460133949899143,0.48214416097114565,0.3451915069531695,0.31853268983662225,0.47941331744767557,0.5024295434919998,0.4745856050101643,0.4096091525966422,0.40310961763440367,0.4575855974975165,0.469003952080099,0.4539366945300549,0.4593100305206576,0.3497329313815735,0.4259478202571665,0.5512186487204711,0.4928864288967467,0.5293512514034543,0.34854238311316427,0.39425557449257637,0.35228946721482507,0.32008330353976394,0.48516842835456964,0.588961120996613,0.4834273146237451,0.2999704264400954,0.2978011769223009,0.4882902161890287,0.47186237084693927,0.4172559759412258,0.44657093006662685,0.38850862580495776,0.5048457829410941,0.47421900665332206,0.5767060981930539,0.4400966981412505,0.4830619821613362,0.48591514867233193,0.4602386365002794,0.4386576955010551,0.4520742313110448,0.46197145023995123,0.46791162260895275,0.6447164764441804,0.5217886539566423
0.44068773620753193,0.4242187440492554,0.8369468358561588,0.8082237332962243,0.8930310082232482,0.5501585166488523,0.5572722752816427,0.5662065591748212,0.572399516432188,0.39354561358749884,0.3660110838258621,0.3392202983363408,0.3099532284062418,0.6106862726533432,0.46380921383880686,0.4423916686544523,0.5540379784542657,0.5713599346443812,0.49327470763194,0.4874416200118235,0.48228256422103966,0.42839511455410506,0.8683423301262494,0.62338186153477,0.3823360361795647,0.8166587064608921,0.6057028598382207,0.35954625667291196,0.3251230445799031,0.3030520333371056,0.38101011073960034,0.3752681940880758,0.5770708671129697,0.46672343213267664,0.555250250674614,0.5136345884855669,0.46170415327092795,0.38302905068632004,0.7692640243187311,0.7990255773323175,0.7148683716554315,0.888871650176026,0.6210048516446429,0.5608170504661054,0.43418189597506945,0.5866624153497731,0.6158299965668304,0.5213640234260682,0.5413197413701994,0.5658475558698789,0.63616388008005,0.44945701096373664,0.43241975802411003,0.981597853318437,0.9846020598975884,0.9873099934282991,0.9893672669397597,0.9911228574953376,0.9864996464830986,0.9859489929326652,0.9839060695759014,0.9901733172719458,0.99099587121735,0.9871722205998718,1.0,0.5007176349305413,0.45912238419607027,0.3933316615439523,0.33599743900292844,0.33837016788260527,0.3060862727884888,0.4076184358187328,0.3916607262982963,0.45316738427656766,0.771004844919805,0.6789947997876188,0.33698547799437706,0.3144932935260795,0.5189761784876444,0.5601858857391002,0.5161506015949175,0.32013602486066106,0.29459393120115235,0.45899912118765446,0.469013559029404,0.4393654259314426,0.46059781691347124,0.40705874603025133,0.6690372333437404,0.5001945158049466,0.826866535312361,0.344480708087188,0.3337934412938626,0.8130555050859962,0.7396157298376197,0.8133557958589565,0.3445076033344389,0.3208951589246137,0.5929088271477526,0.5852309642395964,0.4701428357915448,0.46996588676722434,0.4380437777525762,0.39119410265357685,0.44415241547558837,0.4560798364788361,0.46479032687882377,0.43611909513987995,0.4490664360713884,0.4250788201168471,0.3772738614620283,0.3419046641266339,0.3252364488110104,0.47094439098824353,0.4425218246163382,0.4669512866206108,0.3404215092750304,0.31297941781437966,0.46384291723221543,0.4854841254317509,0.4575290953178613,0.39985953009045583,0.39262942630400843,0.437553945939586,0.4515606100233187,0.43386993049948797,0.4424608598466738,0.34493407565035367,0.4141906614515394,0.5365285726640052,0.47978489789955114,0.515308056300619,0.34313727885878686,0.3873308658520168,0.34733759367625316,0.31645063039015126,0.45709663402861783,0.5599876949121539,0.45532414486305073,0.29748842094099,0.29583454129257364,0.4706703344492791,0.4549173671948691,0.4105874153147364,0.4314717947476171,0.38549459122675683,0.4849772032668027,0.45613053621075306,0.5454042655182029,0.42158879870190363,0.4721556124360356,0.46729575870208273,0.44341888948037095,0.42301672345624575,0.435858024906989,0.4475075266090005,0.45124895825104566,0.6139119540672875,0.49237786650768417
0.8413881336703045,0.8068732590585582,0.43919528297992927,0.4098336794211239,0.4247542551645024,0.7875775205946847,0.736342051610784,0.7060549001013847,0.7251860324826397,0.2909237761191624,0.267327392797088,0.25015520859462154,0.22670077956791274,0.29574645916158143,0.8300282721241803,0.8262368168747283,0.9749899207727418,0.9562052191220718,0.9882750100427748,0.9074770851350872,0.8787678755974443,0.9297835578065776,0.37683183148056826,0.3064283409138354,0.2805116679731064,0.35137796639927193,0.2934788409991614,0.26122210308973626,0.2301839554649162,0.22329144846983873,0.37709145481357403,0.7569149575944603,0.9300148730268751,0.9247221610594926,0.8135443562775794,0.9768754390367395,0.8560056990325052,0.7738479527807658,0.3893547113835063,0.41336771524347715,0.39898191146095735,0.43461297268471094,0.2801256674782049,0.932273977583053,0.8985557133942119,0.965683981208309,0.9525763800770133,0.9688950180259405,0.783312770573528,0.742334891987489,0.6961610771440311,0.8285101188010429,0.795710023562598,0.5664506369822496,0.5284020937979482,0.5029508556197855,0.5194283702139367,0.5180147130888851,0.5235087236246024,0.5348859621466672,0.4796269471094429,0.49233445906511014,0.5266391745151391,0.5306786329576711,0.5007176349305413,1.0,0.858359804533006,0.7770428157359953,0.24533592824554712,0.24775066027654702,0.2186546966387011,0.3066773288258593,0.29280144736257824,0.8593293613160731,0.3933865228931535,0.3594587987283054,0.24235604773526856,0.2139189593821287,0.889461840744639,0.962828744735715,0.9000037338069206,0.22802701987211868,0.2104790175743386,0.43516823515446407,0.5706903632733265,0.5857947185560854,0.8457384704590144,0.7610678428712676,0.7801725516264075,0.7338051882300868,0.5606272778599373,0.2504113898939222,0.23311231580191782,0.425845890107987,0.4036907865520932,0.3822372318350405,0.25039256502169016,0.22533578517152042,0.9746901152898269,0.9792420571288133,0.5315210649564398,0.4999078958563772,0.44282806822469434,0.47728859850027333,0.48067884656690646,0.4820888233787721,0.4883756873528179,0.46229822900478285,0.48913494079035974,0.407114891791038,0.44707015718030835,0.24364579858332977,0.22868465041452266,0.8418495807940629,0.8208137949249791,0.5748781504264789,0.24487019963185028,0.21796127372718466,0.541561639897978,0.585695827656096,0.52483959364803,0.35112913258580825,0.3447999175299223,0.8331284052202055,0.8324850103458816,0.8139219959321732,0.6928898865302698,0.2462420838510903,0.38680320517016253,0.3885988431094249,0.33484278955352936,0.3900333991309033,0.25013546218157967,0.28602669427203115,0.2549371337803985,0.22839561039322392,0.9728989337853569,0.977975984709638,0.9770364708862568,0.21507426818634265,0.20379455547073974,0.6244134206119528,0.5077777656152257,0.3960744173191886,0.8038058562076209,0.37285841575411677,0.8736889363072929,0.8467887186224132,0.9721030453089918,0.8414222576644467,0.37085541292733937,0.865437853944477,0.843515957925815,0.4124834792628302,0.42865628422859137,0.6006081881873634,0.8285475909227201,0.9731320626495986,0.9809128434812877
0.9917881667285757,0.9834060618017242,0.41749067567662534,0.3911301805175955,0.38204674465272165,0.9265933002116536,0.8868545226945497,0.8385876881541038,0.8721357344392909,0.2844336555743768,0.2612517523534773,0.2417955653082205,0.21825907796745356,0.30129973702856777,0.9918985033034459,0.9921419809136346,0.9022971601087523,0.9365229953360036,0.8390939954258135,0.9920203206016053,0.9961720056195729,0.9238484587357089,0.38225116487582395,0.31592829193632294,0.2765610203729536,0.36140463519656446,0.3041964534095705,0.2553416028476441,0.22519227489270996,0.2195706405621016,0.39638813553057967,0.953259252057218,0.7766259852556068,0.7598045132810776,0.6271350074053681,0.8003573921684344,0.9982201235012729,0.9583165365356825,0.37340157827961895,0.3946758608075688,0.37843649786389466,0.3913486788328777,0.28288903961399037,0.7219121328974714,0.9237927279799408,0.7830881865197257,0.7969723210214011,0.7863601052954673,0.9317174908904339,0.8892467041828146,0.8116610966518102,0.9926945280841663,0.9497351825767478,0.5210693596555084,0.47494211432320843,0.4531070650385095,0.47185372230017,0.47054341843856595,0.47254462338197456,0.4919845075997164,0.43547107311043526,0.4464148447930622,0.4785775251712489,0.47735662308181925,0.45912238419607027,0.858359804533006,1.0,0.9601904964526604,0.23573841829971928,0.24013393327300905,0.20769587408694198,0.2963474511875363,0.2837137201159596,0.9956490041725361,0.3756465199194529,0.3470300368680054,0.23661064003909965,0.2063321892474909,0.7003908011548511,0.7999258240785723,0.6916804315925578,0.2191084326884102,0.20377308809581945,0.4685396145390913,0.7022676727723871,0.5702618371625549,0.9970851059714061,0.9629392843526261,0.8827646728631329,0.9000491906666173,0.5631550952077141,0.2429442454822038,0.2287397354459689,0.40514732315331564,0.37267318737095895,0.3647057882636773,0.24310219949592832,0.22094060715826197,0.8183288576245699,0.8588344899097513,0.548847218938141,0.5223435370468456,0.4566902055897038,0.4704471635013951,0.48543759097148015,0.49893971749992483,0.5062333650691312,0.4669401537051952,0.5004781858439297,0.42115850815251715,0.43357035241997727,0.23817117330443838,0.22135011387556172,0.9913458200537394,0.9896651798238318,0.6410111652553343,0.23896950010813683,0.21138781217763392,0.6594093058990453,0.715823837627392,0.6356573070165937,0.37683799198945256,0.37225880886769785,0.9638767010786385,0.9942236674542783,0.9522241833833139,0.8163912447704817,0.2410610735490238,0.42424457788643516,0.3856154414826269,0.3258835448548678,0.37613908038076393,0.2436310296825542,0.28065940291809405,0.24783065508138005,0.2192827026693184,0.8319400413387051,0.9038317596248219,0.8536338445835312,0.2093535457284179,0.19950451643997508,0.7763484875713638,0.6142688982312136,0.42036434826390134,0.9785378903463826,0.39885015394080725,0.9931162676602427,0.9978255333837225,0.8288505949853805,0.981052652938777,0.37922880714136176,0.9988365854869102,0.9931429863478808,0.4842155840135297,0.5048277153378908,0.7613274897195359,0.9942807264620362,0.8344981341120222,0.8923618750595316
0.9703128625953606,0.9779357077635927,0.3636927212111836,0.3399524129810039,0.3279645047838828,0.8558710352613162,0.8153160038278212,0.7649668982878434,0.8002231441431559,0.25744416321418534,0.23699756904766256,0.21817758155326256,0.19489162691489356,0.27075741758613997,0.9541121637107197,0.963954130484409,0.8319633955962852,0.8676796268320177,0.7548192401332843,0.9429551443018461,0.9513892269562668,0.861962882572419,0.3359235480540599,0.28270616431082757,0.2506852423333356,0.3178892684093411,0.2738760877411591,0.2318452491651591,0.2072126225808364,0.19868750885877276,0.36567837738196696,0.9871607173172067,0.6861117155425909,0.6760465334511473,0.5408838269851953,0.713359749161731,0.9570818327364891,0.9878345624990943,0.32510131048020346,0.3432009598236469,0.32930961002577464,0.3342305628361898,0.2511482534373286,0.6353891924741847,0.8771016425104702,0.6958194141234146,0.7065758167667262,0.6959941297141982,0.8613895972874085,0.8175620827612706,0.7344948039903199,0.9606174163540349,0.9169293843256002,0.44855925404047986,0.40415969262307266,0.3864909128161076,0.40289979424408506,0.40225400209734014,0.4053492141740892,0.42121854059720765,0.36921904611459083,0.38173305962886045,0.40919736423975145,0.4091181747635293,0.3933316615439523,0.7770428157359953,0.9601904964526603,1.0,0.21314807897589264,0.21713494388399887,0.18734566444138942,0.2667594394037348,0.2550906329528407,0.9617205284759575,0.3271265119255929,0.3035157089338304,0.21507437882933775,0.18510309562207833,0.6108445617237079,0.7120300991474355,0.6030728558110111,0.2001902467974011,0.18271913525980996,0.4187840422297357,0.6612915220089441,0.5085056454294927,0.9594088930517923,0.9620313407884538,0.8041719293642596,0.8320321664281256,0.48706995773333045,0.21979371032584688,0.21040529303678654,0.35295790843182195,0.3217982013038153,0.3159005042675901,0.22038237650107642,0.20309818889859393,0.7302296022166589,0.7781774008922758,0.49030015412485867,0.46565187989066936,0.40329890863662554,0.4153026230531522,0.42763787866512804,0.4409870265166281,0.44810149531379817,0.4095056791986781,0.4428296585805886,0.3692527810140173,0.37628768276050284,0.2162582705708262,0.20279037352710705,0.9536122380710925,0.9594745616299548,0.5874244637901038,0.21731311004111672,0.1927441534263662,0.6137320167167941,0.6711069616592037,0.5908918076538557,0.3373766838510952,0.33150255300325004,0.933857077563371,0.9618008901162309,0.9211068015832375,0.7774729694458797,0.21926274601198914,0.3927734094450731,0.34200879355039987,0.28309626606733496,0.33089228142355426,0.21989341512764157,0.25358567617199657,0.22369895701841214,0.19875105341500535,0.7536898981389754,0.8297102314955795,0.7778692372639393,0.1902875403480532,0.17980635583400975,0.733270492826496,0.5675852246410975,0.38682269835172306,0.963493264292148,0.3751593023708911,0.9481530440957986,0.9615319854686234,0.7437709295367462,0.9742194825645265,0.34458651754364455,0.9588066334419693,0.9626855402556342,0.43556628741141934,0.4601233973902443,0.721995581234405,0.9629044242183658,0.7463363222207554,0.8250770153595054
0.22001025785361422,0.21728165554530093,0.4696184747041227,0.448077140788623,0.3092137429788122,0.22861135028860188,0.22298949073637933,0.22756845493234062,0.23257409306571453,0.9841916714033365,0.9907507606329305,0.9938442346349442,0.9848519905525573,0.4256364391085514,0.2687748426983478,0.24379120943964844,0.30129878114616276,0.31925098187174733,0.23254680842421918,0.2556902749222711,0.26035885902095407,0.1762075663923785,0.40564315651895344,0.4627471733244657,0.9746338100187238,0.39152183195834606,0.4431697187090558,0.9741933118062296,0.9332662137711325,0.9572114621201494,0.3997297812342121,0.21262106683716098,0.42105592533980435,0.2718137522679575,0.4161668773816037,0.27759211362715847,0.24942922107217094,0.21394775636249289,0.4426704176664624,0.4598287015213215,0.44323733302938384,0.3287737067327182,0.3941415800190452,0.27585804125620644,0.23752926915044215,0.2890319411205385,0.36718945449298673,0.3065343948887777,0.22498998251615981,0.2316913380552188,0.25183005998324437,0.2543260742487292,0.2692929134548308,0.37159618402886535,0.32120548244959607,0.33082593087821593,0.33206349763360815,0.337175274906202,0.35783604253303414,0.3470698674981276,0.31713008469488635,0.3279209823217978,0.3410762564280586,0.3410048081106948,0.3359974390029285,0.2453359282455471,0.23573841829971928,0.21314807897589266,1.0,0.9930952671172137,0.9911385020269496,0.9640969791374262,0.9264019739446715,0.21736666758507214,0.44182689231677247,0.40325002590758574,0.972305696495429,0.8267131668422819,0.36102427604146714,0.34425773969724127,0.32666949451197125,0.922163829803336,0.9653514652352019,0.471708722154676,0.4205065144601294,0.4514490325424634,0.25398269890222813,0.2597030750915359,0.2730001313709799,0.2012798165715805,0.3270644341835602,0.9682374590417435,0.8292443838513559,0.46185982129072445,0.42801669432752043,0.40542396266898056,0.9795250734258604,0.9131611689891589,0.29955736010471584,0.30021114248558267,0.4889642389039317,0.49880005495393254,0.457750656783831,0.4364497404409049,0.47645067652308065,0.48196666696444557,0.49055576187344596,0.46685600168508185,0.47436294413079055,0.43387961435832034,0.40912263149845773,0.9802142615040882,0.8876512368130687,0.27404680670811343,0.24859050983752512,0.46301481020795165,0.9592020646952648,0.8508486359933721,0.42427303125985055,0.43769131396054384,0.4256504786516923,0.4274245843861199,0.4209772244800759,0.2538504539747456,0.24875044514241082,0.24252301901930767,0.35872905053811216,0.9715206198970912,0.4666704893014689,0.6053804852756438,0.553564067751931,0.6098920146523286,0.9969199395129075,0.984993992182704,0.9956809264273917,0.99332659860607,0.20435478125242734,0.2880771723233819,0.21402209866908867,0.9661460085637328,0.9532153363593825,0.40780062422352237,0.42728679118379936,0.4380385509832248,0.21818252251224446,0.39885582769133887,0.2755721082612646,0.2393177275567176,0.27230299443063083,0.20689174594105195,0.6962038342204768,0.24529792907824738,0.21850239179023861,0.4098897481424738,0.425972842747783,0.38597644706083767,0.2448757306133255,0.294157262307349,0.23124197530837773
0.22408417447922532,0.2215786068293445,0.47564522551305455,0.4536747073360561,0.31101700939228083,0.2313491466846026,0.22496269910919947,0.22963613746321102,0.23547416599740723,0.9866094788434773,0.9962277383127892,0.9976406901831284,0.9777423215786404,0.43543590957989214,0.2747023230594848,0.24887447613042524,0.30433453025931423,0.3233518141301274,0.2335917728180621,0.259882901133222,0.2652715501096709,0.18013281064964523,0.4104661414149597,0.47182802706335303,0.9868280742756098,0.39667969606165454,0.4530120214083285,0.9890898258130721,0.9589816315536812,0.9570884911086015,0.4026167614509953,0.21671601690035125,0.42615946964100715,0.27435207309643583,0.4194305783096838,0.2789936011340176,0.25425898245855044,0.21773044967046426,0.44845278035616115,0.46606387035403585,0.44768118227718023,0.330345967916039,0.40188138835741577,0.27662899348911246,0.2425559331002237,0.2896161886107486,0.37035307342459745,0.3098428556419206,0.22788088330281547,0.2350867246730366,0.254377519600073,0.2597962930552649,0.2760309925410121,0.37479797115365915,0.3228695450180906,0.3331699716956062,0.33454901083186694,0.33959767058698676,0.36032155334205684,0.3499846683007624,0.31914066858243717,0.32957249707627756,0.3436547093394166,0.34346927231737795,0.33837016788260527,0.247750660276547,0.24013393327300905,0.2171349438839989,0.9930952671172136,1.0,0.9840715583903171,0.9538072696605765,0.9105706796423909,0.2211329476818537,0.44765077841341333,0.4068766883511843,0.9878559968763237,0.8600961743504487,0.36383236561695215,0.34742967247514867,0.32782854848341564,0.9501409503046624,0.967772856003019,0.483572867074431,0.432655251283088,0.4636312548704187,0.2592941704113702,0.2653147284969694,0.276590645931104,0.20270069215676279,0.3322621830842103,0.985537849203114,0.864003028295998,0.4678501253528147,0.43240425916548547,0.41094889236876136,0.9924531289910044,0.9422730413475667,0.30173696595514776,0.3026022446329724,0.5021391004681889,0.5116047221424764,0.4697792251624403,0.447973437708679,0.489094245213101,0.49463834610832697,0.5035176957948028,0.4792988789339569,0.48733563752715525,0.4451282048802636,0.42143771889404574,0.9912750132409556,0.921312605873095,0.2799200273432032,0.2543636221261409,0.47628221702953627,0.977984365563198,0.8860952912143822,0.43575124341520066,0.4489949323203853,0.4368127674056794,0.43596259628513184,0.4280221976275776,0.2597289902198227,0.25380766552176126,0.24751664641629897,0.3700515798706819,0.9864517296440349,0.4737006224370527,0.6112917963895513,0.5580878333757207,0.6139592252021245,0.9948589298445081,0.9899262407489369,0.9979432373577155,0.991315925645162,0.2046585278650287,0.29083068015183206,0.21603878314244412,0.9731681818695816,0.9561974448849384,0.4184904734573867,0.4386797534610059,0.44168425490659,0.2212657668559665,0.4005931768758428,0.2811500592159175,0.2436377676446586,0.2738784936562368,0.21134458384404345,0.7223317529062945,0.2497885588760909,0.2220004796277538,0.42023274361982677,0.4359669619133847,0.3987217746513339,0.2496337681025375,0.29668644203621003,0.23385591249455567
0.19240809086665983,0.19042862946305777,0.4274224746050826,0.40800138320840873,0.2781501565318403,0.20216759371590878,0.19748529610007537,0.20339710560547655,0.2066799388463705,0.9646400490464158,0.9760273450429228,0.9855349783728111,0.9876282967711363,0.38840020001133424,0.2381908351673771,0.2148622476547132,0.2704406680438079,0.2862071536247497,0.20754410586041258,0.226568996529712,0.2307968314578949,0.15215251434859997,0.3690212557719818,0.42311161237012634,0.9553043654544334,0.3558622744553991,0.4050286566056406,0.9582444199547994,0.9152282285712839,0.9513566803403875,0.35867790381140485,0.18705727330826702,0.38436461045746706,0.24561183159614003,0.38302493536496884,0.2504259020764777,0.2203299532907221,0.1894712692074945,0.4027587756935546,0.41874886717454624,0.4045443398175088,0.2971392598664567,0.3595236790338344,0.24743660206191312,0.21213677632470215,0.2585113786882719,0.3326715036552619,0.2777336471627815,0.1984249944064045,0.20533537092435497,0.22616157360100123,0.2246092715996449,0.2384271940687659,0.33685900191946666,0.2915895394218269,0.29994546589646603,0.30081665302586635,0.30576709361438653,0.32380787905766784,0.3143937835995057,0.2881092359719282,0.29777918953939714,0.30909551599759155,0.3097382947799595,0.3060862727884889,0.2186546966387011,0.20769587408694198,0.18734566444138945,0.9911385020269496,0.9840715583903172,1.0,0.9421323718393421,0.9067309782295475,0.1905184022505178,0.4023433232412115,0.36760181674844367,0.9598999634374966,0.8044661823025813,0.33032095736526884,0.31145630183609274,0.2981947028934486,0.9054757071777655,0.9654531545384982,0.42646507059629124,0.3807380659463183,0.413230486738389,0.22462290489198133,0.23047866533490646,0.24369727940614716,0.1773242460017994,0.29902374599192044,0.9537590767911585,0.8032035584044427,0.42018707753154366,0.39083737475778835,0.36766710839386235,0.9666952079453096,0.8929521719860644,0.26897531625430515,0.26958473588827114,0.44504689377654016,0.4538424378759966,0.41403775444380525,0.40080864864999943,0.4341619008371286,0.4384612563028413,0.44632580801151006,0.4250675752299851,0.4319623228704419,0.3909026938187471,0.3737957694308248,0.9687045126410292,0.8693037638539814,0.2434048216081234,0.21908498732181073,0.42003086152459573,0.94407440124649,0.8301853788199322,0.3835507843190639,0.39468104818704874,0.38453589512461106,0.3860765821349146,0.3811502448954477,0.22440556809387982,0.21973286825054583,0.21367099299698608,0.3261347675658825,0.9568285394261522,0.4233947890829669,0.5540820714695152,0.5074371699407713,0.560292304443415,0.9891419829241821,0.9664893333589135,0.9849870720673564,0.9934395007464634,0.18264268499602326,0.2576064436327393,0.19035916868330435,0.9668568300565238,0.9582123639000755,0.36763908473759094,0.3861061742558718,0.39306263104091055,0.19193143839633242,0.35937423631346793,0.24484077856542552,0.21072611159271737,0.24376697619719784,0.18141141010479922,0.6494918993982082,0.21673726113479708,0.19180999699049425,0.3710405435985095,0.3855294240156115,0.347229868842343,0.21594130041531504,0.26432038338825076,0.20617148293966572
0.278427765865024,0.2716060074173752,0.5665268546230503,0.5412431317048519,0.3850643320181593,0.28875513684651066,0.28066432441370937,0.28522957978819896,0.29456440740380296,0.9831353571469851,0.9677101163719657,0.9573503944053289,0.9378829260850632,0.5055285004684033,0.33271625214530487,0.3041940254903257,0.37200280615378173,0.3934016949559904,0.29463299578633995,0.31957025838845127,0.3241935088042963,0.22870242299353769,0.48410964542248003,0.5497434557706807,0.9562222044143746,0.46798950037729625,0.526092059180787,0.9405487110285203,0.8848444889102504,0.9064028115163245,0.49240136374499593,0.266289929455777,0.4997350246733367,0.3338917156268235,0.4930601331293496,0.34072361562714365,0.3116127538018611,0.2667125225353134,0.5358629839677217,0.5545618930154056,0.5328576384583206,0.4064708650393014,0.4699949646382912,0.3462756253677476,0.2916377365235787,0.3620118138380022,0.4463669581453825,0.3724843572412834,0.2843596917283674,0.2923841782556275,0.3144681315064286,0.3159079233988885,0.32978545787629815,0.4530058072134039,0.3915257493932898,0.4052701290306849,0.4064829571677719,0.4115317551295753,0.4368780411188589,0.42481388079037297,0.38660768721137245,0.40117028741508065,0.4157807424973324,0.4158332541774174,0.40761843581873286,0.3066773288258593,0.2963474511875363,0.2667594394037348,0.9640969791374261,0.9538072696605765,0.9421323718393422,1.0,0.9734782206064416,0.2751900009768264,0.5340680339553511,0.48901582565154816,0.9286969141636185,0.7876451468077939,0.4300409964489025,0.41853635886914564,0.39495071715887076,0.8736995964018504,0.9073964973912325,0.5658311348989734,0.5069470906730801,0.5262477521988725,0.31679728814899133,0.32163897461689067,0.3399774436366703,0.25843568663838945,0.39123814246887056,0.9283537903934712,0.7961874443616369,0.558593381532766,0.5184692938172166,0.49275739624701836,0.9399505896066581,0.8643732449370842,0.3726039329507169,0.37205556182721533,0.5792226431675255,0.5916923645565686,0.5494064215064457,0.5073432057407966,0.5635237093211461,0.5719516485931024,0.5818126229468256,0.5545312755375766,0.5627966213957509,0.525926110326804,0.47745674641334457,0.9406560665568235,0.8447900283773334,0.33792694469494833,0.3090988229470081,0.5503539282059782,0.9180984839869974,0.8091163879122991,0.5108063465193127,0.5296815382219292,0.5156631171334926,0.5105243740509635,0.5023214619774038,0.314166864023664,0.3098832216188727,0.29901139239048036,0.42496680044399304,0.9312073406199687,0.5495958956847548,0.7207968306784643,0.6624492936659528,0.7259229313352926,0.9653181309654434,0.9757885197206027,0.9615288410218641,0.9455660516865425,0.2577513610373156,0.3580360336629304,0.26763905397423066,0.9083638330130155,0.8941023440101239,0.49466133916041566,0.5162184886569141,0.5366348794411542,0.2745629574209043,0.4868319595218019,0.3423354885788755,0.3005145930676642,0.3404723202448171,0.2608978935707863,0.7563948420057915,0.3069879651866546,0.2760563290602979,0.4980969522287727,0.5132085273038464,0.4658536651701217,0.30656206093143556,0.3656247477347306,0.2886293508261953
0.2679362286536016,0.25855673513976307,0.5453222766022463,0.5211458716603788,0.36925878990117067,0.27583640788558833,0.26734912648040265,0.2759698071830692,0.28313095680567274,0.9447909170992256,0.9253975660554656,0.9160931937227101,0.9039070364018332,0.48665658049103067,0.31888644266021365,0.2913331825787621,0.3562464119940648,0.377133729061788,0.2813629929596664,0.3061301281913431,0.3102178817751169,0.21776077677406036,0.46295486328490526,0.5268046036141256,0.9102264738930874,0.44706227007240923,0.5056764834038344,0.8916347409501781,0.8307993694051862,0.8638547840370236,0.4846235845187008,0.25532354898066817,0.4772719921824496,0.32101355855601305,0.4728700116623616,0.32586218237117465,0.29810397753347373,0.2552342470251891,0.5156316584291152,0.5336410633318661,0.5143722895333059,0.3876954538573132,0.4522968326358834,0.32893324417361397,0.2818566258108877,0.34584652084145934,0.42767046289662186,0.3559465423078816,0.27148954982108503,0.2801616767967054,0.3021234759048332,0.30250381997911485,0.31349216629105947,0.4342756716082148,0.37688342221497395,0.3881735211043356,0.3897902215018613,0.39521454535786543,0.4192350249280774,0.4081324147167089,0.3702047931820942,0.3861429513851596,0.39933089059628457,0.39917056089997494,0.3916607262982963,0.2928014473625782,0.2837137201159596,0.25509063295284073,0.9264019739446715,0.9105706796423909,0.9067309782295475,0.9734782206064416,1.0,0.26357720951128644,0.5140741936206181,0.4727936613471336,0.8777675519413256,0.731727699725237,0.4103102027932696,0.4006741801293775,0.37986670785482407,0.8167720643210218,0.861783011515219,0.5415028061676254,0.48814227883786987,0.500585818183227,0.3033810323982283,0.30873367986626304,0.32688451756228676,0.24890630120319734,0.37598774729321593,0.8755437822137982,0.7387160434090967,0.5378567062218451,0.5001260363170386,0.4732376633453935,0.8911396316788037,0.8082724267662813,0.3570833774329207,0.356189922680152,0.5545852891200396,0.5678219086339055,0.5279377959159062,0.48289480194293044,0.5397251144075065,0.5479162923821922,0.5578023746412345,0.5320821236620206,0.5394324493195124,0.5052976520079645,0.45261081834123207,0.892431987797676,0.7910627935463102,0.3236333727006683,0.2963740625324532,0.5259776486604275,0.8648254115530382,0.7525017300320623,0.4914836631120046,0.5098408871956595,0.4955975506651247,0.4970183115971624,0.48794538502829665,0.30107970682069957,0.2972959381793539,0.283091828509146,0.4027758434391426,0.8822373736437686,0.5315903882821497,0.7005880403913274,0.645675560544894,0.7083488284634589,0.9273614491214435,0.9349285813230854,0.9207952503286448,0.9069122486135712,0.24439779519175367,0.34297722938803993,0.2568703786983304,0.8587164002181781,0.8456142857195733,0.47546953999705127,0.49664826101081866,0.5262804550316319,0.2614021957906493,0.4775781518732565,0.327697102413754,0.287709916582119,0.326476783480046,0.24963685852515094,0.7161764789658379,0.2940736762942402,0.2645840796153197,0.4825574599696373,0.49515640107570386,0.44570312814548796,0.29406687822293454,0.3497885070954562,0.27323370334191766
0.9914086984023133,0.9841922888716083,0.40104568122267953,0.37510672138765294,0.37304113495709385,0.9325020641514201,0.8939445051655571,0.8453063358959717,0.8785688778836568,0.2634738979520029,0.24148901509205292,0.22288117977686256,0.20073585617725698,0.28545814022334076,0.9820753492403634,0.9845604117982513,0.8967638444395856,0.9286024980403573,0.8422861578564121,0.9880065277879685,0.9901927039952787,0.9292763154501005,0.3696672347717908,0.29837718150474823,0.2561170109980675,0.3485965508977299,0.2872054034396205,0.2360678599501151,0.20787647582543653,0.20332205219715185,0.37984881771256673,0.9555985893815867,0.7659725220884201,0.7528955607486482,0.617671482714049,0.8008520751190723,0.9925978815325696,0.9591034675425684,0.35713213562816043,0.37790715268124336,0.3613901939789401,0.3822539912221777,0.268167493664979,0.7190891742779011,0.9149071169092688,0.7828611034656883,0.7894304944496098,0.7829256406820136,0.9373396808407961,0.8957811456238511,0.8172708340521326,0.9840501267519915,0.9292317651013652,0.5136722566579731,0.46963562053873936,0.4468521101226582,0.46560287393325905,0.46445615267278406,0.464988682926934,0.4854929318325239,0.42906052570722414,0.43988145476513446,0.47232342083600987,0.47106773026210874,0.45316738427656766,0.8593293613160731,0.9956490041725363,0.9617205284759576,0.21736666758507212,0.2211329476818537,0.1905184022505178,0.2751900009768264,0.26357720951128644,1.0,0.3594009993152532,0.33142987883129366,0.2182957690152697,0.19096239905680995,0.6925721006039989,0.7928226807010157,0.6871129217150477,0.20227282636736707,0.187034202889702,0.4386207906046482,0.6721338464762188,0.5436141028227827,0.9905463697988784,0.9498368035310076,0.8869227995794946,0.9071551609308222,0.5627060898526137,0.22398386361004535,0.21267455469766217,0.38869218131978056,0.3567557580050464,0.35069474660473765,0.22452589243103513,0.20407034585557812,0.8151205826838464,0.8551250992968762,0.5184723559543981,0.4912259094267011,0.427536039474553,0.4421683122249474,0.4558439079721864,0.46790514712926456,0.4750425916818909,0.4374896439862731,0.4704975416247109,0.39219928780032537,0.40688144237699436,0.2196589097178214,0.20415528989528467,0.9816533898841788,0.9808967954220951,0.6087616781579568,0.22048298774485947,0.19619772447181905,0.6263943430176727,0.6833406164865198,0.601439066770911,0.35397332436921214,0.34892690317240616,0.9479117499298931,0.9864086349568804,0.9429860920927949,0.7914174773093136,0.22248506158925857,0.40448482167802474,0.3615140580974941,0.3039512062627129,0.3530446961837743,0.22471383834649775,0.25983201698230995,0.22870568556938772,0.2016447796573567,0.8376728755872334,0.9000411601410147,0.8547869844913265,0.19203861366912886,0.18296586337042126,0.7436171411716962,0.5800442656016765,0.40209897817566026,0.9826808595382892,0.38324955704221486,0.9851221237513298,0.9943601108207095,0.8279485021301797,0.9809740475997117,0.35557514284492836,0.9948612215239374,0.9938548846762159,0.44941736774667745,0.47137570877759066,0.730272143998451,0.9902752939590473,0.8319125162113621,0.8935030443176657
0.35679802043423275,0.34738928107630856,0.986564915884014,0.995310117225961,0.8797206507794073,0.3938324321157443,0.392453306594148,0.3982523575481825,0.4071712327778288,0.5175111437049066,0.48253136987374956,0.4458636444387085,0.40884931342482206,0.9112367796738383,0.4024356361419106,0.37790966731678155,0.46414069842207456,0.48982224966413235,0.3791381868753043,0.40048139926456416,0.4028024320960634,0.3315837463318445,0.7515353528376303,0.9212261969109753,0.5051448811146647,0.7094176425028287,0.9072421581844146,0.47509177289899224,0.43693879793613555,0.40309940473602784,0.4800843828173891,0.31998557726682914,0.5410424421409605,0.39247869518417383,0.5403354588436766,0.41817281657933353,0.38699999044337613,0.32376192056515085,0.9967638049554343,0.995558875820876,0.9516584822156099,0.9048392157355285,0.9120466684610509,0.4505463311335863,0.3635552839674481,0.4742290708114447,0.5521604274046275,0.43478808694935506,0.38869836172274186,0.4047389253295035,0.45229276616897446,0.3863355056127992,0.3860162895867967,0.8101507018638827,0.7400926143154506,0.7952802567022103,0.7877509380585431,0.7732269880936108,0.7965148503685936,0.791905786486673,0.7811396589860173,0.7853817149695771,0.7629458460943743,0.7659999135421787,0.7710048449198051,0.39338652289315357,0.37564651991945297,0.32712651192559283,0.4418268923167725,0.4476507784134133,0.4023433232412116,0.5340680339553511,0.5140741936206181,0.35940099931525316,1.0,0.9474039166126459,0.44664272174363673,0.42930011423092335,0.4696027279953655,0.4897660879250778,0.43960291478651253,0.42886192679553364,0.39473586729915217,0.5824349403344634,0.5281563947935863,0.5188058366111671,0.3928948136682012,0.38004469240993366,0.47629081493006253,0.3524163830054541,0.5777911650562841,0.4593741813784226,0.4541057978785103,0.9930153473871851,0.9670118737038859,0.9818432611950569,0.45573867141875973,0.43348741087116927,0.4848553712956166,0.47761697102666084,0.5780072912432825,0.584930883111177,0.5566397489209077,0.4771454595405375,0.5544186104626789,0.5697017453956088,0.5772137519309515,0.5460016337812733,0.5567461986373852,0.5396921268987004,0.4575988283776176,0.4526289813138502,0.44207560455947686,0.4086591819619401,0.37891806564327174,0.5615597432846908,0.45604115310122795,0.432399575527637,0.5348956773527478,0.553751081642256,0.5323514624183756,0.5124019684376818,0.49556938484576085,0.3816047647941102,0.38316048482234943,0.3630806307053457,0.4790545990473518,0.45767731819172636,0.5297155622599433,0.7297354410404866,0.6568337412787119,0.6888273315662357,0.45136268320647316,0.5091841201990911,0.4561068046558314,0.41279232519799375,0.33194788467905195,0.456178126100274,0.3441315300609872,0.3905990859164634,0.3838256593912554,0.5241047585255221,0.531646737352714,0.5220842543922923,0.3469801325395235,0.4810143485026321,0.41702809553395936,0.3786768250820525,0.4393186288948554,0.34041624195302683,0.615864483407116,0.38517414923926474,0.3527471535823076,0.5096360598298012,0.5155951748950067,0.4954872082781327,0.3805288849073053,0.49131461536555043,0.37082206702747816
0.3297260699573044,0.32136014532310603,0.9199031547413207,0.9385252035420419,0.8156357436102852,0.357012688391488,0.3529546962365816,0.35440908282244526,0.36295714241697113,0.4719246241386265,0.4391963936027484,0.4054297980312701,0.3728986162953501,0.8227518035689533,0.3707809935526992,0.3490962803972998,0.4260361202542491,0.44839678279012546,0.3460965917123794,0.36856320860034997,0.37140860135462367,0.3075646427549251,0.6474436644456646,0.8348732254069954,0.45783289456759046,0.6067601804459705,0.8168442065710801,0.4293528640658145,0.39224149611527814,0.36596704984890804,0.4467367692072957,0.29961076701037,0.49194952110165013,0.35540385182682144,0.4990425468097304,0.38214224149529186,0.3575691111066158,0.3025431234753869,0.9436243545589105,0.9371923117360579,0.9737069896313222,0.8383910394772338,0.8288279259818346,0.40823655431189626,0.3373321940273321,0.43072844528691523,0.5076937938661475,0.3979851961142147,0.3527953413235737,0.3650370639150969,0.40012868629892284,0.35634190687833456,0.3520526141993806,0.722983346063467,0.6512665744303727,0.7082776318637195,0.6997012597662662,0.6815090386773008,0.703916153758768,0.7043007861550706,0.6944799658349792,0.6947214399848235,0.6710313095151343,0.6752697257551443,0.6789947997876188,0.35945879872830544,0.3470300368680054,0.3035157089338304,0.40325002590758574,0.4068766883511843,0.36760181674844367,0.48901582565154816,0.4727936613471335,0.3314298788312937,0.9474039166126458,1.0,0.402081761740862,0.3798989507515934,0.42581407079288947,0.44673680018966955,0.3956101826828661,0.38289439143340964,0.358675858246763,0.5123105760451385,0.48422069928016437,0.45678989972453643,0.36317862488560854,0.35395055435028966,0.42482125516825875,0.3184883173840719,0.5023635601436894,0.4147334510775267,0.40394856746775715,0.9313346692646531,0.9793456711545587,0.9008720684840799,0.41111877330187946,0.38799173055578884,0.44211861548173476,0.4352968507461625,0.5143079824750222,0.5198274599461533,0.49166913641778687,0.4206117719652943,0.49123374131312286,0.5050191369624469,0.5119030398400364,0.48202896707611625,0.49276177323204606,0.47255293355500494,0.40610488812286977,0.4088804071254777,0.39329073113244717,0.3759108373152211,0.34995221045003905,0.5005647241480683,0.4100666451308096,0.38529770191675644,0.48688236477554314,0.5080036398893674,0.4839168911950235,0.4743836031529988,0.455452615792442,0.3492742004787121,0.3531957868375407,0.33444879648073217,0.4398954128973642,0.41336164468103204,0.48238791416499077,0.6680288969341198,0.6020531405896521,0.6302805294386539,0.41188419743278365,0.4634407011432495,0.41524556483328057,0.3756213646470867,0.3062423002979528,0.41725076530089855,0.3183127728576878,0.35521321072194934,0.3487352689476747,0.48105500428697134,0.48500915044420106,0.48609930325038087,0.32041273451737845,0.4497198811027201,0.3846129266969081,0.3501596182388129,0.40073141169222165,0.3146024346058388,0.5572405992392522,0.35528881144059204,0.3264756765222846,0.4551634456312995,0.46506778727901316,0.4576614495097841,0.35189280748614377,0.44780082902666085,0.33993750995184124
0.22092097917874573,0.2201260189651949,0.475311612220292,0.4527713255993539,0.3073928839378812,0.22936702971050535,0.2229772057529655,0.2292611965956005,0.23445794431726794,0.9737907973438875,0.9860322189832375,0.9834324128655886,0.9533638027887338,0.43978336624596304,0.2715499685808416,0.24584025634662907,0.29776550530010737,0.31742538354966876,0.22739264766783196,0.2555001504164816,0.2616815418266194,0.17682467671252455,0.4161075124031597,0.476844254133075,0.9903503991373025,0.4029029489228465,0.4581104062423422,0.9965051838341601,0.9854676722191081,0.9478205751189597,0.396234017014198,0.2152835174285835,0.419562332035148,0.26533323300633105,0.4122707572243633,0.2735822390321381,0.2508420904309951,0.21501358373721627,0.44794396608165193,0.46537433077880186,0.4427902991892522,0.325813395265415,0.4064903841402947,0.2690398182019024,0.23694022870100762,0.28357976541076263,0.36264065657216926,0.30192564680557255,0.22611992199466463,0.23404475691339574,0.2531492043669965,0.2567006489467058,0.27290365577520564,0.3731661442797256,0.3212376534776315,0.3321661690648242,0.332974511541609,0.3385946622654149,0.3593064621662936,0.34852121239458206,0.3182657134353854,0.3281360080748679,0.34269256958462974,0.3414317247120938,0.33698547799437706,0.24235604773526853,0.23661064003909968,0.21507437882933772,0.9723056964954289,0.9878559968763237,0.9598999634374966,0.9286969141636185,0.8777675519413256,0.2182957690152697,0.44664272174363673,0.40208176174086196,1.0,0.9174356484297105,0.3567050096905949,0.33977226729070786,0.3184161073810753,0.9816330392024533,0.9609275093684096,0.48622868746224224,0.4310704073295569,0.463236056364563,0.2561478005820239,0.2622153957985709,0.2749521806674044,0.1988135835755776,0.33353506340377803,0.9975784965431608,0.9206117252938003,0.46712889962169213,0.4265047931207657,0.4117546028826876,0.9973860841573277,0.9767575782504115,0.2951151503784775,0.29567014488273363,0.5045214908375045,0.5138164257398911,0.4737890890239189,0.4493799760187313,0.4926532399682303,0.49775446082225766,0.5065356464096329,0.48308537088852155,0.49030108341874906,0.448913328251554,0.42511064231805756,0.9968995072697748,0.9577631864596109,0.2763460323375911,0.25176597466891787,0.47808525225680715,0.9956584353262432,0.9355289990198373,0.43572632534692296,0.44852840885447126,0.43680772004524854,0.4348935498641626,0.4274310812300557,0.25492865916410307,0.25044069091781895,0.24513012333188794,0.3693271853861662,0.9968293783708039,0.4700904089129464,0.6092868435172129,0.5543328156961236,0.6090433975763018,0.9756477287290696,0.9797234278292587,0.9830026190298815,0.9712992736633365,0.19841236251708674,0.2850403542543497,0.20958532876880848,0.9607211589856622,0.9383744641864002,0.41686800554237396,0.43806547218388725,0.4366926811331566,0.21858954961936786,0.3939509104979024,0.2779440989353641,0.2405190696652879,0.2673316709904718,0.20870901917390766,0.7483551514567625,0.24640567333441404,0.21887566916692425,0.4198673860498242,0.43611937774186094,0.3998217657721161,0.24667429931033227,0.29009751274202683,0.2291273607300951
0.1916588910293089,0.1940020540794282,0.45652256881480496,0.43483365984544775,0.28407864136990596,0.20613240123887014,0.19905241590873363,0.21056538151268148,0.21465959895878584,0.8524694582841733,0.8645820202208224,0.8491168087974965,0.7974296861449409,0.4342719957026506,0.24028431552279503,0.21528177753963082,0.26259368750432077,0.28240734669699735,0.1990430850131934,0.22410972256362938,0.23068134524925704,0.1536575261416402,0.4064571363820458,0.4685778727026422,0.9010649601345397,0.39418997320849775,0.4507009755933387,0.9119745313311435,0.944245248887558,0.8215165909003864,0.3713325005396585,0.1875493770769518,0.3813718486517104,0.22953165293108202,0.37939597869356595,0.2458540091533062,0.22024723968406473,0.18507958177728057,0.4317755198663264,0.44713706959465144,0.4167278041589291,0.3014033132132194,0.4049625037418634,0.23481195113846354,0.20380017854114482,0.25391297037591576,0.3253522309671314,0.2659422188074179,0.20296337124469196,0.21236912750379572,0.23261324233813557,0.2261218889349718,0.24142699363756495,0.35043557726769203,0.2997996551855991,0.311909568324441,0.31186515309829427,0.31733372883180777,0.33792254102628155,0.3277691593984397,0.2994580615881442,0.30668393954900663,0.3219256514119711,0.3190023989055084,0.3144932935260795,0.21391895938212868,0.2063321892474909,0.18510309562207833,0.826713166842282,0.8600961743504488,0.8044661823025814,0.787645146807794,0.731727699725237,0.19096239905680998,0.4293001142309233,0.3798989507515934,0.9174356484297105,1.0,0.32215560926757386,0.30304827033325454,0.28215789091955823,0.9557711617965214,0.8336900967776795,0.46982495165214755,0.40376811902260273,0.4385936414543916,0.22577274880981474,0.23039052458362827,0.2510497060709003,0.1739944580643431,0.31450948221422675,0.9213913943704942,0.9721862346593697,0.44862131183104464,0.3997685283233139,0.3994006835213915,0.9049200782642673,0.9574123525103985,0.26240287168138066,0.2610415709594087,0.48345778430890063,0.4927237776508586,0.46231045770245416,0.4258585304718089,0.47584200866768567,0.4797252324884461,0.48767598329886724,0.46795943488165376,0.4715892679284132,0.44010521754469617,0.4067901508318944,0.9059054649020957,0.9560542604023751,0.2441518187020252,0.2223305558014377,0.4534965090636882,0.9315979051412188,0.9739736074689147,0.41154254200859836,0.421928196343146,0.41298155043701007,0.41450146841910335,0.40536016372115224,0.22060406751831266,0.21967426256973013,0.21723272320271428,0.3371201342695599,0.918917541022561,0.44239963511715796,0.5832942517520908,0.5287125941138245,0.5742963412371838,0.8332141751779161,0.861982885540981,0.848388901990989,0.8230242807230913,0.16917539941878712,0.25226850303915566,0.17913950092889527,0.8255715011196548,0.7951534092148692,0.386938220087392,0.413348782044244,0.4127654916314879,0.18872498283336925,0.37306656674498523,0.2467663854684276,0.21114165855077197,0.2344142969387536,0.17978740644257965,0.7586555271157506,0.21661585088291027,0.19050852608562496,0.39985585684079306,0.4149017714566327,0.37404262554896284,0.21751787725902785,0.25680486094767824,0.19859160710177057
0.6788594275710877,0.6388315962040219,0.5152753414687724,0.48398332638098085,0.46255418407976834,0.6594364684321429,0.6204505575250293,0.6055101320067681,0.6192855103304084,0.41364080906627576,0.3863312931139138,0.3653731375217268,0.336659432524192,0.3680189221657498,0.6917200592428424,0.6758076291850212,0.8859601983344985,0.871665950943181,0.8762659037931176,0.7654117753427736,0.7347009329911197,0.7715685520122565,0.4292288101723411,0.3877113244163591,0.40036668607396364,0.40536622745427453,0.3704566838761893,0.3796372922713169,0.34310130634570135,0.32915094153152413,0.41328944696996583,0.5875820169748739,0.9503229569904227,0.8843478454124094,0.8943079447771696,0.91254806287792,0.7036197238600634,0.6038523502630821,0.4665908167665048,0.4914010747687563,0.47383458791431105,0.47833277569386956,0.34708586020794757,0.8752446742194506,0.7762640810461867,0.8975766106887788,0.9453925230005185,0.9393064823324188,0.6535964586286428,0.6290484026622774,0.6141660649673161,0.6833867490620543,0.670335517919006,0.5911804135417434,0.5414782451471136,0.52459181906019,0.538289342154936,0.5371343679101851,0.5516568731621913,0.5568252916614687,0.49891189077328474,0.5137815138120978,0.5463133028109519,0.5506542459330634,0.5189761784876444,0.889461840744639,0.7003908011548512,0.6108445617237079,0.36102427604146714,0.36383236561695215,0.3303209573652688,0.4300409964489024,0.41031020279326963,0.6925721006039989,0.4696027279953655,0.42581407079288947,0.3567050096905949,0.32215560926757386,0.9999999999999998,0.9498541044104502,0.9530005556776106,0.3396773887159965,0.31750132671842307,0.5217753616307649,0.566838892620941,0.6619310111560531,0.6952955656081307,0.6124701288859056,0.6821957523433666,0.604245267156748,0.5621251859537828,0.36714051750725724,0.34218940988124913,0.5026621144682183,0.4773763101068462,0.44892922006178526,0.36756393109246593,0.3362877912530804,0.908508471599269,0.9083780484254648,0.6173630640862099,0.5915175875033547,0.5367023655886748,0.5664971868574459,0.5795895260025378,0.5769402107856855,0.5821874051417826,0.5617796455127548,0.5831266849485044,0.5060201633937363,0.5468611900995715,0.3600729727173539,0.34098685779280913,0.7098043424439432,0.6749652849456038,0.6256058613065912,0.36034167200674605,0.32955624727457866,0.5550050077162519,0.590153650915344,0.5476832932238029,0.41785428283989046,0.40843736596084046,0.7010807506568789,0.6858095309027409,0.6806264461191086,0.6496895884374542,0.3628021965520485,0.43511289920925594,0.5093867464375701,0.45573344485778294,0.5142598937999403,0.3658440216111286,0.4072454269699981,0.37035798684759114,0.34013463094932167,0.8388832797340702,0.8851122521132453,0.8499619022593058,0.32143044060589004,0.3095144083466662,0.6012855005694502,0.5395971099702194,0.43639562660146536,0.6392184830676144,0.40251782043956846,0.7348711394721481,0.6899024638338359,0.8887046182551859,0.6696728229552371,0.4779382123043429,0.7108543566390646,0.6781061238520186,0.47508291296582783,0.48841256572099223,0.5673990313241135,0.6725155102845077,0.899111085637098,0.8479107153250506
0.7819895557158135,0.742636854053942,0.537841809744921,0.5057474323988062,0.49701393288396606,0.7386629877611328,0.6927931743479631,0.6690494251241962,0.6884873847273225,0.4003514579603578,0.37148164242828796,0.3497631318158136,0.31940771539556395,0.3820798582681742,0.7872268928078657,0.7757551451437589,0.9682007919293045,0.9496842187854215,0.9485819881020751,0.8598084467082988,0.8305355209738716,0.8693244399080807,0.4497667541816558,0.3982048685452121,0.3858959095133484,0.42161759067019605,0.38151286185547834,0.3628538045275481,0.32517575466692805,0.3118797863440373,0.4406621391066589,0.6878964683079601,0.9841302703654519,0.9424171547403807,0.9002647929342313,0.9661130518164237,0.8013279999191891,0.7062654366629101,0.48547302454790314,0.5124775108993916,0.49410118775643364,0.5085352641074695,0.36493072703799756,0.9443110905302563,0.8737443765868895,0.9685584089706957,0.9937019460733594,0.9849807016185632,0.7338269046692955,0.7012332148980167,0.6730206764187586,0.781927905627034,0.7657373788729298,0.6321564058370989,0.5840945824530387,0.5652627912819324,0.579897800822923,0.5781807301490608,0.5906274390257188,0.597522519868395,0.5381533036170275,0.5532219219094846,0.5867993454011773,0.5926239475218494,0.5601858857391002,0.962828744735715,0.7999258240785722,0.7120300991474355,0.34425773969724127,0.34742967247514867,0.31145630183609274,0.4185363588691457,0.40067418012937744,0.7928226807010157,0.48976608792507775,0.44673680018966955,0.33977226729070786,0.3030482703332546,0.94985410441045,1.0,0.9453593149503591,0.32180297389594703,0.2995410359606797,0.5279041153643846,0.6091096141009857,0.6662597585065608,0.7924593146395852,0.7102240059622223,0.7537198507166634,0.6807504680848773,0.596494800122103,0.3499540782747458,0.32295284267078195,0.524594985170039,0.4983017895648212,0.47137756321185936,0.35022047089176583,0.3189765672033725,0.9815469591684515,0.9812940633046585,0.6228437039200224,0.5947017835363066,0.5370580267974978,0.5627593211843964,0.5768007272730609,0.5773107351633477,0.5835787145421059,0.5581691342952577,0.5828845679474091,0.5014692761594075,0.5359002696947961,0.34234541333261587,0.32343545648944316,0.8037602667362671,0.7738875752559371,0.6456131830447047,0.3436499903800203,0.3100208198821244,0.5880012485093612,0.6300832557436212,0.5785793791668887,0.4301930548390635,0.4209718604637286,0.8002610431194327,0.7834797691873093,0.7771038572479106,0.7067044788518414,0.3455062698422537,0.45695334818635547,0.5075816722464922,0.44618630977773777,0.5088667703635968,0.35017769005249744,0.39398307577132885,0.35551018680680796,0.3232607107952007,0.9177321012026899,0.9656910611955525,0.9385266874363584,0.3060035729977506,0.2929721995065591,0.6520421976804542,0.5653638673422584,0.46536565676353725,0.7378060281195962,0.43220409525828074,0.8292890966287837,0.7883901358602946,0.9678128263664847,0.7769115042787506,0.4769918768403857,0.8098023452256532,0.7766101091777291,0.4868664342593716,0.5003383652114898,0.6209009914556315,0.7704239930781862,0.9739448818575049,0.9372347678134451
0.6715370214334069,0.6307349005562672,0.4874437229696145,0.45541551734902497,0.449994688025759,0.6504379947069195,0.6105154158676482,0.594152462374069,0.6097551046816739,0.37530229993524467,0.3484896301650289,0.3302923375371514,0.3052629574027782,0.338819545018628,0.6758494279587549,0.6620485980500395,0.883839814981873,0.8609773480164312,0.8934336872362446,0.7577046362230493,0.723483880637814,0.7746634354808237,0.41419575988544033,0.3539273129709651,0.3593545391410049,0.3914876580253371,0.3379916111385715,0.33945468464556405,0.3035329047269735,0.2975475981461224,0.4041639476952842,0.5789751610274557,0.9324979330221502,0.8935817736257577,0.8903091932221283,0.9287577381808712,0.6938305164057538,0.5961218324956197,0.43616749537039545,0.46184092975097213,0.44227198151702984,0.46154052958811315,0.321942561806704,0.903393929424202,0.7645759550753274,0.9080261815653969,0.9395711366609525,0.9469823394508023,0.6445474707793907,0.61866578689372,0.6010638873432469,0.6686714045907832,0.6525594294017101,0.5831569090419185,0.5416266964670202,0.5218575854945278,0.5352072844172701,0.5335327508090575,0.5459127446149116,0.552096971167936,0.49559430199452464,0.50980337557774,0.5430307273384344,0.5479269918393687,0.5161506015949174,0.9000037338069206,0.6916804315925577,0.6030728558110111,0.3266694945119712,0.32782854848341564,0.2981947028934486,0.39495071715887076,0.37986670785482407,0.6871129217150476,0.4396029147865126,0.3956101826828661,0.3184161073810753,0.28215789091955823,0.9530005556776104,0.9453593149503592,1.0,0.30059552264265604,0.2835707762721846,0.4650697795766398,0.5276861055714267,0.6026314588616997,0.6834268324404095,0.5976606942633824,0.6719281462644087,0.5958426651146418,0.5500241002245421,0.32808155644732634,0.2982434278896027,0.47376010393301815,0.4499378962731968,0.42338213865493224,0.32858623527841246,0.2951847419603725,0.9126384182205239,0.9093143582757036,0.5527949056190029,0.5274743103277523,0.4744199400308187,0.5053720538162095,0.5127007658047379,0.5128247109486722,0.518387734295453,0.4960867336161904,0.517783437258754,0.44497959145801075,0.48202066174280656,0.32104638598535457,0.30061364679243935,0.6916436316219385,0.6597912968412584,0.562622830439709,0.32055938056662325,0.2892552118149215,0.5122663778543859,0.5492145285484532,0.5054378969487898,0.3778039929145364,0.3682221698522777,0.6865069075937001,0.6718844312206885,0.6645971964652512,0.6072075769950727,0.3236980592046002,0.3989621460989472,0.4612753660725375,0.4064061941631137,0.46872404419799696,0.3311261952568566,0.3689584795747099,0.3349493018906187,0.30741535720612057,0.8641610122854938,0.8836180290025953,0.8609279944631157,0.28753368655706346,0.27605576345118366,0.561363312455555,0.49571906463394194,0.42361705666409116,0.6318445808604678,0.3884511353534646,0.7224434871237697,0.6801243658254962,0.8926305172459091,0.6655849212709273,0.4322668651394091,0.7014253323705428,0.6712211323077016,0.43048392235323946,0.44265681201984325,0.5312898261023163,0.6615392197236185,0.8972225445627924,0.8605973624750515
0.2046577906165553,0.20572508792055763,0.45645699681714264,0.43429234119123117,0.28983576000699046,0.21157024523084883,0.20454755902557364,0.2114642099693275,0.21629195635320325,0.9316383194380219,0.9474296336805432,0.9424211913510924,0.8951712345605334,0.42768966206749526,0.25320629613985124,0.2289274746900941,0.28025886652877796,0.2982099134386237,0.2120948668207248,0.23784797824551707,0.2439433980422911,0.1645338693053108,0.4025427917629309,0.46349523968213024,0.9642149757060399,0.39038255125681287,0.4462102007910945,0.9750791693279321,0.99166959820837,0.9000187350751035,0.3714626788943837,0.20116167149871375,0.3997737310081633,0.24878803513548894,0.39380159691820915,0.25864151067468794,0.23304301957123366,0.1991342899691442,0.43003910044462706,0.4471153020411032,0.42246252294869985,0.30771531859381407,0.394261021080596,0.25237690543699565,0.2222876059529522,0.26772575540415944,0.34328661834411067,0.2864715489915065,0.20814189214705936,0.21588958179157325,0.23325434800751574,0.2391812949907805,0.2553056499866072,0.3551782961731904,0.305258900057567,0.3162280506906299,0.31682095150150186,0.32234154784804353,0.3422275456023294,0.33136940276712606,0.3025565038661861,0.31133088083597776,0.32642850670764806,0.32472525092461063,0.32013602486066106,0.22802701987211868,0.21910843268841024,0.20019024679740108,0.922163829803336,0.9501409503046624,0.9054757071777655,0.8736995964018504,0.8167720643210218,0.20227282636736707,0.42886192679553364,0.3828943914334097,0.9816330392024533,0.9557711617965214,0.3396773887159965,0.32180297389594703,0.30059552264265604,0.9999999999999998,0.9143324738708157,0.4661444339088237,0.4092631176424616,0.44530841099942486,0.23831174081191922,0.24329201610138665,0.2563645764642276,0.17972240794224537,0.31785521038831926,0.981681746306053,0.958134077041356,0.4482434338100134,0.40583460177637565,0.39598516747289025,0.9741211547670002,0.993862564006459,0.27814282609032065,0.27816181126620043,0.4849482535192865,0.49314380863111695,0.45580437890741693,0.43120736589089437,0.474829185033055,0.47840719564861167,0.48702170580219806,0.4651035247827797,0.47128546207050864,0.43193097905641725,0.4108902108614948,0.9739266757870195,0.9779025053211515,0.25808576474153044,0.23460978899556817,0.45782511230578565,0.9851879855827864,0.9708224445679463,0.4140348977384345,0.42621560417762894,0.41577719421870096,0.41633775838995296,0.4094767783559035,0.23710660445862747,0.2325898310959363,0.2305713467609183,0.35263701575966944,0.9797598147141522,0.44665476455596825,0.5833833374825804,0.5294760560124427,0.5811161325919687,0.9261680399585668,0.9403563239291677,0.9400060479038419,0.9225221586102761,0.18437812667392658,0.26801005862245997,0.19631221697667223,0.9243055394656549,0.8974953527242567,0.3945634541543985,0.4169603170965761,0.41057689149188764,0.20221993669846347,0.36812703404089847,0.2596380242827121,0.22280589786714539,0.25089030071878443,0.19418993783513355,0.7485156907918907,0.22891459093650676,0.20220761447547947,0.4012083884715536,0.417016683031285,0.3799931330053498,0.22926001527548176,0.27285783000240543,0.21480976244521796
0.189091207460786,0.1881828192892394,0.41973828965649884,0.4005097498567258,0.26727309870180405,0.19923622975227917,0.19645844618249303,0.20164927184621342,0.20479128548946524,0.946047914328673,0.960266638935427,0.9647538684632915,0.9659634335256778,0.38952359640167383,0.23531499938218292,0.21195262108178936,0.26033031139537627,0.2773284665232358,0.1974513603274297,0.2212413671264283,0.22613328298186777,0.15048514699867055,0.3656563510696891,0.4231690987301967,0.9494695298757985,0.35306312587915245,0.407030586141799,0.9568600467728599,0.9197976532590619,0.9766250339089921,0.3498273192748645,0.1836051398349019,0.37299588023769037,0.2359828313272383,0.36925498553240504,0.23967970468698688,0.21698644610933535,0.18503187472970092,0.39538560832778324,0.41094308612731517,0.39522174928827614,0.28560398827919414,0.35828200212363126,0.23413559981515206,0.20800082921815582,0.24623128435444624,0.32032059355142317,0.2661305046102588,0.19691838698908837,0.2046984415856846,0.2243661478999515,0.2217107376856725,0.24028431092216718,0.3275256691256948,0.2818098129435554,0.2897158454644357,0.2908385407330148,0.2964412830603153,0.3145320889644674,0.3048528060014932,0.2786821707034904,0.28806470998288997,0.30013007346766685,0.2996359824043298,0.29459393120115235,0.21047901757433857,0.20377308809581945,0.18271913525980996,0.9653514652352018,0.967772856003019,0.9654531545384983,0.9073964973912326,0.861783011515219,0.187034202889702,0.39473586729915217,0.35867585824676296,0.9609275093684098,0.8336900967776795,0.31750132671842307,0.2995410359606797,0.2835707762721846,0.9143324738708156,1.0,0.4295623377180587,0.3774388184907877,0.41265001308842625,0.22148901425164177,0.22545029316796408,0.240194797599139,0.17528417691604997,0.29496825213490274,0.9557719261230417,0.8324439524849647,0.41241639804792385,0.3788766156362304,0.36195422168531355,0.9627692273082319,0.9063108223857907,0.2579753190657408,0.25888627175386775,0.4460539725677855,0.4544678527236351,0.4158065032293109,0.3991303544486366,0.4347676237061722,0.43972264663082733,0.4482962848464014,0.4260310537770732,0.43384279876324583,0.395290716128341,0.3737524272032836,0.9627784877469285,0.8853871986987124,0.23984386834965066,0.2169263930260913,0.42070234882715024,0.952947775819614,0.8569481860226178,0.3845890113536442,0.393556257794622,0.38414034731987423,0.38644424753036155,0.38052022360045906,0.2223128091985909,0.21672038850739161,0.21322653384247295,0.3263103791591546,0.9567570312995031,0.42613726997404644,0.5451529916919783,0.49763367178721163,0.5506480367082844,0.9671174500350996,0.9499489406120238,0.9666168447417742,0.9647255028365944,0.17229636131420403,0.24829799017424137,0.18234732392717207,0.9352990101818446,0.9156999576169038,0.36615805605138774,0.3864740618190259,0.38592412521208846,0.18615568159070814,0.3490386643558428,0.2401752271974642,0.20771658725535455,0.23354106964499072,0.17803554464103277,0.6655631471263349,0.21267895887522317,0.18776856494239344,0.3717010473416585,0.3848855486897571,0.3491233558999763,0.21222200584872183,0.2537731052679785,0.19886530916690934
0.4451139838070798,0.43512790367051624,0.61619857451024,0.5892588176908238,0.43793468291149035,0.4283123471498946,0.4146422069507927,0.4107504361153739,0.42838944781574434,0.5565071959851846,0.5195803097568463,0.48364853831036264,0.4363157407366486,0.5641996381448761,0.5234550680554079,0.4856907976760851,0.5041188624939819,0.5545611160818458,0.41143529358103587,0.48895354833119614,0.5019838210427447,0.3798717160880305,0.5266203256563934,0.5953929147095264,0.5493594734421201,0.5054148733809366,0.5760064871152877,0.5159303568691178,0.4763063144104291,0.4302738261533654,0.6333739421227434,0.41766522971058145,0.61014840163418,0.4705671543605519,0.5328037548037431,0.4415350436041163,0.4898387657725255,0.41845841784215965,0.5865492807521897,0.6015583170161253,0.5531587601521981,0.4543580708694232,0.5422935468252402,0.44151459715761576,0.4648159468276763,0.46383086344707913,0.5525432555836809,0.47307505841380765,0.4266872813884444,0.4289505670707636,0.43718931991981136,0.5003227748138237,0.5228233665011993,0.5190695283313814,0.45135850727849314,0.46262237172193854,0.46852239119223854,0.4694261949729299,0.4959817103169332,0.4904212901601824,0.43957683301805495,0.45547778014966933,0.4731238295700504,0.47225622655877914,0.45899912118765446,0.43516823515446407,0.4685396145390913,0.4187840422297357,0.471708722154676,0.48357286707443103,0.42646507059629124,0.5658311348989734,0.5415028061676254,0.43862079060464815,0.5824349403344634,0.5123105760451385,0.48622868746224224,0.46982495165214755,0.5217753616307649,0.5279041153643846,0.46506977957663986,0.4661444339088237,0.42956233771805874,0.9999999999999998,0.7834388111957699,0.8383518623639953,0.5016401462003499,0.5050466074067482,0.46501186458020854,0.39240301546674183,0.4601923881205762,0.5027429137224311,0.4951648107023911,0.6089624474071398,0.5480502731377213,0.5530507096988816,0.4966206079718862,0.47254984433868014,0.49105299253509294,0.49693915692399776,0.9479258892698772,0.9632952417652226,0.9495064984877838,0.8317386874237518,0.9329440666326348,0.9543657801051645,0.9591263850108122,0.9350153659262325,0.9415258033030554,0.9457140149595344,0.8095116463352107,0.4886036454868657,0.48382620725488945,0.5273155150400924,0.492811270456351,0.9218546846259282,0.4994455754641685,0.47322021232778066,0.8051086545990938,0.8155362730579057,0.806633626272542,0.731522449838882,0.7131647919288406,0.5008139795913791,0.48964809933207226,0.4789383863706371,0.6604335036748996,0.4972081690698503,0.7467532797953754,0.7240695653523515,0.6516202071892946,0.6999977500211305,0.4846887367586412,0.5509971191741507,0.491411517400324,0.4442004191600356,0.3679826344859916,0.49522223250033864,0.4037041781056279,0.42351293261663236,0.40178696872367947,0.7723979772551416,0.8121051146460464,0.6790833890588082,0.4324340638857008,0.6281836708065771,0.5314661474252013,0.4756998808911934,0.4597348035987049,0.42330332563708767,0.7232033264186534,0.4804772558691272,0.4386531362576879,0.8183225144705197,0.8042478174084796,0.7182662333041163,0.4834302952815869,0.4878711155354376,0.4135943483466949
0.6748154554354922,0.6739572227656646,0.5657257044486252,0.5367909839357118,0.4278871551863535,0.6272478709430821,0.6010327701996554,0.580193481265023,0.60765669710111,0.49670350306097133,0.46341086319343316,0.43283372792166896,0.3913756839029358,0.482330427993626,0.7591640560019464,0.7214042899552523,0.6552034890192823,0.7141510837464191,0.5488208804387751,0.7052626949970946,0.731381725375505,0.5656810417075058,0.5007161590799981,0.5167982803468758,0.4890155761987857,0.4852396487792481,0.49466792284176403,0.4581980121917804,0.420076473205577,0.3815191195443722,0.579745594728502,0.6648749023389904,0.6583164373424747,0.5519173059116877,0.5675346289267369,0.5535282843760916,0.7236248411103435,0.6617657915715107,0.5290463964604446,0.5471267393594185,0.525803199781437,0.44326362578065265,0.4603319660646113,0.5270834663678702,0.6403435860450839,0.5625477630392363,0.6280332026115518,0.5663231609839531,0.6277611055475457,0.6094462349103074,0.5851637384952953,0.735310300942083,0.742829654870223,0.5328987424452166,0.4716422768313483,0.4685667771562286,0.4798438204123795,0.4809883150477093,0.49999091902959947,0.5013246106141633,0.4486532099240902,0.46226446016661993,0.48654953886064134,0.48519061351257303,0.46901355902940406,0.5706903632733265,0.7022676727723871,0.6612915220089443,0.4205065144601294,0.432655251283088,0.3807380659463183,0.5069470906730801,0.4881422788378699,0.6721338464762188,0.5281563947935863,0.48422069928016437,0.43107040732955687,0.4037681190226028,0.566838892620941,0.6091096141009857,0.5276861055714267,0.4092631176424616,0.3774388184907877,0.7834388111957699,1.0,0.7292508216771912,0.7404974349376404,0.7581225139353863,0.6326043663604667,0.5911836091081147,0.5136479631369519,0.44480386424194673,0.4307681510761517,0.5558808974063678,0.5104885142975457,0.499050662585714,0.4393156214754324,0.41584426042160727,0.5964078249257392,0.6194590402762569,0.7900555249067412,0.7991531681725167,0.7420211256604013,0.6706188992320655,0.7376998673479559,0.7766302743758395,0.7866356236899712,0.7281178047178306,0.7557256201718715,0.7129268005590516,0.6306258000276285,0.43383413168060225,0.4181312744859596,0.7525019707822304,0.7225112923417873,0.8279349076383666,0.4394551227274044,0.4096685677437982,0.9440793142800099,0.9702728077226925,0.9437086099044889,0.6360620825306698,0.6250140164176762,0.7170361529696898,0.720970303878012,0.6876541034833991,0.7810538021327199,0.44091149871451335,0.6610166520489296,0.6385818208915358,0.5696669685766519,0.6148593535612866,0.434354839433541,0.4920365184790401,0.44024430325120156,0.3984655427656227,0.5214131606171423,0.6418953981213793,0.5489977270262163,0.3896701343774966,0.3737758008152094,0.9683448144295532,0.9434833384303766,0.6242768203211471,0.6725298798898568,0.5830749013854872,0.760073912028239,0.714775773422002,0.5769657743397546,0.6536860381200466,0.6357068889133911,0.7128015066073479,0.6761553875358091,0.8654060696601004,0.8916877079324571,0.9315665481047284,0.72597861047456,0.6020151045996683,0.5761278401306607
0.5505464483598475,0.5295120438429928,0.5516339528683208,0.5279086729386794,0.41260126411541653,0.5088740733185443,0.48893512410101264,0.47896064265141475,0.494517405668529,0.5196156800519953,0.4919290255492047,0.4630270827662417,0.425189727586781,0.48824158197811135,0.6124378701824065,0.5841441918474695,0.6368797416954012,0.6764217705652976,0.5566728573608994,0.6011092632180849,0.6040347805352956,0.530685427049956,0.4543153760471194,0.5073995868083795,0.5138422810399385,0.43355472335724476,0.49254711768757564,0.48870718612135705,0.45165873237472254,0.4162854650129477,0.4632662434313567,0.5038292793554767,0.7480393757579112,0.6322191899960324,0.6410900625478674,0.5917372626241899,0.5885795472787253,0.5086563221393655,0.5219295666463251,0.5389659713320275,0.49479424706405345,0.4293535511438292,0.4656591642723477,0.5603726179859981,0.6036145452183006,0.5837829720752424,0.6761222116711247,0.6219229997539252,0.5083029064969795,0.4994698424177316,0.49381386836428404,0.5951718860254489,0.6141561321087159,0.5050107250824384,0.4411868340739206,0.44500174559024464,0.4519393293392865,0.4501924189497604,0.47367244842319356,0.47377458742445744,0.4177479767149565,0.43293695254866416,0.4545482421560833,0.4569513954017645,0.43936542593144257,0.5857947185560854,0.5702618371625549,0.5085056454294927,0.4514490325424634,0.4636312548704186,0.4132304867383891,0.5262477521988725,0.500585818183227,0.5436141028227827,0.5188058366111671,0.4567898997245364,0.46323605636456294,0.43859364145439156,0.6619310111560531,0.6662597585065608,0.6026314588616997,0.44530841099942486,0.41265001308842625,0.8383518623639953,0.7292508216771912,1.0,0.5953834565159771,0.5734220037807597,0.5327962651342442,0.4673997247904275,0.47639636178086864,0.4769819477356339,0.4572971235475954,0.5453648377240762,0.4937405595970887,0.4953860116168281,0.4722981789168646,0.44774850874179584,0.6181100095186448,0.6303959905240976,0.9304040088975633,0.9116562202121247,0.8624821591381022,0.9348425941665964,0.9187104149322842,0.9113729293289006,0.9119485469367353,0.9023251960802072,0.9207541421259493,0.8366983371920743,0.8747417951843754,0.4629576677321836,0.460134006495551,0.6246514563850809,0.5881223184107925,0.9206144994907356,0.47262018109372317,0.4451365351343991,0.7352209719384898,0.7562370672383004,0.7397774929856736,0.6052385710077948,0.5934666988053916,0.6097689120593697,0.5850289369924543,0.5882071515864037,0.7688191581045744,0.4698717418811985,0.6122310027045771,0.6166921795971002,0.54799985181458,0.6035073603156866,0.46155193936886224,0.5158368652167994,0.4687447463045015,0.4295078168952784,0.5149005704891969,0.625856257499389,0.5631292772620492,0.41489393533239666,0.3958280763823249,0.7402979863085275,0.7357244276708151,0.5054118316213075,0.5219187769285156,0.45897045814763865,0.6254700803571054,0.5700736970830849,0.5923669546303131,0.5340337303690886,0.6163948246772418,0.5816139500392445,0.5399580634644123,0.7061305499462848,0.7049270181101353,0.695415736949455,0.5718859228309293,0.6129755202123294,0.5576264303136859
0.9883804063173461,0.9817479446771231,0.4339803769854352,0.40765040897868327,0.3878423898129232,0.9169474744159155,0.8776126188486475,0.8300410023001329,0.8639373914567294,0.305333587777363,0.2814141516213712,0.2607735058731808,0.2352155001508298,0.3220980854358256,0.9964516578443723,0.9940981253563423,0.8953567492480564,0.9344873914673378,0.8255822276369233,0.9889356993933777,0.9961084237608692,0.9109831550075195,0.39464471844718124,0.3378619125703726,0.297898738509364,0.3742628058695051,0.32545274750356423,0.2757832107046713,0.244729133623249,0.23643004346453148,0.4163985417142494,0.9536672577069814,0.7752279784579974,0.7511450989716909,0.6260339953157402,0.7883604191008031,0.9983424693931382,0.9586858687914507,0.39090825656611633,0.4118712354999749,0.3948553196450676,0.3981042664815057,0.3030183892459165,0.7116143212559649,0.920005496856164,0.7719551955468306,0.7913965682863127,0.7762881932373114,0.9222051569029988,0.8808695706767838,0.8045480526178872,0.9954569756662028,0.9571402104834992,0.5242204945434255,0.4749786658112276,0.4553756045402654,0.47353904877127995,0.4722860954331398,0.47592999423328786,0.4942071299750378,0.4371934908797815,0.44838308691486156,0.4800938323193072,0.47876756638837153,0.4605978169134712,0.8457384704590143,0.997085105971406,0.9594088930517923,0.25398269890222813,0.2592941704113702,0.22462290489198133,0.31679728814899133,0.3033810323982283,0.9905463697988786,0.3928948136682012,0.3631786248856085,0.2561478005820239,0.22577274880981477,0.6952955656081307,0.7924593146395851,0.6834268324404096,0.23831174081191922,0.22148901425164177,0.5016401462003499,0.7404974349376404,0.5953834565159771,1.0,0.971200968862552,0.8746614107230299,0.8898519647118657,0.5620032801444922,0.2631970118562271,0.2493322598181878,0.4222286703809032,0.38807528473779423,0.3802080622869212,0.2625701247616089,0.24068495094719153,0.8084416780644822,0.8496410466563786,0.5786008898216892,0.5534917253417578,0.48670959153752386,0.4958123041654311,0.5138143639136149,0.5296544601119895,0.5371937193278171,0.4952732432854764,0.5295771784484425,0.4506327716493745,0.4570621996802119,0.25759059792135097,0.24113364308991192,0.9949084385344913,0.991556657814841,0.6709307910753223,0.2589355753371574,0.2313535631385661,0.6962542487047682,0.751847500152507,0.6717809864055346,0.4018950807696811,0.396184971520417,0.9672084420844801,0.9949243309674108,0.9537035758620808,0.8418433309950207,0.2611144314331358,0.4500334724356326,0.4095280422930652,0.3476240231997593,0.39804913102858624,0.26255412504194975,0.3015940076534877,0.26696820600432636,0.23705595721508393,0.8165743223846318,0.8951945360783812,0.8401466944990195,0.22706770893291672,0.21639462277827096,0.8096612820638881,0.6518119843564537,0.44234923209813004,0.9754613599309031,0.41908963787293096,0.9958932105547416,0.9971985893895756,0.817698575349368,0.9768842268892887,0.4044907010702128,0.9973984368260224,0.9885136805407261,0.5210172652819063,0.5415495216606719,0.7945266283546938,0.9952438966492471,0.824360911454621,0.8788366483218433
0.9562619579625551,0.9638614884504035,0.4149758815177125,0.39129308563337356,0.3531696938724193,0.8421077640758372,0.8004575034048145,0.7492878612297688,0.7881722652666702,0.3115396109386543,0.2878995192888888,0.26624465105644407,0.24101242576170678,0.3264496303472148,0.9737519888818295,0.9732901892351455,0.8290939660810627,0.8768293493365464,0.7379362207663813,0.9444750892143162,0.9596679586236011,0.8383380033182538,0.374539536848821,0.34352508133589876,0.30433143954473973,0.35870253662097606,0.3328420330380269,0.2814983653221756,0.2512918121075147,0.23839623751794992,0.42224000365469505,0.9588242206156236,0.6988351807627775,0.6743651710248348,0.5542755471458033,0.7011350201161992,0.965891216562406,0.9602836778928319,0.3785290494962969,0.3962488358891406,0.3818433245994186,0.36190851770558014,0.3034169324040411,0.6307532798164519,0.8761040207921522,0.6851282921382403,0.7095747632906695,0.6884378508901972,0.8487383519843797,0.8024995894076767,0.7209020097612086,0.9746187055546149,0.9468479404096856,0.46681115811242385,0.41430199593581374,0.40183951380352606,0.4171965903504045,0.4165027197210604,0.42418641637245663,0.43699434875152626,0.3851803275592423,0.3966958176718181,0.4223683812455527,0.4220183520749673,0.40705874603025133,0.7610678428712677,0.9629392843526262,0.9620313407884536,0.25970307509153584,0.2653147284969694,0.23047866533490646,0.32163897461689067,0.30873367986626304,0.9498368035310076,0.38004469240993366,0.35395055435028966,0.26221539579857095,0.23039052458362824,0.6124701288859055,0.7102240059622223,0.5976606942633825,0.24329201610138665,0.22545029316796408,0.5050466074067482,0.7581225139353863,0.5734220037807597,0.971200968862552,1.0,0.7924985073862467,0.8161068545459829,0.4866668855975223,0.26831615461286906,0.25593247510306594,0.4051105792514842,0.3711046521457939,0.36217847097853,0.2681829702082741,0.24752718030122853,0.7248810553255036,0.7711127630036549,0.5702243458210381,0.5496833807336242,0.4832989348067158,0.48179083199872147,0.504356668840273,0.5247954576119975,0.5323918421077,0.4861150799657913,0.5214421848419433,0.4462913709414393,0.44014527743709364,0.2637734060280532,0.24776323943952383,0.9695058358445833,0.971108929866608,0.6696399256292873,0.26492955358186726,0.23658097512276147,0.7167904491503287,0.7718862542467533,0.6954435152212143,0.4096819730764152,0.40289844524989693,0.9526112781827188,0.9713824302133177,0.919541276916894,0.8320768189049075,0.2675387653728678,0.4562005940742108,0.4109930570712918,0.34662152792645123,0.39569538562156126,0.26861824845586824,0.3077807834663537,0.27246487495600796,0.2431681140543996,0.7303318292298684,0.8221341590151537,0.7607847609009114,0.235407003267976,0.22593728561231402,0.8284430350234139,0.6729320913926373,0.44950799599483854,0.9499123343249666,0.42843365353442486,0.9632379205766964,0.9665802562770095,0.733937678249631,0.9526729137151473,0.411032276190611,0.9618937288304955,0.9535515202903994,0.538636839234272,0.5629153933544777,0.8160310622585385,0.9738979541042948,0.7399797356665878,0.8013732179780295
0.8661053601256457,0.8461220900131143,0.5398911608014182,0.5044402185521847,0.5353986517037375,0.975351349286304,0.9654581667212946,0.9497695786235945,0.9663284949928377,0.32695393187179556,0.30073887270559474,0.27910501498143936,0.25232414629890126,0.3656784799535309,0.8692005138002828,0.8546992522985095,0.8221736509536665,0.8578526338846557,0.7740572746749753,0.8838541900974592,0.8844091245893372,0.7985085794319885,0.5571528614629948,0.38407668276766926,0.31773733924505354,0.5178065708011567,0.3664717175312927,0.2957208691176932,0.2631936952718962,0.25591907224249394,0.39810856382264287,0.7947536023184241,0.7463900921530344,0.6915812488946863,0.6328541774375163,0.7493611683291669,0.8791015073167119,0.7997318894571885,0.47618502109602256,0.5042273002114996,0.46450023682349395,0.5402726707047727,0.3583647875462386,0.6932710923078251,0.780292381837116,0.759891494814186,0.7730275017612556,0.7313681479697552,0.9717311768603156,0.9734694926101531,0.9623014401544204,0.859893054970309,0.7961374913308736,0.7240783560331125,0.6876717353215066,0.6586569858574406,0.6809583754714482,0.6822573444577769,0.6729436878072403,0.7067523149537573,0.6431672683787087,0.6498796426412867,0.6912050310521042,0.6823294633669413,0.6690372333437404,0.7801725516264075,0.8827646728631329,0.8041719293642595,0.27300013137097984,0.276590645931104,0.24369727940614716,0.3399774436366703,0.3268845175622867,0.8869227995794946,0.47629081493006253,0.42482125516825875,0.2749521806674044,0.2510497060709003,0.6821957523433666,0.7537198507166634,0.6719281462644087,0.2563645764642276,0.24019479759913903,0.46501186458020854,0.6326043663604666,0.5327962651342443,0.87466141072303,0.7924985073862467,1.0,0.9481815704830316,0.8232629052158008,0.2819728870434725,0.2702136380280679,0.5187371638259894,0.4676232433919463,0.48789235509841045,0.2820214491935751,0.25800786771996426,0.7807469769316242,0.8100807867714093,0.5269967977641216,0.5088003010509247,0.451610736801386,0.44578855343314583,0.4761527691699578,0.487154306576906,0.49638873417678,0.4614563903611564,0.4879756703321969,0.42537800927444014,0.4185530720343475,0.2774653157932099,0.25806316581211447,0.87151638267224,0.8557181641954944,0.5855227339480216,0.27754420619853903,0.252032566124596,0.5996152534992738,0.6443777401267462,0.5759475489306339,0.38898147546101614,0.3841924518441987,0.8067420160214761,0.8681569645535017,0.8204898081705313,0.6970141035434628,0.2811810059054223,0.4258290028184866,0.44495300612758726,0.38738122688134363,0.4365950716995968,0.28202796979227485,0.32282266947066485,0.28524886653709713,0.25524745157176837,0.7522544056456509,0.8379900892410654,0.7488226962975342,0.24208452886180826,0.23444802918300528,0.6812076454752314,0.5631031990278429,0.425532164812727,0.8655778169377025,0.40386190678009937,0.8778548777854378,0.8812147334375504,0.7748387318543382,0.8286282384686066,0.4252909226432565,0.8829528377434281,0.879933066332652,0.4656168796071312,0.48095740302912304,0.6603587700259764,0.8698470886345563,0.8047686091364706,0.7978896935494104
0.8861895228691361,0.8723246683953801,0.40149938654345146,0.3738282837155181,0.393417895290561,0.9774518631784213,0.9766843000098026,0.9572486485441348,0.9743128680712989,0.24463695288187703,0.22272631986963742,0.2057170908276683,0.18753495418319713,0.26930184861348805,0.8831561433837695,0.8729965463706937,0.7714932224668223,0.8137309182689803,0.7246651320745352,0.8845156151550827,0.8887170984870821,0.7911898685802525,0.40557151973768324,0.28518527198745497,0.23594859013661473,0.37727091492425746,0.2711192200652646,0.21658008945266777,0.18664299152511685,0.18926897736578657,0.3444305946330739,0.827496510283121,0.6638454062680943,0.6354681337253215,0.5400010907317322,0.6886638153287858,0.8925923592736366,0.829364259599587,0.3524580873591932,0.3743240073561561,0.34798311666374104,0.3990903516084686,0.2606850822714279,0.6095911595086249,0.7711357812570994,0.679511847904042,0.687106773864803,0.6652856851412274,0.9769903080572006,0.9723208565661391,0.9331332394510806,0.8767845658258996,0.8046544901859876,0.551394640418029,0.5152340284314564,0.4878506855861449,0.508373762022275,0.5088618033300739,0.49968693914192247,0.5315209823355365,0.4754309134390212,0.48223725503572235,0.5168683362839936,0.5113260070054376,0.5001945158049466,0.7338051882300869,0.9000491906666171,0.8320321664281256,0.2012798165715805,0.20270069215676276,0.1773242460017994,0.25843568663838945,0.24890630120319734,0.9071551609308222,0.3524163830054541,0.3184883173840719,0.1988135835755776,0.1739944580643431,0.604245267156748,0.6807504680848773,0.5958426651146418,0.17972240794224537,0.17528417691604997,0.39240301546674183,0.5911836091081147,0.4673997247904275,0.8898519647118657,0.8161068545459829,0.9481815704830318,1.0,0.6444305803012775,0.20474557802370613,0.19128292436511132,0.3851432633814725,0.34657455158647926,0.3571514218379873,0.2053425890480454,0.18162965485282664,0.7038532927723639,0.7435867542816709,0.45452985285703523,0.4340795827237377,0.3783995183086136,0.3790510935869366,0.40246679686515646,0.41248413551263746,0.4201480591451013,0.38765165155246073,0.41466260585691805,0.35481855961307607,0.3525053418289354,0.20058169123584982,0.1810356621652536,0.8824647377011168,0.8756705361176208,0.530706687837724,0.20049621990428704,0.1762039819420456,0.5521551644778926,0.6009308353448556,0.5263949718694751,0.3264375586284712,0.3231599816782483,0.8143401253699958,0.8868691058261465,0.8294930203839518,0.6789850784803071,0.20411004806281208,0.36403211265351826,0.34401107314474566,0.29168125250875915,0.3365284057977133,0.20919911872829616,0.2410848097526031,0.2110507501963673,0.18632486968391654,0.7119086388449605,0.7893571367431322,0.7133613682724123,0.17583025300971822,0.16901404791291988,0.6510220018728784,0.5122364953255425,0.36760193729351376,0.8861165477409383,0.3469987593729065,0.8811232616558394,0.89935127899207,0.7093999378554988,0.8464254360335768,0.3304354541894143,0.8956977121781461,0.9002997976779266,0.400224876763061,0.4154470388349079,0.6390638553851352,0.8903570724437949,0.7285668108017894,0.7632726945696587
0.5446600234930269,0.5246163121428792,0.6558635699630337,0.6148649912930915,0.6654141815112229,0.6992215649607941,0.7193688903413735,0.7180269155184213,0.730693504615269,0.3835153936296248,0.3569524942776382,0.3339715020739301,0.30384125116285465,0.4484635891734864,0.5627951446274952,0.5401192632546341,0.6069625412102656,0.6323934926695306,0.5581490316889298,0.5836300257020245,0.5820780417999097,0.5094633414965412,0.7221830678016377,0.46943457271315725,0.37570648994012196,0.6719626147770819,0.4475806934535368,0.35458064795989874,0.3243869641277515,0.3065606092029078,0.3718084351001775,0.47401661739839046,0.6133940273111653,0.5119347108900414,0.5568226681523013,0.5609085126477685,0.5646850866212799,0.4797056256694681,0.5798239426262224,0.611744638329322,0.5479533914421099,0.6653780831081295,0.4491288636669681,0.5716792115751802,0.5046567647086196,0.6138239543025255,0.6377862280654636,0.5622724303682329,0.690194087653712,0.729521926438222,0.8110806644945382,0.5468548557142455,0.5104823227036812,0.8652268119034607,0.8452330595299646,0.8194530593904878,0.8393059437362298,0.8445650224533592,0.8318349601090297,0.8639676883118514,0.8085173856362823,0.8093350260907272,0.8517299217285348,0.8336685446535187,0.826866535312361,0.5606272778599373,0.563155095207714,0.4870699577333305,0.3270644341835602,0.3322621830842103,0.29902374599192044,0.39123814246887056,0.375987747293216,0.5627060898526136,0.5777911650562843,0.5023635601436894,0.33353506340377803,0.31450948221422675,0.5621251859537828,0.5964948001221031,0.5500241002245422,0.3178552103883192,0.2949682521349028,0.4601923881205762,0.5136479631369518,0.47639636178086864,0.5620032801444922,0.4866668855975223,0.8232629052158008,0.6444305803012774,1.0,0.34083295603019015,0.3307413785880361,0.6289549976852277,0.5586143754367493,0.607856913593641,0.3406909575629422,0.3189068932757989,0.6234418741137628,0.6269771599435249,0.49045881178867007,0.486784599527493,0.4448192896323471,0.419017525433926,0.46002090914616356,0.47012000724495645,0.48020656210427265,0.45027387552251286,0.467471952724745,0.4299529195066257,0.39787521242864743,0.33723056823322756,0.31926922293194965,0.5703778653852444,0.5398670507550463,0.4999367318000778,0.33715566220939597,0.31235624995060074,0.5067259851209265,0.5294800808732948,0.49344711361523713,0.39612088250125593,0.39086295989229525,0.5120212182911927,0.5510152936658981,0.5281127367725224,0.5075650284771943,0.34112228582198356,0.4120902647613918,0.5034773324027733,0.4522419459617819,0.49125210230794364,0.33573261193811343,0.3797714869333337,0.3392900776060091,0.3111640832654768,0.5276238439315285,0.6178868856620254,0.516620396838908,0.29512311797113916,0.2894017137006639,0.5254252110149151,0.4908836696340995,0.40243888948677625,0.543630346332228,0.3820393884153392,0.5803702153282523,0.5599756559789753,0.589042357499545,0.5130310171039143,0.473470886328984,0.5687436214530329,0.5529585256772449,0.45182698195309484,0.46143601419546915,0.497771294552978,0.5524092354947295,0.6413973784803091,0.5567332395820415
0.22661942824075695,0.22551006822277972,0.488320528543846,0.4653565794456492,0.31665432339298444,0.23558449745453974,0.2290161343152347,0.23486251375987632,0.24056122697933083,0.974450482161453,0.9852215323527989,0.9808410380978387,0.9462761975904105,0.45190772940337354,0.2789096428834757,0.25225168941949966,0.3064014948288551,0.3267433302637833,0.23565394650833096,0.26277325546621705,0.2688433989285594,0.18284596798865507,0.42524270743908904,0.4889629354925421,0.9922946792514156,0.4119258591510306,0.46980731680650356,0.9973091265270911,0.9857015169606087,0.9423696222409387,0.41170291881066545,0.2196836256895084,0.43133610458566407,0.27455128915916627,0.4230554608341135,0.2819689482418046,0.2575951273384173,0.21939944072163112,0.4608573217557952,0.4784471447378404,0.45594687554731766,0.33539560732114265,0.4178184051288327,0.2784419795449375,0.2431606861319442,0.29296304159825054,0.37336051966974065,0.3107715687845715,0.2321852249781892,0.2398010977551794,0.2596243703158546,0.26341999203905,0.28068139823728644,0.3823879910736007,0.3283586350915607,0.33996031757514317,0.34104924303566614,0.34638630531792763,0.3677139186648544,0.3571304142856348,0.32585304304037227,0.33553102375005933,0.35069687336649424,0.3492334223532286,0.344480708087188,0.2504113898939222,0.24294424548220384,0.21979371032584688,0.9682374590417435,0.985537849203114,0.9537590767911586,0.9283537903934712,0.8755437822137982,0.22398386361004535,0.4593741813784227,0.41473345107752674,0.9975784965431608,0.9213913943704942,0.36714051750725724,0.3499540782747458,0.32808155644732634,0.9816817463060528,0.9557719261230417,0.5027429137224311,0.4448038642419467,0.47698194773563385,0.2631970118562271,0.26831615461286906,0.2819728870434725,0.2047455780237061,0.3408329560301902,1.0,0.9261946637711124,0.4801606497760311,0.4391007838831154,0.4235964120991145,0.9963048663333641,0.9782584214309445,0.30461651512959115,0.304877892985815,0.5207220798255087,0.5301084377496642,0.4895545124406974,0.4628752646104223,0.5083922661060004,0.5137132574108145,0.5227766994572791,0.4989643514855165,0.5060590773494666,0.4648992663210205,0.4385581411316024,0.9951368115016453,0.9599581467380074,0.283782941712756,0.25828731249056996,0.49336425044972937,0.9968961843562683,0.9393259028256182,0.4495758750193395,0.46320986649502827,0.45096474397997616,0.45037877240426927,0.442638015544734,0.26198704032545034,0.2569339066261091,0.2519431286847312,0.37943283175739334,0.9963292029446621,0.4855014279292082,0.6249718085754304,0.5686853063863682,0.6243124741894723,0.9720149058638565,0.9802855859764992,0.980419626403509,0.9661216042047044,0.20484791877162048,0.2937073347400897,0.21588426828994908,0.9554739692190891,0.9309304622804202,0.42991881695392387,0.4521893770279221,0.45267715452656987,0.22422682277137646,0.40937997561504186,0.2859112600233425,0.2469875677124041,0.27574098971894884,0.2139424826775593,0.7666365243114698,0.2530471928568208,0.22451551023922484,0.4349202091462817,0.450181685797075,0.41212532409174746,0.25318867954163504,0.29925199404453245,0.2359239711600196
0.21398544063537916,0.21715796956678393,0.48172610157129675,0.4595590273049845,0.3083698160904442,0.22505297716008793,0.2190054201958162,0.22753223733774502,0.23262428555411668,0.8598471786733478,0.8707446566996503,0.8534561726499977,0.7967646186561527,0.4569207832038335,0.26401118551731295,0.23868101794919366,0.2839510452830508,0.305575725989114,0.2181728562180009,0.2467617881509192,0.253887607943717,0.17071526467890494,0.42682701941910284,0.4919803609993288,0.9100333768178573,0.4159992595072375,0.4741208457156905,0.9187208639651787,0.9497108663143787,0.8217953847360006,0.39215572254952596,0.2125675890212931,0.4018382484247965,0.2480153206700159,0.3960945659390819,0.263761342453855,0.24318609288456824,0.20948125642856658,0.45657128221630244,0.47249235649491816,0.44138687696608114,0.324764845431912,0.4257492697158291,0.253492667412155,0.22339885950205757,0.2739336348785839,0.3470833824458336,0.2849142426252167,0.2219588679868667,0.23086500614663635,0.25020246832028226,0.24911639720130546,0.26337703728305106,0.3727941903546589,0.31744801158344854,0.33263255110894435,0.33244435294550134,0.3373399724145273,0.35998541861337296,0.349243221504562,0.3178518987149073,0.3273276405426304,0.3410525410636044,0.33888444743578616,0.3337934412938626,0.2331123158019178,0.22873973544596887,0.21040529303678657,0.8292443838513559,0.8640030282959981,0.8032035584044427,0.796187444361637,0.7387160434090967,0.2126745546976622,0.4541057978785103,0.40394856746775715,0.9206117252938003,0.9721862346593697,0.34218940988124913,0.3229528426707819,0.2982434278896027,0.958134077041356,0.8324439524849648,0.49516481070239105,0.4307681510761516,0.45729712354759544,0.24933225981818782,0.2559324751030659,0.27021363802806786,0.19128292436511132,0.3307413785880361,0.9261946637711124,0.9999999999999998,0.47407993218322764,0.4240584779127342,0.4240102564122057,0.9090409823581269,0.9633717660899506,0.2829709431596866,0.2818419361734748,0.5094479921291882,0.5187615038576172,0.48589926514429654,0.44690857201702877,0.49988881295806675,0.5047119379540287,0.5132161661152173,0.4912343011647415,0.49630780723625206,0.46236510630616645,0.429457001310481,0.9086473790981683,0.9558107952851504,0.2682783765723408,0.24514774257880673,0.4815841602980051,0.9350286084391397,0.9749299871059006,0.4404866464398326,0.45262367637715145,0.44243382569884937,0.43938435540844056,0.4290032233404418,0.24271521982018784,0.24274068127736695,0.23802504660171522,0.3631284760866784,0.9226865765342196,0.4666119569196598,0.6051574160640455,0.5443064666471076,0.5951353374090622,0.8361998203779902,0.8690448550543451,0.852669133221862,0.8238450287892803,0.18587844814798427,0.27340043025242394,0.19673760554042868,0.8256017721837952,0.7940400456336381,0.41761861981351306,0.44188079333332214,0.43481452277751453,0.2137818659937277,0.3906930822088935,0.2710668425248985,0.2341412435820214,0.25385539633180565,0.2019322381883389,0.7807663156940584,0.23912366637564658,0.21217312170759867,0.4292160028507783,0.44363569855628604,0.40176708522568166,0.24129070984503453,0.2776959847292023,0.216644429407814
0.3856658484409363,0.3748852373979505,0.9973995636371413,0.9973346619797329,0.8893418673726643,0.42976511798542716,0.4291303606320378,0.43490914184291796,0.4450722507658662,0.5411073358562393,0.5043290248327169,0.466384254155985,0.426922889654831,0.900105391221367,0.4321698848285114,0.4060664454350876,0.4981315058165489,0.5249900821483617,0.4116091531393266,0.4319210607562444,0.433659906532176,0.3582267213115633,0.7938470352037541,0.9145334895142028,0.5280471477013939,0.7492493125909689,0.8973979816736264,0.4967591694021022,0.45647338786560065,0.42170495796343893,0.506127783103318,0.3442565983294638,0.5762729626740767,0.42216125476512895,0.5717959999198291,0.45094747836281246,0.41662945687807884,0.3486832061436834,0.9932185231791765,0.9982028032808612,0.944933350732708,0.9125315916213108,0.8961082987140666,0.4850124130874812,0.3911483226965388,0.5105385700114338,0.5878008458765532,0.46840585761493114,0.42415259355019425,0.4418674187196448,0.49314143953078504,0.4152354335886814,0.4145431854819651,0.8528256455201367,0.7847877508508588,0.8360772648323717,0.8291830997512066,0.8169577386838112,0.8409911227122798,0.8351765429239801,0.8198549703862351,0.8254717540658839,0.8083304448524026,0.8111457275305657,0.8130555050859962,0.425845890107987,0.40514732315331564,0.352957908431822,0.4618598212907245,0.4678501253528148,0.42018707753154366,0.558593381532766,0.5378567062218451,0.38869218131978056,0.993015347387185,0.9313346692646532,0.4671288996216922,0.44862131183104464,0.5026621144682184,0.524594985170039,0.4737601039330182,0.4482434338100134,0.41241639804792385,0.6089624474071398,0.5558808974063677,0.5453648377240762,0.4222286703809032,0.4051105792514842,0.5187371638259894,0.3851432633814724,0.6289549976852278,0.48016064977603107,0.47407993218322764,1.0,0.9584986824051593,0.9818964213054114,0.47680910718580416,0.4529648583901217,0.5211428705685742,0.5138187634290846,0.6058827673049775,0.6129078221344327,0.5817638836567154,0.5016092316158336,0.580441991685037,0.5967025499432708,0.6051279929489731,0.5717010558112382,0.5833357868131912,0.5639770230608023,0.48150688198212527,0.4728324130488813,0.46203182675889937,0.43866216644384964,0.4075006372553891,0.5886916202349552,0.4768599498211771,0.45122498731989447,0.5622948720799643,0.5830422946539997,0.5603842692764718,0.5356534992811672,0.5184417353227118,0.4103563581099746,0.41180056338796023,0.39185917686466043,0.5040414376644256,0.4786641374919902,0.5533861267820482,0.7573141608083837,0.682175949804071,0.7181140667210872,0.47180268737802455,0.5325924215111462,0.4769658345681669,0.4319628839046879,0.3625613032332904,0.49123696660919874,0.37448254243057133,0.408022049496252,0.4001851308066719,0.5522687095552894,0.559252834442926,0.5498479902532021,0.37497055448719735,0.506496343415628,0.44792476892514965,0.4079756793873717,0.4739616590520515,0.368002875158699,0.645162614049137,0.4152116928575532,0.38149144769327425,0.5360769131542257,0.5421200491643492,0.5213932481441554,0.40914650425639515,0.5280659178015626,0.4038173305191439
0.35389579080175915,0.34254009942695984,0.9505670725783469,0.9622203397623277,0.8543008011783902,0.3898122982322148,0.3853779904548001,0.3895418593148776,0.3981768054572628,0.4999978943091484,0.46564102936810087,0.4310367080180923,0.39650174948868744,0.8319249686703255,0.39611433982179634,0.3725035437754275,0.4697651837673105,0.4906104002860263,0.389693408032745,0.39941547271942196,0.3996921418764173,0.3404404232940029,0.6966549317334472,0.844663581247762,0.48438863026689105,0.6518472173494675,0.8258682068137208,0.4545436283622375,0.41529709041362844,0.3876726107608877,0.47176214656390575,0.31392106634103506,0.5445645454940947,0.40180281479094215,0.5519206185141471,0.4301619807244339,0.38325823505270473,0.318542500040517,0.9613545973674487,0.961860834073003,0.9758056007149597,0.8742195339364511,0.8381224250835753,0.4594211507139671,0.36652779634970895,0.4825927968579092,0.5617696163782973,0.44910932458295194,0.3848371481254488,0.39700521515877035,0.4400931956711994,0.3804150365317191,0.37825730497644405,0.7842461139747798,0.7135814858237405,0.7668948235252795,0.7585314689479676,0.7425347580595405,0.7639556218019206,0.7648676862946567,0.7499722111054985,0.7534982782630556,0.7327032770635147,0.7375596700252797,0.7396157298376197,0.4036907865520932,0.37267318737095895,0.32179820130381537,0.4280166943275205,0.43240425916548547,0.39083737475778835,0.5184692938172166,0.5001260363170387,0.3567557580050464,0.9670118737038859,0.9793456711545588,0.4265047931207657,0.3997685283233139,0.4773763101068462,0.4983017895648212,0.44993789627319675,0.4058346017763757,0.37887661563623043,0.5480502731377213,0.5104885142975457,0.4937405595970887,0.38807528473779423,0.3711046521457939,0.4676232433919463,0.3465745515864793,0.5586143754367493,0.4391007838831154,0.42405847791273416,0.9584986824051592,0.9999999999999998,0.9254792892737278,0.43637000942103515,0.4100332871163777,0.49285740564534564,0.4844136816986593,0.5509748031716032,0.5561745531899689,0.5276857435993346,0.4522318087565831,0.526718457887543,0.540701816918073,0.5480970076231092,0.5177666512284279,0.5281951987038314,0.5088020171195172,0.43674926423799737,0.43338481161507,0.41733274505953555,0.4024282905163466,0.3735109944813273,0.534526750707133,0.433992297832915,0.4059829298715394,0.5132919357674945,0.534585256030389,0.5120971162792763,0.4977337319704704,0.4810118714035884,0.37663103167291717,0.3777969029059639,0.36143837568466064,0.46623468585355354,0.43716670708537975,0.5078776598023433,0.698324381378629,0.6295749891429391,0.6626600045288898,0.4366014834643124,0.491437215520477,0.4410068755655461,0.39988450304635537,0.3457900064433374,0.461622539352988,0.3576135397033219,0.3783979883114074,0.3739356328787881,0.5067621984101569,0.5120533379448176,0.5119364147058736,0.34273347199932386,0.47405252349859855,0.4130955686743255,0.37501239675346926,0.4476486673658329,0.33849622302203536,0.5893244792837569,0.3817694102726377,0.35063761029650636,0.48539140641260925,0.4944760729388372,0.47804743885681183,0.3752502889650386,0.49841502614843436,0.38238364608757924
0.3468877739775821,0.33764603988030795,0.9785147569584484,0.9849353155706763,0.904956080960815,0.39784338693504345,0.40122502433403795,0.409911371361514,0.41575666360493707,0.47771708810890484,0.4445694504399434,0.4092702949868616,0.37441779201602354,0.9106370063282102,0.38831101832623605,0.36508319599582456,0.44929539876556635,0.475473208121599,0.3682122242878068,0.3882574365484089,0.3903042189956917,0.3217255743843029,0.77764120774981,0.9084314613936206,0.46709779845727545,0.7333487636513493,0.9006005380353925,0.43928697424530666,0.4026579127594697,0.3713394288461278,0.4419508325163454,0.307109133769918,0.5178693074107026,0.3788878682991387,0.5161735019176946,0.40429267873976715,0.3747303668399335,0.3117564938890927,0.9833905398801573,0.9833557962878274,0.9077103719981031,0.9266255552228306,0.9162331314506571,0.4403843746512081,0.349215959856682,0.4634794012935927,0.5343199769576263,0.41746769974065906,0.3916441898791352,0.412274502595003,0.4677693636349546,0.3730663095686701,0.37165363576982846,0.8427493625730919,0.7834719061118,0.8372797276602897,0.828723789677246,0.8153331851218986,0.8345350108498654,0.8307573189053312,0.8270042184682823,0.8288799140702606,0.8039529469324135,0.8068317568501168,0.8133557958589566,0.38223723183504055,0.3647057882636773,0.3159005042675901,0.40542396266898056,0.4109488923687613,0.36766710839386235,0.49275739624701836,0.4732376633453935,0.3506947466047376,0.9818432611950569,0.9008720684840797,0.41175460288268767,0.3994006835213915,0.4489292200617852,0.4713775632118593,0.4233821386549322,0.39598516747289025,0.3619542216853136,0.5530507096988816,0.499050662585714,0.49538601161682805,0.3802080622869213,0.36217847097852995,0.4878923550984105,0.3571514218379873,0.607856913593641,0.4235964120991145,0.42401025641220563,0.9818964213054115,0.9254792892737278,1.0,0.41995639796525125,0.4005749447139059,0.4732735178431261,0.46592509189341463,0.5480779746935132,0.553890336514111,0.5265309879317165,0.45465821450957833,0.5259238241448854,0.5406849201795514,0.547784260323544,0.5172876882201384,0.5285260193750176,0.5124054318781487,0.4374333372052999,0.4167762304706626,0.4092111265945328,0.3947944132056609,0.3655535718393992,0.533466335702528,0.42074172032613477,0.40074624225646793,0.5066994487953903,0.5229874886472735,0.502417174301995,0.4731188995948056,0.4598924662455294,0.36726236789201405,0.3704807219506311,0.3510748594786604,0.45661210711602823,0.4219104082796606,0.4930282568417226,0.6886348116941078,0.6171313278304874,0.645628626125601,0.41429946676806906,0.46976424823060675,0.4193167773288879,0.37811867177265057,0.32153140364640365,0.4438689086560238,0.3316874549355643,0.3568418634363073,0.351745758243559,0.4952201615536054,0.5015577713651344,0.4820240916475494,0.33686050214802493,0.4456452978584911,0.40277604660469407,0.367273587867383,0.42699071015810103,0.3314943142381124,0.5760536994942395,0.37388846656346497,0.34308012469006205,0.48395794778574774,0.4852926947483241,0.4679523062772849,0.36845605999020387,0.4820119383035365,0.3605326485655371
0.22735938914106166,0.22587306459000608,0.48509241724306107,0.4619857924464847,0.31550243436491815,0.23577507100346407,0.22968243371447852,0.2353368338508641,0.2407487020941916,0.9808165599456402,0.9914161071898543,0.989158658173414,0.9612864524452261,0.44637901639370947,0.2782533227652178,0.2521252394659189,0.30690963311501973,0.326637690758688,0.2352449927024218,0.2628043658256935,0.26849665106277637,0.18325450635266385,0.4229803804750871,0.484070886076518,0.9931395736626274,0.40965146802379826,0.46450542639245357,0.997175636586192,0.980698277273209,0.9519517732277857,0.40838053138307895,0.22020880018318842,0.43047338867956897,0.27510865709320875,0.42360494472707216,0.28195094026900497,0.2573398170663435,0.2203381942232062,0.4572316840791819,0.4748689255783089,0.45256534726140984,0.33444111571997887,0.41237687594452127,0.2785589396036498,0.2440716553317607,0.2929611569815659,0.37354674449615827,0.3117168660946674,0.23237358226397034,0.24032820158660465,0.26038885753564345,0.26310243345554046,0.2789439357708581,0.3822535426039115,0.3285507153889908,0.3399749019588464,0.34087871271336423,0.34647464443448356,0.36776997597751854,0.35696705390217365,0.32547309511310074,0.3357225363468431,0.35047676840872266,0.34957837261032165,0.3445076033344389,0.2503925650216902,0.24310219949592834,0.2203823765010764,0.9795250734258604,0.9924531289910044,0.9666952079453095,0.9399505896066581,0.8911396316788037,0.22452589243103516,0.4557386714187598,0.4111187733018795,0.9973860841573277,0.9049200782642675,0.36756393109246593,0.35022047089176583,0.32858623527841246,0.9741211547670002,0.9627692273082319,0.49662060797188606,0.4393156214754324,0.4722981789168646,0.2625701247616089,0.2681829702082741,0.2820214491935751,0.2053425890480454,0.3406909575629422,0.9963048663333641,0.9090409823581269,0.4768091071858041,0.43637000942103504,0.4199563979652513,1.0,0.9689962778910285,0.3046792518723202,0.30515854283114086,0.5142751287953577,0.5240730534308277,0.4832212925561369,0.45814200346833694,0.5019342860965212,0.5074635439622182,0.5164169321010541,0.49236360174765476,0.49984106122185323,0.4582217999889403,0.4329727263653554,0.9970600328494961,0.9514851151029073,0.2833934051380898,0.25797697151367893,0.48723819671242474,0.9936657707258075,0.9259069341274854,0.4444662439877166,0.45778489540898076,0.4463216285036307,0.4449555149733593,0.43650250734948715,0.2616908467149087,0.2568070071462903,0.2514836190069338,0.37605365406606645,0.9959791441309949,0.48126317123917,0.6216133563051579,0.5666858391219949,0.6222461315879549,0.9821847209157305,0.9861677761206061,0.9890162981854588,0.9778812429418955,0.20520192103886073,0.293816011684679,0.2170970400132033,0.9636074166934027,0.941976192869922,0.42554940672079106,0.4472339860170925,0.4488759198900189,0.22454000040234245,0.4062038778757042,0.2850628010405308,0.24671757641494307,0.2761528029827428,0.21456000054046662,0.7511667208678237,0.2530014560056683,0.22487276448255425,0.4294971368661859,0.44565680831139454,0.40679765205251617,0.25300724396882784,0.2993690906093415,0.23626998911327823
0.2067887411046988,0.20784990874553086,0.4610486815714533,0.43882920998731834,0.29151382653794344,0.2136090166974329,0.20710780513829719,0.21442767402723342,0.21877502865216036,0.9252807237391717,0.9405606759454768,0.9343857899743104,0.88404770570478,0.4336535670628095,0.2560449166249231,0.23147334534653868,0.2782377977153107,0.2977698428798858,0.2088784917334898,0.23882149814181355,0.24573419588808212,0.16450677214503878,0.40539835526518,0.4695138421843358,0.9604167019949308,0.3933686238483698,0.45156688376131116,0.9717472209505849,0.9926724329695292,0.8918962619496508,0.37563447535555017,0.2041924024349274,0.3972137354569428,0.24515998286362975,0.3907923797129195,0.25509222814459315,0.2349988888369218,0.20190671013357023,0.43519571334926255,0.4519632726877915,0.4276242806608214,0.309350228461769,0.39928035234535153,0.2477748818515281,0.22139358598999573,0.2643057216285178,0.3409357115653821,0.282658674502465,0.21002568862905385,0.2187972568594777,0.23600406858046313,0.2414752778606397,0.25734137577978994,0.35650330234372374,0.3056652087207029,0.31739893949698933,0.3174717595683953,0.3231384657287264,0.34332280428396567,0.3329743012744656,0.3035977754362459,0.31220153301653675,0.3271355141418281,0.325121456913776,0.3208951589246136,0.22533578517152042,0.220940607158262,0.2030981888985939,0.9131611689891589,0.9422730413475667,0.8929521719860644,0.8643732449370842,0.8082724267662813,0.2040703458555781,0.4334874108711692,0.38799173055578884,0.9767575782504115,0.9574123525103986,0.3362877912530804,0.3189765672033724,0.2951847419603725,0.993862564006459,0.9063108223857906,0.4725498443386801,0.41584426042160727,0.44774850874179584,0.2406849509471915,0.2475271803012285,0.25800786771996426,0.18162965485282664,0.3189068932757989,0.9782584214309445,0.9633717660899506,0.4529648583901217,0.41003328711637776,0.4005749447139059,0.9689962778910285,1.0,0.2749839430993086,0.27531017108654393,0.49022433275540894,0.4989352418214032,0.4614674570632707,0.4339815968821236,0.4803054515627041,0.4844827287778415,0.4930741304141958,0.47042295376813764,0.4768527403531809,0.4373834492020553,0.41445092055390237,0.9692274860770554,0.9745095292396759,0.2607881315337226,0.23729499203169566,0.46344354205441646,0.982295420430396,0.9716526246312251,0.42081216280234107,0.4338902010238722,0.42250487577311097,0.42185500236355755,0.41480220057317896,0.23868046876052476,0.23508790877432204,0.23189696217583736,0.35615492372241003,0.9766751204646568,0.4520848460612689,0.5886837904686885,0.5350279648039807,0.5850579756544049,0.9168445223378946,0.9340391530610144,0.9323751467843916,0.9141124449577133,0.18053319487846964,0.26609176972450366,0.19324563159988886,0.9181044289240716,0.8862841287391715,0.401133975685575,0.4237567357067203,0.4154262014317702,0.2045033359553228,0.37322317538293187,0.26186247292940235,0.22498133704217527,0.24760130276319212,0.19608848834961048,0.7564509111883916,0.23073555160896067,0.20410080480924103,0.4071926836509411,0.42352755740406817,0.3878158719068689,0.23195487300888332,0.2699972555884068,0.2115395731397118
0.7990630442186644,0.762239243589309,0.5355949123358537,0.5033377775164491,0.5169332768229113,0.7645818584345783,0.7170827827108148,0.692343576572577,0.7106313266447791,0.35361363299745346,0.32559800480159506,0.30437344861604265,0.2769688998097796,0.36952973493095076,0.7992606528847841,0.7892364432118214,0.9777538743841112,0.9580914866885484,0.9661530768070236,0.8764298384519805,0.8469188408175369,0.8878268602562289,0.4641565352034292,0.38355525418614045,0.3399507581272926,0.43251318321195936,0.3688975410499558,0.3171149003100583,0.2812565599205068,0.27046925108281994,0.4235098100215631,0.7070403621315099,0.9569759510270219,0.9297627781213798,0.8535438075522948,0.9671585125141604,0.8180297631683566,0.7264364635198104,0.480016853966805,0.5069484559717826,0.48603127350303255,0.526181825275501,0.35649659788722965,0.9609993585242297,0.8810324151699254,0.9872615290568026,0.9797258603454732,0.9702383609813782,0.7590697151074864,0.7240659737668478,0.6967601137131009,0.7945885253794379,0.7680468991109384,0.659217257677845,0.6207535692047902,0.5986741742125428,0.614164037068337,0.612688232235875,0.6215953995454288,0.6274886993179457,0.5731923185022075,0.586731243008552,0.6204890739688961,0.6254395749685004,0.5929088271477526,0.9746901152898269,0.81832885762457,0.7302296022166589,0.29955736010471584,0.30173696595514776,0.26897531625430515,0.3726039329507169,0.3570833774329206,0.8151205826838462,0.4848553712956165,0.4421186154817347,0.2951151503784775,0.26240287168138066,0.9085084715992688,0.9815469591684515,0.9126384182205239,0.27814282609032065,0.2579753190657408,0.4910529925350929,0.5964078249257392,0.6181100095186448,0.8084416780644822,0.7248810553255037,0.7807469769316242,0.703853292772364,0.6234418741137628,0.30461651512959115,0.2829709431596866,0.5211428705685742,0.4928574056453457,0.4732735178431261,0.3046792518723202,0.2749839430993086,1.0,0.9930927543838692,0.5783349457851918,0.5505699207372048,0.4945907563366607,0.5139287261181017,0.5289602888910933,0.5326676108410461,0.5392419428833078,0.5117299857445669,0.5362065961456871,0.4605158686578153,0.48575518658599753,0.2976869944196963,0.2796007983993485,0.8133333761231276,0.7861179244509293,0.6070994911652277,0.2981355356119359,0.2671402990363192,0.5712991741125291,0.6126143379958607,0.5581010208908548,0.4069511488982376,0.3990280034186491,0.8046495433504783,0.7975887443524281,0.7827238083596604,0.6905909640315672,0.30040058212842474,0.4352619597387982,0.46916421435630934,0.410808400460275,0.46865417002223386,0.30542789273735194,0.34754803475983215,0.3103502144620043,0.27948635539360883,0.9395970928424073,0.9796849736885046,0.9514874317824935,0.2630231014520145,0.25147311930877597,0.6392002217217431,0.5440971556356248,0.44709956233635134,0.7603187189041414,0.416611883272914,0.8433175932803888,0.8071035459369648,0.9852662119357001,0.7960738624698747,0.4395492101622471,0.8279940745426644,0.7996079611817725,0.46077541777809716,0.4767739160202923,0.6102131159463473,0.7895412425414696,0.9935885531122064,0.9539472550266395
0.8417783746703623,0.8070410069081563,0.5283940445636715,0.49615367383972475,0.5085434814534563,0.8014755752399066,0.7532614591910278,0.7250321264955336,0.7452597948281702,0.35386572336222527,0.32624088484820446,0.30494039718165283,0.277612968739617,0.3649038588434976,0.8420944372128395,0.8338953509601476,0.9899698063689042,0.9762577630290268,0.9688166601767064,0.9100479140677318,0.884376363828979,0.9102059954066334,0.45915746641358846,0.3791742221318089,0.34076199087870673,0.4289608973969745,0.36448150228982745,0.31798232092056933,0.28163815333234193,0.27179732126696887,0.4239608815807295,0.7538300691897601,0.9566362447210962,0.9304030082688152,0.8502843881670141,0.9677456018390108,0.8579932574498665,0.7738700051583071,0.4731807360419241,0.4999670419213662,0.47922140891863757,0.5175802929292233,0.35044238203472416,0.9460725515341222,0.9113695482683006,0.9795254251012843,0.9787757625825266,0.9680711188319521,0.7967061145014929,0.7607015874742986,0.7251295612720507,0.8385765666536386,0.8123829474469987,0.6520172732144739,0.611776898126679,0.5889841564351902,0.6049683970518528,0.6036197657113547,0.6114334238813991,0.6201503140368884,0.5636438724002671,0.5777487594411447,0.6120564956529552,0.6160721287357923,0.5852309642395965,0.9792420571288133,0.8588344899097512,0.7781774008922759,0.30021114248558267,0.3026022446329724,0.26958473588827114,0.3720555618272154,0.3561899226801519,0.8551250992968763,0.4776169710266608,0.43529685074616253,0.29567014488273363,0.2610415709594087,0.9083780484254648,0.9812940633046585,0.9093143582757036,0.27816181126620043,0.2588862717538677,0.49693915692399776,0.619459040276257,0.6303959905240976,0.8496410466563785,0.7711127630036549,0.8100807867714093,0.7435867542816708,0.6269771599435249,0.304877892985815,0.28184193617347486,0.5138187634290846,0.4844136816986592,0.46592509189341463,0.30515854283114086,0.27531017108654393,0.9930927543838692,1.0,0.5888252233084842,0.5598238730238176,0.5015972804791846,0.5240866828019642,0.5374958990311478,0.5410502334092026,0.5475745581820066,0.5189551619684122,0.5454121667258285,0.4657139027889419,0.4936149899478241,0.2980174151179407,0.2799860493719138,0.855330679580385,0.830808925036733,0.6261666040523247,0.2987788177423668,0.26656728640312966,0.5899694573554637,0.6352865835275642,0.5757115253336845,0.4088503683640275,0.40102570224832285,0.8490892682390505,0.8412819419113551,0.8259283008970509,0.7257657676945947,0.30120722958962304,0.43987480930600925,0.4668046200743456,0.405198032649287,0.46508023890238503,0.30639364854497203,0.3481056543470996,0.31115535611425627,0.28000797292240065,0.9436430351881855,0.9922878089300374,0.9604556994646245,0.2646990710177766,0.25355282997981926,0.667257205050433,0.5605394858299259,0.44741524241137887,0.8039129491998093,0.4185412140853152,0.8803233990419849,0.8483103010488007,0.98470188846985,0.8385579909329176,0.43971735098310777,0.8675587134781897,0.840245944664295,0.46978929490839094,0.48554180139310793,0.6396402889762229,0.8311946088132159,0.9925466286417878,0.9659390499772142
0.525967276026318,0.5097964183563772,0.6126944135011319,0.5862228594217246,0.44576934237021176,0.49456586133065306,0.4742593907595525,0.46707343228101106,0.4859648711525486,0.5709261626629197,0.5364901483546316,0.5019571649831532,0.45596370716441725,0.5469525657467889,0.6002042904641519,0.5661216271054377,0.5967161884700153,0.6447981085385251,0.5041773370818112,0.574127973008112,0.5828917363146776,0.47880508505511826,0.5159566280489336,0.5760895854967948,0.5650971445392714,0.49586667552045954,0.5564988662297422,0.5339176139102471,0.493648616253446,0.4505134062605845,0.5713094537007373,0.4867176894184794,0.7057145260989189,0.572292005018658,0.6102303811912024,0.5363894542872903,0.5690866744155609,0.48934492417965864,0.5817128772287005,0.598467304172139,0.5545858407862395,0.4622888712333189,0.5243426931771602,0.5172299872926014,0.5645307922099302,0.5434286260351978,0.6413123102519876,0.5699819024376087,0.4932394190179619,0.4897211778559542,0.48893735337909655,0.579608626688544,0.6015532751622507,0.5353647736624422,0.466546007829087,0.47373585140754426,0.481795579562673,0.48233554857474675,0.5080860904539616,0.5046626386634423,0.44907408146243605,0.4649131781517428,0.4858612853228561,0.4858574987166616,0.47014283579154487,0.5315210649564398,0.548847218938141,0.49030015412485867,0.4889642389039317,0.5021391004681889,0.44504689377654016,0.5792226431675254,0.5545852891200397,0.5184723559543981,0.5780072912432824,0.5143079824750222,0.5045214908375044,0.4834577843089006,0.6173630640862099,0.6228437039200224,0.5527949056190029,0.48494825351928655,0.44605397256778545,0.9479258892698773,0.7900555249067414,0.9304040088975633,0.5786008898216893,0.5702243458210381,0.5269967977641216,0.4545298528570353,0.4904588117886701,0.5207220798255087,0.5094479921291881,0.6058827673049775,0.5509748031716032,0.5480779746935132,0.5142751287953577,0.49022433275540894,0.5783349457851918,0.5888252233084842,1.0,0.9944354401212013,0.9715262215944929,0.9207001598545986,0.9904898146322128,0.9928888311573524,0.9944826791514741,0.9847858533703192,0.9934191516059561,0.9509328252256998,0.8986133764345294,0.5061956901379007,0.5015000875383034,0.6087791212515087,0.5727433882102968,0.9826704744504473,0.5171543257589813,0.4889532945677564,0.8137036701688322,0.8307628282417097,0.8196256639537058,0.6996741881143516,0.6847192416880999,0.587883673203921,0.568839706937075,0.563427631484687,0.7549024378136517,0.5139805180000054,0.7005931824285995,0.7068441102556707,0.6332704366624564,0.6879904152828221,0.5018720744752465,0.5659085787624392,0.5091955062110997,0.46262406420693347,0.4579269907235475,0.586979190608059,0.5040482849620863,0.4434329299088284,0.4229526522634587,0.7994561435587423,0.8187152047447094,0.618485271099626,0.5040105288703608,0.5667029278244077,0.6102823758889335,0.552386451192536,0.5496197847499846,0.505587667128064,0.7134499575661823,0.5603069879350678,0.5165865944758208,0.8084277429252958,0.7962650313421562,0.7459969216379516,0.5585063996151293,0.5751530622456101,0.5072198250773989
0.4985926840389488,0.483383415869591,0.6200980913245082,0.5927787168305286,0.44600661328810215,0.4733717339609073,0.4553856953650825,0.44990101816857087,0.46872057262984307,0.5827709256522312,0.5469462300420896,0.5113558761322853,0.4644779113837775,0.5572469149578826,0.5757998035391387,0.5398572581230158,0.5673840991798363,0.6164647483311332,0.47311892687171436,0.546201498559134,0.5567760710866975,0.445954623744499,0.5272536860844702,0.5883833102177314,0.57632497986419,0.5073489188698032,0.568044783515314,0.5438190280953008,0.5029301001275905,0.45867862459484704,0.5981151441403985,0.46312775191772537,0.680335773671614,0.5409625958295299,0.592221687249773,0.5067792459764316,0.5434730030387267,0.4643038142010214,0.5889580711537025,0.6054780065530796,0.561327169153926,0.4622950439460637,0.5326089603804475,0.4915776139793467,0.5306457755349586,0.5178281820226299,0.6157648505489043,0.5408468539686072,0.47177982584013683,0.4707089915435562,0.47393491501970797,0.554069543260549,0.5772687718255948,0.534352295394185,0.46522406839411123,0.47356716504512075,0.4810816002914917,0.4823632207633959,0.5088080062085768,0.5040425895163549,0.449503579029793,0.46526210055338885,0.485901876097695,0.48477774556740405,0.4699658867672243,0.4999078958563771,0.5223435370468456,0.4656518798906694,0.49880005495393254,0.5116047221424764,0.4538424378759966,0.5916923645565686,0.5678219086339055,0.49122590942670114,0.5849308831111771,0.5198274599461533,0.5138164257398911,0.4927237776508586,0.5915175875033547,0.5947017835363065,0.5274743103277523,0.49314380863111695,0.4544678527236351,0.9632952417652227,0.7991531681725167,0.9116562202121247,0.553491725341758,0.5496833807336242,0.5088003010509247,0.4340795827237377,0.48678459952749303,0.5301084377496641,0.5187615038576172,0.6129078221344326,0.5561745531899688,0.553890336514111,0.5240730534308277,0.49893524182140314,0.5505699207372048,0.5598238730238176,0.9944354401212013,0.9999999999999999,0.9757649669896491,0.9080316731213355,0.9864933882095659,0.9938485134903446,0.9962468648337593,0.9832669690852817,0.9899301163752569,0.9576172163820142,0.8868544776860579,0.5159519096594021,0.5096014021140914,0.5829544182378016,0.5466085205051775,0.9739828880082819,0.5267945689443165,0.49743874101629326,0.8266184390807213,0.8392354898763305,0.8328274981113389,0.7241139314459052,0.7070083433513822,0.5600033760644517,0.5427671330045134,0.5356789884160117,0.727617442000108,0.5239014409152545,0.7269539101073642,0.724663228250923,0.6517562637752338,0.7047697880792273,0.5119507266306892,0.5773012044514965,0.519116090303938,0.47159046511554376,0.42638345428599567,0.5571690021544627,0.4706751111909854,0.4514826909243869,0.4302415875764652,0.8029300048623325,0.834259937986455,0.646324660235117,0.4794195532433947,0.59277791977152,0.5857215755697092,0.5268502535914715,0.5201035371995341,0.4769352891576868,0.7314988082006575,0.5339768127206419,0.49006637625507005,0.827265164095589,0.8185211154390913,0.7489452428746547,0.5342190266566061,0.5472983524139969,0.4754657788629954
0.43480769991617746,0.42037608031538654,0.5879585017995793,0.5629847389379239,0.4207123989424464,0.4152698145722028,0.39707661276421635,0.39553263119098936,0.41380657041969554,0.5395239705427067,0.5045291027132215,0.46964648061221365,0.4256357234747317,0.530110682904453,0.5083667808502715,0.4735114891963638,0.5048183315999516,0.5511850131444292,0.4167245410721238,0.48015254159137644,0.49014969837197103,0.38906773158348595,0.49835758287789883,0.5610257470358189,0.533957413194859,0.48050470650746374,0.5418640153956809,0.5026327522794076,0.4640692162144319,0.4186089342666871,0.5699837901514396,0.39989817682703194,0.620974038425437,0.4878114145956309,0.5382548042837922,0.4509678028210607,0.4769425534519653,0.4026127010228151,0.5605464585594258,0.5749191923894784,0.5284943197286873,0.4339008059572561,0.5105841145198102,0.44289224919135134,0.4729504470418929,0.4648383683028467,0.5581750945331787,0.48381977635036066,0.41325402173898557,0.41518113323066014,0.42113741695371437,0.48756107025604645,0.5100199127449282,0.49720762292998477,0.4316831507052707,0.4417233326081793,0.448039284603054,0.4504895517601447,0.47556038968391123,0.47070989959759685,0.4200754108826298,0.43478164202453146,0.4521717351434052,0.4502367972211913,0.43804377775257614,0.44282806822469434,0.4566902055897038,0.40329890863662554,0.4577506567838309,0.4697792251624403,0.4140377544438052,0.5494064215064458,0.5279377959159062,0.427536039474553,0.5566397489209076,0.4916691364177868,0.473789089023919,0.4623104577024542,0.5367023655886748,0.5370580267974977,0.4744199400308187,0.45580437890741693,0.41580650322931084,0.9495064984877838,0.7420211256604015,0.8624821591381022,0.4867095915375238,0.48329893480671576,0.451610736801386,0.3783995183086136,0.4448192896323471,0.4895545124406974,0.48589926514429665,0.5817638836567154,0.5276857435993346,0.5265309879317166,0.4832212925561368,0.46146745706327075,0.49459075633666066,0.5015972804791846,0.971526221594493,0.9757649669896491,1.0,0.8713597058661262,0.976105306421331,0.979316790295012,0.978587645086097,0.9805794824092087,0.9768948176169264,0.9783072007747644,0.857240600078819,0.4759264624573183,0.47352907190935756,0.5155052656824629,0.48024946417087244,0.9451167365696858,0.4871031529371079,0.46452511038954153,0.7684394144557307,0.779845070489989,0.7761412586922477,0.6989070304840896,0.683635003065227,0.4953533271314372,0.47713361854939207,0.46920105696380315,0.6572319460479218,0.4839914712091307,0.696113597018442,0.6871378225852435,0.6182858608838365,0.6683016021461493,0.4711576454622075,0.534086087577849,0.4768261551036966,0.4316296298655647,0.3727122088690032,0.49720038425227314,0.41580864594762706,0.4115124223273945,0.3915600149874505,0.7394367785535597,0.7780196745894207,0.6159348170100206,0.41693606050362403,0.5639904141294628,0.5182076530261864,0.4615743796845024,0.46657294234795105,0.41448616226384144,0.6938206276827986,0.46790701232726367,0.4258596535568612,0.7826920731427988,0.7714364327322707,0.6833623096477779,0.46792917737738826,0.4913906901810596,0.4174861257657794
0.45190064201272906,0.43439392722671943,0.506749185793684,0.4848265059604673,0.36868408417175275,0.4177881772994599,0.40121542468093147,0.39484995969327596,0.41023833855124753,0.5015155078957713,0.4757780481219037,0.4474631652910189,0.41266475978577466,0.45474245835226357,0.5145079718870008,0.4865989189138233,0.5287601735525992,0.5688254939436318,0.4485158405620347,0.4965305773969214,0.5017539656138628,0.42469802228723785,0.4249366996269303,0.47525990160573417,0.49729723401971065,0.40755177505840456,0.4594672186195026,0.4735998264487522,0.4387582823460607,0.40215115066067203,0.4270492031459865,0.4101664603275562,0.6427987342302419,0.5341709302725145,0.5528647519175234,0.48429173343165227,0.48856673387914906,0.41431650378806095,0.4807667475993916,0.49588371176538887,0.4516021019142762,0.38225412750974486,0.43837966315115473,0.4589549136031278,0.5045678016683067,0.4798639134812331,0.5732915470968188,0.5161510380918803,0.4170176150250534,0.41357488966276784,0.4135895657843977,0.4978457532838049,0.5238605851755948,0.4473475090886779,0.3886373087016356,0.3944854889597709,0.40082813406558077,0.4004961013556586,0.4231350017583431,0.4211718955942924,0.37054390484265454,0.38479004985507176,0.4034811912273358,0.4048620239719527,0.39119410265357685,0.4772885985002733,0.4704471635013951,0.4153026230531522,0.43644974044090495,0.447973437708679,0.40080864864999943,0.5073432057407966,0.48289480194293044,0.44216831222494735,0.4771454595405375,0.42061177196529426,0.4493799760187313,0.4258585304718089,0.5664971868574459,0.5627593211843964,0.5053720538162094,0.43120736589089437,0.3991303544486366,0.8317386874237518,0.6706188992320655,0.9348425941665964,0.49581230416543115,0.48179083199872147,0.4457885534331458,0.3790510935869366,0.41901752543392606,0.4628752646104223,0.4469085720170288,0.5016092316158336,0.4522318087565831,0.45465821450957833,0.458142003468337,0.4339815968821236,0.5139287261181017,0.5240866828019641,0.9207001598545986,0.9080316731213356,0.8713597058661262,1.0,0.9302741863754174,0.9192428353387571,0.9126001486853363,0.9239356533129387,0.9285726814403454,0.8523897714202576,0.9490851723651457,0.4490282300973558,0.44655276680449324,0.525764925880396,0.4927497852975073,0.9025161341325992,0.45875976835254617,0.4316498088388705,0.691151481311699,0.7035002629817081,0.6975564557652875,0.5827785999600716,0.5731068445725663,0.5133272898026878,0.48833405578818057,0.49322197806200946,0.6814246956555176,0.45495064111589767,0.5773170215234337,0.5794677025509679,0.5191503969645794,0.5660963052757626,0.4464231486902376,0.4983764701257205,0.45255405122450826,0.4145667951157054,0.40679948791421233,0.518650792545388,0.45584333208011385,0.4018329732003138,0.3841623495820672,0.6805496760093834,0.6948756112922698,0.46560671417629135,0.42772834639684637,0.4210074743377934,0.5251755211180807,0.4706819731737681,0.4854339300302985,0.4351122566261683,0.5982818091598372,0.4804295840779431,0.4424237560821283,0.6891005992297892,0.6801695499831126,0.6310635052505447,0.47517026136048696,0.5096801138526582,0.4502910730871182
0.46347864269382816,0.44577413180515946,0.5866126647250067,0.5617128634114651,0.42226208416269684,0.4407301416434077,0.4233374224822145,0.42007101045585366,0.4363719643040863,0.5552522620296148,0.5224086548191882,0.4886251042755432,0.4444553717546857,0.527753298552174,0.535239663648936,0.5021181666038996,0.5407817739025519,0.5865789347991037,0.4536988695238204,0.5115127507748695,0.5192090155801093,0.4245861974210789,0.4932766680752003,0.555737193034663,0.5505069119589928,0.4735529318743252,0.5362545153972376,0.5205789477423145,0.4828746113961546,0.4389823400366608,0.5376259104760014,0.4240074753553109,0.6633283143822547,0.5308747971739498,0.5743525837744233,0.489236482632776,0.5051434352895051,0.426312076862746,0.5586626077420038,0.5738373351635662,0.5282531013506806,0.437646637473242,0.5071660775334945,0.47274141140246484,0.5077054387502139,0.49570438791735877,0.5952706782186195,0.5243284728039816,0.4385592624760084,0.43866756400781876,0.44284667898303504,0.5151757053858458,0.5386637548933908,0.504814265348667,0.43985487747717067,0.44737933572138283,0.45449596202184256,0.4555617350063366,0.48116359303530615,0.47692305051030254,0.42378924188961525,0.439112070252685,0.4580519949308592,0.45808722153463893,0.44415241547558837,0.48067884656690646,0.4854375909714802,0.4276378786651281,0.4764506765230807,0.4890942452131011,0.4341619008371286,0.5635237093211461,0.5397251144075065,0.45584390797218644,0.5544186104626789,0.4912337413131228,0.49265323996823024,0.4758420086676857,0.5795895260025378,0.5768007272730609,0.5127007658047379,0.47482918503305493,0.4347676237061722,0.9329440666326348,0.7376998673479559,0.9187104149322842,0.5138143639136149,0.5043566688402729,0.47615276916995786,0.40246679686515646,0.46002090914616356,0.5083922661060003,0.4998888129580668,0.580441991685037,0.526718457887543,0.5259238241448855,0.5019342860965212,0.4803054515627041,0.5289602888910933,0.5374958990311477,0.9904898146322128,0.9864933882095659,0.9761053064213309,0.9302741863754174,1.0,0.9921801223062,0.991014181690382,0.9938515578821411,0.9957881069832861,0.9581995257338998,0.9173394193778683,0.49410956956992563,0.4918202618854104,0.5450189805958315,0.5089099799213052,0.9655298710953921,0.5052662868083772,0.48088430330499987,0.7646587006792286,0.777699857977326,0.7723678817516325,0.6797122080038387,0.6662297859628872,0.5257310400326493,0.504929091908213,0.5025412469270418,0.6986027756097888,0.5014159402420952,0.6728445076967754,0.6815275714005843,0.6130944800280681,0.6644284785432982,0.48886917243298605,0.5505240594673505,0.4955682995787125,0.45081340165705036,0.4076399695309023,0.532091207344432,0.4540395279772073,0.4319164389455031,0.4117628428318219,0.7425509433077299,0.771897096927088,0.5832831931165288,0.44103067974928273,0.5318333322731309,0.546190481975547,0.4882815870310718,0.49947825177806876,0.4431082244227995,0.6930239711681843,0.4964963597177113,0.4537391414639104,0.7729989472255575,0.7605108904071183,0.6859214635167028,0.49371745217305146,0.5248262638534518,0.45361461379046153
0.4752682453614183,0.45979697046472107,0.6034183950449636,0.5774244931920616,0.43381145522535913,0.4519238603609411,0.43486332850377174,0.4299613562596729,0.4475973081779393,0.5633097201986565,0.5288634043198119,0.49427618787484273,0.44902948262771547,0.5442634046330854,0.5519202261578331,0.5164830554002402,0.5469331028711841,0.5954680175202185,0.4555752797510365,0.5231466446659601,0.533197679199294,0.42682765531822364,0.5102699342706908,0.5740956217598109,0.5578606981738806,0.49061706800067684,0.5540050659937539,0.5266762588571957,0.4873309725166003,0.4437927064927671,0.5649744133251623,0.4384943063400365,0.6631988472601392,0.5277323930158648,0.5751022117055495,0.4908651892575843,0.5198847927318726,0.4398547270852293,0.5740998424144641,0.5897381546738729,0.5446802500269661,0.44933387386667023,0.5222440728804979,0.47657740415178224,0.5124279582814747,0.49967234811581007,0.5973626563768886,0.524087139021941,0.45023499052670524,0.44966729382606896,0.45421554077153037,0.5303275087422945,0.5549783111797354,0.5182063317858265,0.4518925357633744,0.4598193943901274,0.4667312180474312,0.46801182748882547,0.4938885677111814,0.489423774667609,0.43604871474360485,0.4516062970476181,0.47104236673552496,0.4706265329971629,0.4560798364788361,0.4820888233787722,0.49893971749992483,0.4409870265166281,0.48196666696444557,0.494638346108327,0.4384612563028413,0.5719516485931023,0.5479162923821922,0.4679051471292645,0.5697017453956087,0.505019136962447,0.49775446082225766,0.4797252324884461,0.5769402107856855,0.5773107351633479,0.5128247109486722,0.4784071956486117,0.43972264663082733,0.9543657801051645,0.7766302743758396,0.9113729293289007,0.5296544601119895,0.5247954576119975,0.487154306576906,0.4124841355126375,0.47012000724495645,0.5137132574108145,0.5047119379540287,0.5967025499432709,0.540701816918073,0.5406849201795514,0.507463543962218,0.4844827287778415,0.5326676108410462,0.5410502334092026,0.9928888311573524,0.9938485134903446,0.979316790295012,0.9192428353387571,0.9921801223061999,1.0,0.9967873161083345,0.9899910678321516,0.993726951910993,0.9623450237673373,0.9032792602787847,0.4999760232028657,0.49495000547322715,0.5595911314150378,0.5231985394080219,0.9714765247822309,0.5107907178943817,0.4840748515459999,0.8068808985183563,0.8167941361158347,0.8132006948979029,0.7009018066762982,0.6868792244445965,0.5382690791382829,0.5196036925890869,0.5150182628231227,0.7114912747597897,0.507253038186213,0.6980111269714971,0.69991896932802,0.6282697649465472,0.6803906222836907,0.4948615023530264,0.5582414419795133,0.5016397193150728,0.45565657028064643,0.4097360440580496,0.5376077409366555,0.45463488639159766,0.436335561048222,0.415608346810171,0.7798269786383099,0.8150330855220673,0.6124119877045192,0.4563856458112529,0.5608292281315934,0.5618752690944951,0.5031445415113859,0.5020131232847216,0.45432735905461413,0.7075597970942611,0.5102195501863976,0.4671133594245159,0.8167157560385632,0.8042060925746045,0.7222922327170325,0.5097660791982137,0.5291814249252443,0.45744378779273165
0.4823647817517287,0.46666300658161797,0.612192534266796,0.5852892697458854,0.4402389184492534,0.4596828970658023,0.44222665907377035,0.43839738282138074,0.4558389938151742,0.5731355283627654,0.5381794116521388,0.5030654356382025,0.4567305991451003,0.5503132645573476,0.559304436121533,0.52361044608567,0.5538973206350314,0.6025525366362738,0.46175046937364744,0.5304500844344141,0.5407017387239428,0.43227760645851016,0.5205494381815544,0.5813778352600271,0.5673582846286026,0.5007352831346636,0.5610715107199292,0.5357323515702279,0.49601795640828217,0.45196590621813215,0.5783346045393568,0.44581185031230774,0.6698788696669058,0.532611939948253,0.5821978664491979,0.4967015149863772,0.5273844512998538,0.44718855217995307,0.5816691543436383,0.5977555899059779,0.5521501974001387,0.45611690523154774,0.5273961944034433,0.4822228496315807,0.5173000306966583,0.5066461566730291,0.6043024876331328,0.5296726846800454,0.4578894314536116,0.45808704029905534,0.4629983552200076,0.5376405370451277,0.5615536223161914,0.5276106949622876,0.45996405599946266,0.46816438181196296,0.47542563141207067,0.47666470166783037,0.5027833586898202,0.49822682886128616,0.44429841063904024,0.460033687300408,0.47987331142475864,0.4791571646998916,0.46479032687882377,0.4883756873528179,0.5062333650691312,0.4481014953137982,0.4905557618734459,0.5035176957948028,0.44632580801151006,0.5818126229468256,0.5578023746412345,0.4750425916818909,0.5772137519309515,0.5119030398400364,0.5065356464096328,0.4876759832988673,0.5821874051417827,0.5835787145421057,0.518387734295453,0.48702170580219806,0.4482962848464014,0.9591263850108123,0.7866356236899713,0.9119485469367353,0.5371937193278172,0.5323918421077,0.49638873417678,0.4201480591451013,0.4802065621042726,0.5227766994572791,0.5132161661152173,0.6051279929489731,0.5480970076231092,0.547784260323544,0.5164169321010541,0.4930741304141958,0.5392419428833078,0.5475745581820066,0.9944826791514741,0.9962468648337593,0.9785876450860969,0.9126001486853361,0.991014181690382,0.9967873161083344,1.0,0.9870720175884311,0.9933263881396859,0.9612491853819689,0.8948330784147682,0.5085356329259841,0.5035946876254642,0.5669146866333785,0.5303735484176003,0.9716286996380206,0.5197610858404795,0.4924467510487711,0.8157590036936331,0.8262343345099177,0.8221747708479649,0.7099936951107823,0.6947552670438215,0.5445638591862619,0.5265978915591115,0.5208488955612984,0.7164975793733412,0.5161847179109998,0.709271023135491,0.7125378191548588,0.6397324257858293,0.6932390573758526,0.5035340909629108,0.5678650858114546,0.5106357888616032,0.464004179933537,0.4154717995074476,0.5439701461413141,0.45959344755944775,0.4446262910492779,0.4232680017216524,0.7890322627895445,0.8239629124258503,0.6260698952032394,0.4628454902977376,0.5742638653562305,0.5694925665621234,0.5105726567732402,0.5084775604763,0.46101255177827266,0.7197488044724574,0.5177348274483226,0.47403547877018576,0.8254216495876622,0.8119688201546847,0.7315071232474607,0.5174305462993408,0.5355100606166697,0.46293083685354025
0.4447584757851633,0.4278084160858696,0.5779405988077071,0.5530646271522996,0.4145010292629234,0.42610403209828124,0.40938610290626065,0.4072586506362924,0.42333229859616056,0.5457189663964684,0.5124858802988014,0.479253360095156,0.43545025036133844,0.5212222122474062,0.5165863077465348,0.4830162308732781,0.5214225439639781,0.5670363024149211,0.4357317612375502,0.4923191838976743,0.5004128413991527,0.40584033433509564,0.4892779202140901,0.5487458582258216,0.5409403806366051,0.47165983652119603,0.5294666948503929,0.5110679387247137,0.47319526191491956,0.4291651753595537,0.5374134596493065,0.40584371786354273,0.6441737471904477,0.5118952567225863,0.5575282008850827,0.4712793254952464,0.4865912347154585,0.40814668007419563,0.5500195605653498,0.5652197917760504,0.5189039314503732,0.42896430633346205,0.5013211546953105,0.45696203636981464,0.4889712848881058,0.47928459534876927,0.5766537503986371,0.5063756109336658,0.4238947409497407,0.4249024712048112,0.43081277035878573,0.4964693531673036,0.5202932282274872,0.4949713862284041,0.4308652107828693,0.4393209971845509,0.4457127067158646,0.44718478263748673,0.47229668032153743,0.4674482516824634,0.416166677520974,0.4311891269632363,0.44978423518665467,0.44930296247341467,0.43611909513987995,0.46229822900478285,0.4669401537051952,0.4095056791986781,0.46685600168508185,0.4792988789339569,0.42506757522998506,0.5545312755375766,0.5320821236620206,0.43748964398627305,0.5460016337812734,0.4820289670761163,0.4830853708885216,0.4679594348816538,0.5617796455127548,0.5581691342952577,0.49608673361619043,0.4651035247827797,0.4260310537770732,0.9350153659262324,0.7281178047178305,0.9023251960802071,0.4952732432854764,0.4861150799657914,0.4614563903611564,0.3876516515524608,0.4502738755225128,0.4989643514855165,0.4912343011647414,0.5717010558112382,0.517766651228428,0.5172876882201383,0.49236360174765476,0.4704229537681376,0.511729985744567,0.5189551619684121,0.9847858533703192,0.9832669690852818,0.9805794824092088,0.9239356533129388,0.9938515578821412,0.9899910678321515,0.987072017588431,1.0,0.9923640324896116,0.9688847838213803,0.9126019407012916,0.4850060811392866,0.48233787296982794,0.5257901956658239,0.48984608216597975,0.9572002734634474,0.4958643110202342,0.4717715779049166,0.7551023761573741,0.767127718577193,0.7632323754750118,0.6806422691932271,0.6678742602340993,0.5065799556413159,0.4863370150543941,0.4837407034884465,0.6765936728805827,0.492250568480285,0.6714938007106754,0.6750857976839358,0.6089653269548003,0.6584346560846489,0.47946645641381824,0.5407783314128262,0.48572761613718507,0.44149957390525424,0.3901307855435022,0.5136958695356822,0.43461582929175263,0.42193440481666783,0.4020145228939473,0.730282013039072,0.7634513911441441,0.582910776826694,0.4246347244481913,0.5318115328178274,0.5274574229799368,0.4701577074408145,0.4826898155199743,0.4241367722307584,0.6866449093162241,0.4778875537470163,0.4361804487922308,0.7681918947340832,0.7557229963368844,0.6736102851975586,0.47520275915710924,0.5074858659608885,0.4357402897965502
0.4783221787756122,0.4610042395206738,0.5897940813627168,0.564289526118457,0.4249804227659003,0.4532879207987007,0.4359222022872893,0.43173555378930834,0.4494959770489707,0.5542646467246164,0.5207024398704597,0.4869558708912139,0.44228765225741296,0.5311220601468178,0.5512582889454171,0.5173942201737315,0.5509397997386748,0.5978137481445781,0.4618136244276115,0.5256081960283863,0.5341434437178144,0.4347632503716148,0.49870947227666257,0.5588975142222268,0.5490053203817212,0.47980984112207903,0.5399834425423142,0.5187050051961792,0.4798506617959088,0.4379740383269736,0.5456880525211156,0.43978739024105606,0.6681835959941785,0.5374096786298633,0.577411687761441,0.4966314167838617,0.5205579018390208,0.4414266888576933,0.5610035915186593,0.5766654087033249,0.5303787412381291,0.43979315473118574,0.5102823459723262,0.47875129003733197,0.5189314568803727,0.5023051424906003,0.6014442286983637,0.5306375177619023,0.4518917185315402,0.4517492131541671,0.4549953685734067,0.5307057535532047,0.5544770833219165,0.5104788670690965,0.4446437242526305,0.45191726842895424,0.4594628134876254,0.460385300486519,0.48581393757446745,0.4819977220488867,0.42804264375075196,0.44346552666381756,0.4633423240612092,0.4627941782311183,0.4490664360713884,0.4891349407903597,0.5004781858439297,0.44282965858058854,0.4743629441307906,0.48733563752715525,0.43196232287044184,0.5627966213957509,0.5394324493195124,0.4704975416247109,0.5567461986373852,0.49276177323204606,0.49030108341874906,0.4715892679284132,0.5831266849485045,0.5828845679474091,0.5177834372587539,0.47128546207050864,0.43384279876324583,0.9415258033030554,0.7557256201718716,0.9207541421259494,0.5295771784484425,0.5214421848419433,0.48797567033219685,0.41466260585691805,0.46747195272474495,0.5060590773494666,0.4963078072362521,0.5833357868131912,0.5281951987038314,0.5285260193750176,0.4998410612218533,0.4768527403531809,0.5362065961456871,0.5454121667258285,0.9934191516059561,0.9899301163752569,0.9768948176169265,0.9285726814403455,0.9957881069832862,0.993726951910993,0.9933263881396859,0.9923640324896116,1.0,0.9600793089808156,0.9124153145378051,0.49181031267259245,0.4887593605858123,0.5601638491909433,0.5244116762337623,0.9711069103398462,0.5031119961394875,0.47707703584558286,0.7820325119966925,0.7960602701225051,0.7896682092688618,0.6859600264230646,0.6723711274656194,0.5398342313168449,0.5203929414348876,0.5168495919518165,0.7110264650999594,0.49918209928084195,0.6816503640181483,0.6845392739291913,0.6141857043810309,0.6668847453613753,0.4872480517557919,0.5493320025754771,0.49399171009429593,0.4488154755976443,0.41591186478605396,0.5416729659982673,0.4627036862734986,0.430050981205599,0.40992885403783064,0.7611935000255898,0.789855075318586,0.5917143243323514,0.457103257091137,0.5394614183345158,0.5614569729685975,0.5037214590318121,0.5067059742262399,0.45753142414293374,0.6960391213058492,0.5116874339006333,0.4688001046701149,0.7865555756386349,0.774934726578801,0.7083088862455059,0.5095575315295178,0.5324262428632919,0.46338912208894967
0.39979140742425556,0.38618370333321583,0.5704890482297675,0.5457817592091637,0.4054879109763379,0.3885852116933595,0.37571277441300277,0.3752976813703956,0.39234531151314517,0.514746991677957,0.47919671532448804,0.4451198946999236,0.4021673558044137,0.5201726893015831,0.4722152058418884,0.4372598085683821,0.4676674487222281,0.5142226464953134,0.3828910407630652,0.44349005553786136,0.45379008554263844,0.34939521241049243,0.48647580239073923,0.5483893392824867,0.5088400329519278,0.4700467005110819,0.5294432201751905,0.47729460547252717,0.4390320010066543,0.3965532057012415,0.5542841418093986,0.36558831502059136,0.5842639317861165,0.4513102246177642,0.5065578691319506,0.41576865411033015,0.4406821280027923,0.3681836250356942,0.5437933972695075,0.5578476868345281,0.5082714868933789,0.419136539476551,0.5012251139366921,0.41174596672389724,0.43448322522919053,0.4320246736738123,0.5228975089166971,0.4487100709373274,0.3859972684951901,0.39074678116046213,0.4023195162666502,0.45108745187770305,0.47555845528991936,0.481070612529794,0.4180209008110056,0.4281559400245995,0.4341160746831445,0.4359261854241649,0.46054698192284127,0.4552271368385082,0.40770718255559574,0.42238923354877334,0.43792697923969887,0.43709927119367975,0.4250788201168471,0.407114891791038,0.42115850815251715,0.3692527810140173,0.43387961435832034,0.4451282048802636,0.39090269381874704,0.525926110326804,0.5052976520079645,0.39219928780032537,0.5396921268987004,0.47255293355500494,0.44891332825155406,0.44010521754469617,0.5060201633937363,0.5014692761594076,0.44497959145801075,0.4319309790564172,0.395290716128341,0.9457140149595344,0.7129268005590516,0.8366983371920743,0.4506327716493745,0.4462913709414393,0.4253780092744402,0.3548185596130761,0.4299529195066257,0.4648992663210206,0.46236510630616634,0.5639770230608023,0.5088020171195172,0.5124054318781488,0.4582217999889403,0.43738344920205535,0.46051586865781535,0.4657139027889419,0.9509328252256998,0.9576172163820141,0.9783072007747643,0.8523897714202575,0.9581995257338998,0.9623450237673373,0.9612491853819689,0.9688847838213803,0.9600793089808157,1.0,0.8433169997618699,0.45130037514709764,0.4497562708753115,0.47884692628804837,0.4441719467819947,0.9214336528834357,0.46226345086902176,0.44154228571542414,0.7402632715231586,0.7487335201932466,0.7486035193800007,0.6809572856522483,0.6649716381848677,0.45779413962435644,0.44097642580019786,0.43649328327076187,0.6222494281571905,0.45925936830708447,0.6792651850089662,0.6690709416896171,0.6033781102673433,0.6508559178833558,0.44657380567735483,0.5090011003329609,0.45208810219540135,0.4073771312501126,0.3390416488754455,0.4613818607647001,0.37785445729644873,0.3854960554781202,0.3653861860184024,0.7072612767067554,0.7525883763896616,0.5982767801738869,0.38345348822951714,0.548994060809284,0.4811218210721821,0.42612121883142867,0.43106735095547016,0.37827814635728435,0.6720334073551356,0.4319634893913114,0.3918362978223711,0.7645549062947236,0.7521494997090559,0.6490696227394636,0.43128244408963423,0.45672639882377297,0.38213688529478196
0.4151709503946151,0.39599861431937833,0.4857320436350165,0.46540854396075176,0.35565919288471587,0.3887591719239222,0.37357413762099423,0.36705046705340344,0.379786497085782,0.4723884211632038,0.44800933370034907,0.42054906976518497,0.38253450641991626,0.4375250558485074,0.4754983250036425,0.449277559496621,0.4948916398553705,0.5341143845302743,0.4217586560942531,0.45979821023185474,0.46419027908237853,0.39432932641251034,0.40487008794780155,0.4554426378950848,0.4709984688437959,0.3869650656727596,0.43910977204751894,0.44813732120468475,0.4168473640692404,0.38071050617132063,0.4076305911899602,0.37365233832316197,0.6152639607282315,0.5052676628516015,0.5310744757913493,0.45778926932671443,0.4509053620429642,0.3742873995793691,0.46141069041255495,0.4765266429479857,0.43634512522923435,0.367257258103801,0.4222386270491448,0.4313685650978145,0.46929273429642276,0.4530153778115317,0.5472853123054019,0.4918653255498841,0.38741170700436767,0.3834195627145536,0.38576181135140436,0.45934182784587674,0.4851779352892304,0.430269897066622,0.37679303822176,0.3823272031779069,0.3885347725008178,0.38714434116233265,0.4077188990436103,0.4060797488140334,0.35915523566793606,0.3715751775864875,0.3892275937677014,0.3912277092122166,0.3772738614620283,0.44707015718030835,0.4335703524199773,0.3762876827605029,0.4091226314984578,0.42143771889404574,0.37379576943082476,0.4774567464133446,0.45261081834123207,0.4068814423769943,0.4575988283776175,0.40610488812286977,0.4251106423180575,0.4067901508318944,0.5468611900995715,0.5359002696947961,0.48202066174280667,0.41089021086149474,0.3737524272032836,0.8095116463352107,0.6306258000276285,0.8747417951843754,0.45706219968021194,0.4401452774370936,0.41855307203434744,0.3525053418289354,0.39787521242864743,0.4385581411316025,0.429457001310481,0.4815068819821252,0.43674926423799737,0.4374333372052999,0.4329727263653554,0.4144509205539024,0.4857551865859975,0.4936149899478241,0.8986133764345294,0.886854477686058,0.8572406000788189,0.9490851723651456,0.9173394193778683,0.9032792602787846,0.8948330784147682,0.9126019407012917,0.912415314537805,0.8433169997618699,1.0,0.42458070637589324,0.4239427896544024,0.4870473635450934,0.45560010186648736,0.878139283084039,0.4346936166501961,0.4141803817520498,0.6570459340503619,0.664969209045856,0.6629074900924954,0.5568838473598837,0.5526600843747553,0.4756960063314485,0.4511880596570054,0.459571058744208,0.640348415778171,0.43069618008585464,0.5459726792372938,0.5568150974472,0.49875164713302494,0.5424081722818913,0.4184349704575782,0.4699321867601708,0.4255773754031003,0.3882017482677891,0.3790746243346007,0.48684199474850365,0.4276296436045853,0.37355664145994644,0.3552113695494702,0.6423876776213575,0.6607094235388922,0.4432249209761665,0.3922161466088131,0.40088628688562394,0.48711606721167394,0.43384736008913005,0.4558977048615686,0.39853258607067166,0.5801377180116895,0.44304778548362805,0.4061288837738428,0.6655870332889418,0.6489359166424291,0.5890991493483939,0.437599473309285,0.4809214684275359,0.41857097360114
0.22231149427791005,0.22119937863400344,0.48122502536576706,0.4587159467419921,0.3120183270683501,0.23121208065611779,0.22491050951217476,0.23034743213420902,0.2358738753637862,0.9794030136442156,0.9897668538340182,0.9880319091476729,0.9605699551474921,0.4431220283074579,0.2732100672114207,0.24738592156552172,0.30008102169693707,0.3199000064710658,0.22924178810511314,0.25728745593971586,0.2632924878914403,0.17732719860119744,0.4211258788435684,0.4808113543541343,0.9912192395082855,0.40774576482455743,0.4617150718469187,0.9957096419528053,0.9786081104997303,0.950788394640986,0.4017630272619625,0.2163974966541613,0.4220321968098873,0.26731481703267557,0.4155992314998355,0.2752779713802634,0.25241017987409803,0.21633403213991836,0.4537674820270073,0.4711785656116946,0.44951873823917404,0.3310574790107617,0.4100601586135612,0.271135189647145,0.2385101365860867,0.28588354876761557,0.3657300572146935,0.3038865640438,0.22778609264441965,0.2351909084231128,0.2550190405024759,0.2583320675560156,0.27404410861771783,0.37828522706892936,0.3266738992852036,0.33711353208331135,0.3379188372013797,0.3438391846502007,0.36485591666452505,0.3535551049754161,0.32372101945545,0.3335912177346886,0.34791162539228593,0.34665465469831724,0.3419046641266339,0.24364579858332974,0.23817117330443835,0.21625827057082617,0.9802142615040882,0.9912750132409556,0.9687045126410291,0.9406560665568235,0.8924319877976761,0.2196589097178214,0.4526289813138502,0.4088804071254777,0.9968995072697748,0.9059054649020958,0.3600729727173539,0.3423454133326159,0.32104638598535457,0.9739266757870195,0.9627784877469286,0.48860364548686575,0.43383413168060225,0.4629576677321836,0.257590597921351,0.2637734060280532,0.2774653157932099,0.2005816912358498,0.33723056823322756,0.9951368115016455,0.9086473790981682,0.47283241304888135,0.43338481161507,0.4167762304706626,0.9970600328494961,0.9692274860770556,0.2976869944196963,0.2980174151179407,0.5061956901379008,0.5159519096594021,0.47592646245731834,0.4490282300973559,0.49410956956992563,0.4999760232028657,0.508535632925984,0.48500608113928656,0.49181031267259245,0.45130037514709764,0.42458070637589324,1.0,0.946395009903459,0.27803267534468057,0.2530478341384844,0.47982688258627615,0.9922737929866604,0.9240364221092221,0.4392567533623537,0.4521966736632046,0.4404970044907675,0.4385262866964992,0.4311366797697737,0.25632689226625716,0.2520683141116848,0.24633237822164514,0.36970668907551774,0.9955593468530507,0.4738446346274151,0.6163557487866848,0.5624909252317796,0.6174630878673495,0.9823520664494653,0.983874297835745,0.9877234090741183,0.9776355464842631,0.19960046966959918,0.28709966042449014,0.21075292705930937,0.9635195291968339,0.9424173189059487,0.4200753805008434,0.4416601018035128,0.44195260358097677,0.22056260717903603,0.4005341123580678,0.27961269016645945,0.2420253995903013,0.2698882304844627,0.20969743039311564,0.7446901931339998,0.24803588389023948,0.22062904428987531,0.4240191911920232,0.4403842543706082,0.4015532391091625,0.24851397205425646,0.29269981406174284,0.22964462025837948
0.20659137478727518,0.20847088332518654,0.4696533251054158,0.4474677983878107,0.2995623524789021,0.21164788480105776,0.20381937336565975,0.2128691914135946,0.21804708490504032,0.9062634345927826,0.9216823267819958,0.9110479842953252,0.8628235808773357,0.4418412283333076,0.25631525864136784,0.23137034251184332,0.28095279791762445,0.30096010051673155,0.2125209816298207,0.2396157686997626,0.24590563221361747,0.16570722750806888,0.41053368488647674,0.47669555188082885,0.9436519618636612,0.39595311516195963,0.45886091164003034,0.9528191324989053,0.9735991840029564,0.8744934289526544,0.3852623862292477,0.2038830519479629,0.40207438876545687,0.24793928005094992,0.39814563879209086,0.260101244699232,0.23535906299179443,0.2018960886785358,0.4434469211516333,0.46061735986467484,0.43198432485081584,0.3162189056968827,0.41011084569502426,0.251044861361058,0.22424173086646926,0.26884662426975287,0.3457472209969274,0.2857892520937656,0.20842368677229564,0.21821371955379665,0.23578467754538918,0.24183166872815953,0.2600056153246206,0.3616186214555214,0.30973971074325873,0.3224338902680609,0.3233748621462814,0.32823644754636955,0.34871512479037026,0.3375402957521852,0.3082142437674267,0.3167454363909765,0.33239846543243695,0.33075865301443513,0.3252364488110103,0.2286846504145227,0.22135011387556172,0.20279037352710705,0.8876512368130687,0.9213126058730949,0.8693037638539814,0.8447900283773334,0.7910627935463102,0.2041552898952847,0.4420756045594769,0.39329073113244717,0.9577631864596111,0.956054260402375,0.34098685779280913,0.32343545648944316,0.30061364679243935,0.9779025053211515,0.8853871986987124,0.48382620725488945,0.41813127448595966,0.46013400649555103,0.2411336430899119,0.24776323943952386,0.25806316581211447,0.1810356621652536,0.3192692229319496,0.9599581467380074,0.9558107952851503,0.4620318267588993,0.41733274505953555,0.4092111265945328,0.9514851151029072,0.9745095292396758,0.2796007983993485,0.2799860493719138,0.5015000875383034,0.5096014021140914,0.4735290719093576,0.44655276680449324,0.49182026188541045,0.4949500054732272,0.5035946876254642,0.482337872969828,0.4887593605858123,0.4497562708753115,0.42394278965440235,0.9463950099034592,1.0,0.2612978283369849,0.23817429177725535,0.4734172953276198,0.9659344453021208,0.9773000093582913,0.42152914201902425,0.43577543899560917,0.4234214084364543,0.4300277030148376,0.4186747679439247,0.24035340944077818,0.23530354619288707,0.23307540560302517,0.3582456807831207,0.9580821448810629,0.4578546827185723,0.595291727558545,0.5398307883552087,0.5895946773097116,0.8925031057606414,0.9169325986221522,0.9083940328737526,0.8865400650465552,0.18292796498263855,0.26959795901228045,0.19571148322927442,0.8803123793070902,0.8544895431809846,0.4012919091019651,0.42457554998005564,0.42544584133103236,0.20347315301683297,0.38324282660258047,0.2626253265675415,0.22555993823370382,0.25169489842530235,0.19598190002109597,0.7608153015941921,0.2313438694823809,0.20370377190712993,0.4087552131399496,0.42580649069648147,0.3876521978236202,0.2319455856696884,0.27384505299579065,0.2150532407683872
0.9831800470841469,0.9754405182452965,0.45057202328914203,0.4235073159927927,0.39973436826530767,0.9102095982080599,0.8716154548194731,0.8262005382732227,0.8607270044214961,0.3270413111029322,0.30280472095149036,0.2813877843292328,0.25428799351128323,0.336097011062271,0.9979647547867101,0.9950494913947808,0.9005020280131459,0.9407471587673233,0.818542419717068,0.9867578535208548,0.9939615726447132,0.9015941568575971,0.40620242517348804,0.35384872390004435,0.31955416479373727,0.38507267975773957,0.34064890243040546,0.2970588670865525,0.2649213276739619,0.2543209957050361,0.4251494205110417,0.9455598846353337,0.7891989061487376,0.7602855803782317,0.6395212229760724,0.7861892480344325,0.9931922961433052,0.9513728102071173,0.40666307558657666,0.4282915427395489,0.40967239028780167,0.4100127549703073,0.31608367533678555,0.7154128238786568,0.931268914764982,0.7731292937696542,0.802344791941629,0.7809824582265202,0.91473866375684,0.8747845595084303,0.8017481792017911,0.996901519420204,0.9685149555912426,0.5357328007990203,0.4852746394919776,0.46593449521282987,0.48420879533222383,0.4829110911047791,0.48748436934609624,0.5051718732354847,0.4470124863659733,0.458785997570917,0.49057937430399273,0.48985292303550865,0.4709443909882434,0.8418495807940628,0.9913458200537394,0.9536122380710924,0.27404680670811343,0.2799200273432032,0.24340482160812343,0.33792694469494833,0.3236333727006683,0.9816533898841789,0.4086591819619401,0.3759108373152211,0.2763460323375911,0.2441518187020252,0.7098043424439432,0.8037602667362671,0.6916436316219385,0.25808576474153044,0.23984386834965066,0.5273155150400926,0.7525019707822304,0.6246514563850809,0.9949084385344913,0.9695058358445833,0.87151638267224,0.8824647377011168,0.5703778653852444,0.283782941712756,0.26827837657234077,0.4386621664438497,0.40242829051634654,0.3947944132056609,0.2833934051380898,0.26078813153372266,0.8133333761231275,0.8553306795803849,0.6087791212515086,0.5829544182378016,0.5155052656824629,0.525764925880396,0.5450189805958314,0.5595911314150377,0.5669146866333784,0.5257901956658239,0.5601638491909433,0.47884692628804837,0.48704736354509337,0.27803267534468057,0.2612978283369849,1.0,0.9946666168233944,0.6987294702717421,0.27958485763030677,0.25020907581283314,0.7086526607504712,0.7654255787320321,0.6875778479913328,0.4217158941187272,0.4153779358596371,0.9774472999258217,0.9950616470915927,0.963512194739686,0.8659326206767061,0.28188389172437733,0.4662606100589063,0.43009262155317934,0.3653349400956137,0.4182665735770725,0.2827424567912171,0.3234541325554327,0.2875418185297251,0.25644064238762937,0.8049199471658772,0.8992709148075617,0.8375243128532148,0.24616820044988888,0.23477097612703215,0.8218803900283184,0.6677711735403071,0.4525112844023163,0.9651924780795071,0.426771133429671,0.9943032761917815,0.990584477297925,0.8203300687721633,0.9710176238959467,0.4263692547754514,0.9924872709775361,0.9784311735846007,0.5413170915216005,0.5603695645760345,0.8027047935082563,0.9891507686586987,0.8280852619224859,0.8739569567994299
0.9846859377526856,0.98032026483336,0.41873545032189674,0.3930971297549974,0.37336049121998605,0.9002319394306014,0.8598055693558897,0.8098837921733623,0.8473932928250633,0.2991520529722789,0.2761435789549649,0.25577920019318334,0.23008139338131037,0.31013990471131886,0.995126082620278,0.9966668029522613,0.8816174680910321,0.921424353001885,0.7972323603853745,0.9803388774263212,0.9879153629955785,0.8960017989410382,0.37871392182089725,0.32659350521953534,0.2923295488732334,0.3598748490206522,0.3146600617128555,0.2711166991857601,0.24083583430968278,0.23200172844361444,0.4046612858787986,0.9518955935702826,0.7548696639872514,0.7332780031628718,0.6036968176824866,0.7605010288519892,0.9902334376337228,0.9568854066814594,0.3767010286320123,0.39752663694946916,0.38135516523418295,0.38251874471081204,0.2901905572741887,0.6863213875867433,0.92424915887998,0.7454099341186776,0.7711679990716261,0.7519435461350915,0.9065887473533355,0.8640567899930613,0.783015896710473,0.997482322102545,0.9711324204944499,0.5039351323664739,0.4554441209707773,0.43648984492861975,0.45436694851439935,0.4528910288615497,0.456884002939778,0.47444397950196643,0.4180086036210855,0.43000296115844,0.46050926057532693,0.460133949899143,0.4425218246163382,0.8208137949249791,0.9896651798238317,0.9594745616299548,0.24859050983752512,0.2543636221261409,0.21908498732181073,0.3090988229470081,0.29637406253245324,0.9808967954220951,0.3789180656432718,0.34995221045003905,0.25176597466891787,0.22233055580143773,0.6749652849456038,0.7738875752559371,0.6597912968412584,0.23460978899556814,0.21692639302609132,0.492811270456351,0.7225112923417872,0.5881223184107925,0.991556657814841,0.971108929866608,0.8557181641954944,0.8756705361176208,0.5398670507550464,0.25828731249057,0.2451477425788067,0.4075006372553891,0.37351099448132735,0.36555357183939924,0.25797697151367893,0.23729499203169566,0.7861179244509293,0.8308089250367331,0.5727433882102968,0.5466085205051775,0.4802494641708724,0.4927497852975073,0.508909979921305,0.5231985394080219,0.5303735484176003,0.48984608216597975,0.5244116762337622,0.4441719467819947,0.4556001018664874,0.2530478341384845,0.23817429177725538,0.9946666168233944,0.9999999999999999,0.6687636611207519,0.2547429985843134,0.22721211036470657,0.6793713819687915,0.7374520351760429,0.6574249022228497,0.3934156337971597,0.388201089809588,0.978679499985062,0.996564890675569,0.9659369173499136,0.8491745492340653,0.2567985561552801,0.4402018394426455,0.39711202533233747,0.33367941093546927,0.3855512922593254,0.2568873891771242,0.2956547335577851,0.2618146976282289,0.2315858250137418,0.7861821553489986,0.880123783546412,0.8196871717269132,0.22145999874752387,0.21073265651754966,0.798830672437061,0.6371890108434873,0.4296978559056461,0.9665318305406733,0.40723638838698417,0.9873950403692562,0.9890214698089289,0.7955367330571542,0.9737573065802313,0.3962598243330434,0.9900244630709484,0.9802634670347483,0.5081413580607381,0.526600565836332,0.7817607031828834,0.988283027418198,0.8023150903751901,0.858884003078549
0.618464936200151,0.6064527522861124,0.5959386259977328,0.5698758268188566,0.4388223153915516,0.5679233695702683,0.5441268264792601,0.5265736184954767,0.5516373905961605,0.5427082218398976,0.509496062892255,0.47609868096915503,0.43093946081051726,0.5304285496518585,0.692630755627736,0.6618467531476858,0.6467590964909038,0.7014138061333794,0.5457121798674058,0.6566196199615716,0.6695707078802579,0.5493350253383222,0.5042921876464377,0.5563982062357787,0.5372444246461795,0.4851670685380867,0.5386262531612525,0.506569168837648,0.46689564127840394,0.4266356621386563,0.5546079400998087,0.5854286451105761,0.717813888162204,0.5986813349989105,0.6059821661523751,0.5654484446210716,0.6602938566437455,0.586319931323081,0.5641110495573478,0.581657054495729,0.5405410975865526,0.45455018709607403,0.5076172018069366,0.5346152133327112,0.6355127148976064,0.5669115412594403,0.661337814734958,0.5949310629876683,0.5686997287013769,0.5577066025516565,0.5411358300549147,0.6743520586399467,0.6953701163138709,0.5330927100837898,0.4644201427527708,0.4690964771069058,0.4787398923009999,0.4788226859484686,0.5018258054250543,0.5022098581975226,0.44498821157684154,0.46091577218497554,0.4822691003873905,0.4821441609711457,0.4669512866206108,0.5748781504264789,0.6410111652553343,0.5874244637901039,0.46301481020795165,0.4762822170295363,0.42003086152459573,0.5503539282059782,0.5259776486604276,0.6087616781579569,0.5615597432846908,0.5005647241480683,0.4780852522568072,0.45349650906368827,0.6256058613065912,0.6456131830447047,0.562622830439709,0.4578251123057856,0.42070234882715024,0.9218546846259282,0.8279349076383666,0.9206144994907355,0.6709307910753223,0.6696399256292873,0.5855227339480215,0.530706687837724,0.49993673180007786,0.49336425044972937,0.4815841602980051,0.5886916202349551,0.534526750707133,0.5334663357025279,0.48723819671242474,0.46344354205441646,0.6070994911652277,0.6261666040523247,0.9826704744504472,0.9739828880082819,0.9451167365696859,0.9025161341325991,0.9655298710953921,0.9714765247822309,0.9716286996380206,0.9572002734634475,0.9711069103398462,0.9214336528834357,0.878139283084039,0.47982688258627615,0.47341729532761984,0.6987294702717421,0.6687636611207519,1.0,0.48915828615197005,0.45998523981963163,0.8451110521488524,0.8680393426547637,0.845931955035307,0.6760665752150521,0.6626427815090555,0.6792987231872413,0.6637308203136513,0.6529802897822442,0.8236397621871696,0.48640022702687485,0.6834971905643973,0.6752589577140509,0.5997671870373211,0.654415923253496,0.4760590316279522,0.5381429823403474,0.4833285041767956,0.43779096742623425,0.5036932008869693,0.6360580492875094,0.5531058399524529,0.4205059915175623,0.4013972973493346,0.8536647982869047,0.8432075857232864,0.6012070120050007,0.5984213153385143,0.5540583900302696,0.6959478026436077,0.6448637426647204,0.5839559658885554,0.5993600852517666,0.682947689091092,0.651005421170652,0.6097958345084985,0.8115565014039259,0.8028867872486509,0.8057568724654228,0.6529017396657666,0.6078978533856053,0.5625058528493375
0.22299713188936562,0.2228401159446143,0.4849684875355315,0.46190177379454483,0.31230919389452944,0.23124414066214752,0.22479779717712856,0.23102657770824966,0.23659964111692167,0.9664220074341235,0.9780496306563169,0.9726841437951859,0.9369071379141906,0.45027346376808924,0.2746425776489379,0.24858292281032418,0.30069389560461735,0.3209638266610131,0.22945679728414203,0.2580733661236042,0.2643906476718444,0.1788695184627967,0.4230569384316542,0.4879637285758615,0.9888533388794216,0.40961635781995154,0.46871195801835014,0.9943377939563546,0.9868652469764536,0.939703982590735,0.4075662538865403,0.21799592697112583,0.4247225746922252,0.26782149118125337,0.4184035309898301,0.27710456135162065,0.2535098507430342,0.21672221683868603,0.4577331322991063,0.47498578617909254,0.4509195053963112,0.3303781757469195,0.4165140098012989,0.27118628134935546,0.23821814924873422,0.28682950120600287,0.36685392438275455,0.30475810290772537,0.22785521389876529,0.23582772104902983,0.25533971636522385,0.2594917842048175,0.2769932253574696,0.3781182508576695,0.3248190291689992,0.3361755509562744,0.33723033637012123,0.34268982356743066,0.3640985419853725,0.35324225725738073,0.32177914367262744,0.331668314490137,0.3470509619354714,0.3451915069531695,0.3404215092750304,0.24487019963185025,0.23896950010813683,0.21731311004111672,0.9592020646952648,0.977984365563198,0.94407440124649,0.9180984839869976,0.8648254115530382,0.22048298774485947,0.45604115310122795,0.4100666451308096,0.9956584353262432,0.9315979051412188,0.360341672006746,0.3436499903800203,0.32055938056662325,0.9851879855827864,0.9529477758196139,0.4994455754641685,0.4394551227274044,0.47262018109372317,0.25893557533715744,0.26492955358186726,0.27754420619853903,0.20049621990428704,0.33715566220939597,0.9968961843562684,0.9350286084391397,0.476859949821177,0.43399229783291493,0.42074172032613477,0.9936657707258074,0.982295420430396,0.2981355356119359,0.2987788177423668,0.5171543257589812,0.5267945689443165,0.487103152937108,0.4587597683525462,0.5052662868083772,0.5107907178943817,0.5197610858404795,0.4958643110202342,0.5031119961394875,0.4622634508690217,0.4346936166501961,0.9922737929866604,0.9659344453021208,0.27958485763030677,0.2547429985843134,0.4891582861519701,1.0,0.9488424222137937,0.44529384620303036,0.45894448290190465,0.44779752111596527,0.44577189281963214,0.43797901749302043,0.2577190295964176,0.25294937220651925,0.24883989833786885,0.37536980156436567,0.9944010933113784,0.4807807931269488,0.6212236605471122,0.5654122189035596,0.6198832197384325,0.962969827457332,0.9731064713590268,0.9724887415295198,0.9563905508236361,0.1998098341675596,0.2879230279992528,0.21145509507493573,0.9458894548095962,0.9206637921721473,0.42531480788799236,0.4487486962468223,0.4486091312363602,0.22083488719765343,0.4050562396982039,0.2814116589596283,0.2429338669449161,0.26962910210161245,0.21066249562031816,0.7670985349314768,0.24892261007359243,0.22079227844707336,0.43170790311958057,0.44783233504799663,0.4077093290648987,0.24924173701232724,0.29310227325526084,0.23090929070703475
0.19660106297252306,0.1999775507738661,0.4588350215407604,0.43720056426914977,0.28807432390512944,0.20795948627519018,0.20216762855478174,0.21062061556494197,0.21560983700877456,0.8733945246648566,0.887960875922314,0.8738043600715397,0.823821075052782,0.43476019017431944,0.2458339611986431,0.22101489324247728,0.2683027101480588,0.2881704836391778,0.2026863340044077,0.22923184917624623,0.2359075743905238,0.15754866105508217,0.4031157710914219,0.4710613220250313,0.9191515479208365,0.3894353867350467,0.4530000667693573,0.9295331885545388,0.9603052763439495,0.8442620317650843,0.36950650311871375,0.19464841384101342,0.3883892286131087,0.23790996283430604,0.38729488220546593,0.25001845827818503,0.22583841789317083,0.19123629957686772,0.4346132107219136,0.4500297981570613,0.4223184871613339,0.30487649006660517,0.40346027264000167,0.239831861949241,0.20941867864867997,0.2571894837998579,0.332362679963501,0.27342575877481295,0.20456727645415812,0.2133905313979198,0.23180765126346414,0.23136488985091608,0.2464116460813233,0.3506423633193356,0.2979733824652634,0.3108098689885165,0.31171833557996903,0.3162091846217578,0.3373656363702564,0.3270112138979629,0.2970358893779652,0.30507788289959786,0.3207111783431346,0.31853268983662225,0.31297941781437966,0.21796127372718463,0.21138781217763392,0.19274415342636622,0.8508486359933722,0.8860952912143822,0.8301853788199322,0.809116387912299,0.7525017300320623,0.19619772447181902,0.432399575527637,0.38529770191675644,0.9355289990198374,0.9739736074689147,0.3295562472745787,0.3100208198821244,0.2892552118149215,0.9708224445679463,0.8569481860226178,0.4732202123277807,0.4096685677437982,0.4451365351343991,0.23135356313856612,0.23658097512276144,0.252032566124596,0.17620398194204556,0.31235624995060074,0.9393259028256182,0.9749299871059006,0.4512249873198944,0.4059829298715394,0.400746242256468,0.9259069341274853,0.9716526246312251,0.26714029903631925,0.26656728640312966,0.4889532945677564,0.49743874101629326,0.4645251103895416,0.4316498088388705,0.48088430330499987,0.48407485154599994,0.49244675104877117,0.4717715779049165,0.47707703584558286,0.44154228571542403,0.41418038175204985,0.9240364221092222,0.9773000093582914,0.25020907581283314,0.2272121103647066,0.45998523981963163,0.9488424222137938,1.0,0.41508307014626744,0.42695399659509825,0.41712457869265507,0.4164095595304865,0.40637927423963965,0.22597518627398666,0.22467083032770574,0.22215375560276393,0.34665982713766796,0.9360961731247013,0.4410392503598819,0.5830187026770083,0.5299613823703867,0.57759235578708,0.8565289262053993,0.8837149980039303,0.8729246752559064,0.848584545836482,0.17298549075901887,0.25733174227918254,0.1846424841339713,0.8465431712610669,0.8166012080573155,0.39290679794776884,0.4183958491881328,0.4103548482871238,0.1967246635416833,0.36723971777589937,0.25214199660092135,0.21642567444398492,0.2391472827454018,0.18570147650832483,0.7557561590871809,0.22134627369092544,0.1956426860467089,0.40675044203288185,0.4206050873879958,0.3796049820156492,0.22294128093772847,0.26050591201570494,0.2035687802958587
0.6295958355801088,0.6271310724552652,0.5715681437858127,0.5435815943916342,0.4274863689257476,0.5878911425400479,0.5662358848900544,0.5458218867582871,0.5735335641927387,0.5017660858112661,0.46756393195555995,0.4354441626413665,0.39287885370339004,0.49697077046696386,0.7150921043994534,0.6770524932646887,0.6224164234911364,0.6795030387412038,0.5210449714143133,0.6616020243314058,0.6872576785496377,0.5280983271236924,0.5093061672880503,0.530349043794443,0.494542368389081,0.49285367206201364,0.5095279296586926,0.46280486356605205,0.4247302874033722,0.39042277200411674,0.571331791025981,0.6180874270101145,0.6437004225340799,0.5292490561526828,0.554533689450195,0.5294337969367383,0.6841542262379197,0.6157349876805389,0.5368757355167273,0.5535391935730315,0.5292911784907727,0.4417747776662666,0.46999558754680026,0.5040152959492917,0.6006491115909429,0.5383165224557003,0.6090690760320385,0.5483983437188461,0.5891912003917733,0.5738909655068339,0.5574053365472453,0.6923941041810723,0.7085827497272903,0.5291962004347384,0.4662681608068873,0.46555937984382534,0.47596928539782934,0.47725766129870145,0.4974039417344243,0.4973973376770292,0.44615160794710845,0.45885680883836844,0.4829838100108741,0.47941331744767557,0.4638429172322155,0.5415616398979779,0.6594093058990453,0.6137320167167941,0.42427303125985055,0.43575124341520066,0.3835507843190639,0.5108063465193127,0.49148366311200453,0.6263943430176728,0.5348956773527479,0.48688236477554314,0.43572632534692296,0.41154254200859836,0.555005007716252,0.5880012485093612,0.5122663778543859,0.4140348977384345,0.38458901135364426,0.8051086545990938,0.94407931428001,0.7352209719384898,0.6962542487047682,0.7167904491503287,0.5996152534992739,0.5521551644778926,0.5067259851209266,0.44957587501933954,0.4404866464398326,0.5622948720799644,0.5132919357674945,0.5066994487953903,0.44446624398771667,0.42081216280234107,0.5712991741125292,0.5899694573554638,0.8137036701688322,0.8266184390807212,0.7684394144557307,0.691151481311699,0.7646587006792286,0.8068808985183564,0.8157590036936332,0.7551023761573741,0.7820325119966927,0.7402632715231586,0.6570459340503619,0.43925675336235365,0.42152914201902425,0.7086526607504712,0.6793713819687915,0.8451110521488524,0.4452938462030303,0.41508307014626744,0.9999999999999998,0.9719769065235927,0.9765777635804741,0.6419468984536623,0.6321132210629743,0.6767774541827791,0.6784067038864418,0.6482799350080293,0.762019632224017,0.44450909620519263,0.6635452247199032,0.6461725308989568,0.5744051290764784,0.6233171066011134,0.4378836543394049,0.4965300274111659,0.44354755244044813,0.3997147903747363,0.4878827812411579,0.6075608509299006,0.5176500063226955,0.38800341738662353,0.36938256102301464,0.9643930349110028,0.9807743698802449,0.6149526249934271,0.6258626921890021,0.5718245501877526,0.7190553208524987,0.6703594111487093,0.5467941593899137,0.6096815090880147,0.6424071122506267,0.6684581036046309,0.632679355903645,0.9113783662611364,0.9211485596046479,0.937872044875462,0.6840838400418634,0.5746431150887028,0.5410890817925337
0.6864029960412219,0.6860343036284016,0.5931005493099263,0.5633329549296474,0.4453254708388583,0.6365372668593342,0.6113036587442499,0.5864724096250616,0.617231068593853,0.5183607502584074,0.4824274067864387,0.44938706717536114,0.4049088254789349,0.5070492350163114,0.7719489531387965,0.7349177463987094,0.670754964240196,0.730708810949804,0.5632687418324461,0.7180944612656566,0.7433148528976631,0.5768293693340987,0.5241015440511908,0.5434644407911674,0.5103049007786965,0.5073515646360166,0.5205267510291095,0.47729675473201283,0.4372055913843924,0.3988315417099256,0.6022010859128906,0.6745883608108721,0.6828518845235321,0.5670092273234422,0.5899104994394088,0.5710033677305449,0.7379702105278423,0.6720038509168734,0.555360621782314,0.5742491863130532,0.5511802126727694,0.4607926413518582,0.48006483365376984,0.5418666742318126,0.6526899462847877,0.5781704820483335,0.6504413227978678,0.5860667667893218,0.6380130919650285,0.619985074757439,0.5959849947315308,0.7494200284907712,0.7619740418504698,0.5526962447727005,0.48775644601978324,0.4861693460845639,0.4973772299166084,0.4985497367907543,0.5192911066984646,0.5201837533074456,0.46514395985616697,0.479542072140623,0.504904103209757,0.5024295434919998,0.4854841254317509,0.5856958276560961,0.7158238376273919,0.6711069616592036,0.43769131396054395,0.4489949323203853,0.39468104818704874,0.5296815382219293,0.5098408871956593,0.6833406164865198,0.553751081642256,0.5080036398893674,0.4485284088544712,0.421928196343146,0.590153650915344,0.6300832557436212,0.5492145285484532,0.4262156041776289,0.393556257794622,0.8155362730579058,0.9702728077226928,0.7562370672383004,0.751847500152507,0.7718862542467533,0.6443777401267462,0.6009308353448555,0.5294800808732948,0.46320986649502827,0.45262367637715145,0.5830422946539998,0.534585256030389,0.5229874886472735,0.45778489540898076,0.43389020102387227,0.6126143379958607,0.6352865835275642,0.8307628282417098,0.8392354898763305,0.779845070489989,0.7035002629817082,0.777699857977326,0.8167941361158347,0.8262343345099178,0.767127718577193,0.7960602701225052,0.7487335201932466,0.664969209045856,0.4521966736632046,0.4357754389956091,0.7654255787320321,0.7374520351760429,0.8680393426547637,0.4589444829019046,0.42695399659509825,0.9719769065235927,1.0,0.9740740430717408,0.6670390623291819,0.6548670047808615,0.7340881866821208,0.7355849766130877,0.7023443607175067,0.8055780755174564,0.4585532111541588,0.6845545135680774,0.6734921064353069,0.5992332935666739,0.6492609297065112,0.4511334958676989,0.5132992092412392,0.45758709228069333,0.41223876260098596,0.5328700027000228,0.6568609781788413,0.5616870889135569,0.3988212230509517,0.38183423634995184,0.9846977276858331,0.9706882947748188,0.6467551851662565,0.6833605907503111,0.6001217815598943,0.7735948562002867,0.7273991580369958,0.5910809026710879,0.6658494757726486,0.6646023443043534,0.7252749748047778,0.6887235101408504,0.8957367106497113,0.9174808167714817,0.9546893828324889,0.740454693464867,0.6180706461963817,0.5895514638940494
0.6057544609825887,0.6034050359928921,0.5699850596307381,0.5411990637249312,0.4210069086712674,0.5620394862151591,0.540532973472707,0.5204050237355724,0.5475654258474704,0.5047321355957615,0.4693722257331283,0.4371269956617475,0.3951591097399305,0.493415170084861,0.6930082086074177,0.6551258508807408,0.6065669954525277,0.662994822577865,0.503644974563487,0.6397575487350318,0.6640409306345076,0.5057978437819314,0.5046837484302809,0.528862833806413,0.4970680918801523,0.4898222478817082,0.5067416732347962,0.464797407306303,0.4252673790478396,0.3880312811616342,0.5737435842583751,0.5954380201064965,0.6366723654483182,0.5178065703426001,0.5547390851438779,0.515748673769209,0.6594997251902154,0.5924102508135329,0.5346048183802375,0.5519479105770888,0.5271657913591601,0.4369742940864405,0.4638533078823586,0.495701590063439,0.5828503601761941,0.5257168197429708,0.5995282256893939,0.5357818437885177,0.5626360992689223,0.5479669380806026,0.5346563920824596,0.6702233532789383,0.6908053131300188,0.5220457057231663,0.4595974112676934,0.4600676310501094,0.4696397686266379,0.4709286026580145,0.49204102188556736,0.4912459761230243,0.43970768941355276,0.45387770303806024,0.47610106305062616,0.47458560501016434,0.4575290953178614,0.52483959364803,0.6356573070165938,0.5908918076538556,0.4256504786516923,0.4368127674056795,0.384535895124611,0.5156631171334926,0.4955975506651247,0.601439066770911,0.5323514624183756,0.48391689119502346,0.43680772004524854,0.41298155043701007,0.5476832932238029,0.5785793791668887,0.5054378969487898,0.41577719421870096,0.3841403473198742,0.806633626272542,0.9437086099044887,0.7397774929856736,0.6717809864055347,0.6954435152212142,0.5759475489306339,0.5263949718694751,0.4934471136152372,0.45096474397997616,0.44243382569884937,0.5603842692764718,0.5120971162792763,0.5024171743019951,0.4463216285036307,0.42250487577311097,0.5581010208908548,0.5757115253336844,0.8196256639537058,0.8328274981113389,0.7761412586922477,0.6975564557652875,0.7723678817516325,0.813200694897903,0.822174770847965,0.7632323754750119,0.7896682092688618,0.7486035193800008,0.6629074900924954,0.44049700449076756,0.4234214084364543,0.6875778479913328,0.6574249022228495,0.8459319550353069,0.44779752111596527,0.41712457869265507,0.9765777635804741,0.974074043071741,1.0,0.6492585290931011,0.6395106029728594,0.6598564219918739,0.6554563363966232,0.6288387569480055,0.7552234077491116,0.4467285367260352,0.6585047203987211,0.6535871161032621,0.5848816206719525,0.6298416310292486,0.4387533835236746,0.4993128874015894,0.4451897506931929,0.4012307212784522,0.4706834395547715,0.5913651744439283,0.49927895691841834,0.38749805336946086,0.36938923247499406,0.9631345611292508,0.9856789766537857,0.6181531848266612,0.6008711471973399,0.5749192226442091,0.6971231517546365,0.6462180924553538,0.5332685859849305,0.5866248236356542,0.6462331858926298,0.644798153967887,0.606824955885134,0.9288869416921245,0.9483718833041029,0.9263503537191594,0.6606523882257029,0.5612298657556387,0.5228245404079083
0.3585041160407022,0.3494770142164377,0.5426950624029141,0.5199327873577235,0.38587793438124557,0.35296225337366116,0.33636766041020416,0.3394503488562893,0.352388616617909,0.5021166406267518,0.4687685707759148,0.43717138076927703,0.39628612233821714,0.48174725453945966,0.4186396757410134,0.3890892942260406,0.41121975331044214,0.4491149428700305,0.3406912244433311,0.39559491328904395,0.4040838182079198,0.304535165491943,0.46960301723634873,0.5181380364944869,0.49366746320091337,0.447930715665289,0.49923258236625934,0.46219023891968347,0.4279890617273604,0.38286837617658676,0.5921282403267404,0.3388681396007142,0.49288293166099834,0.36845800452573,0.4371967636469812,0.3615807596778587,0.39246044784489237,0.3358024154723107,0.5150199608661896,0.5291646760684088,0.5079841370481931,0.39514872702421316,0.4575710575086442,0.3739097589768567,0.3698222590002764,0.3925460396924076,0.4541291195138845,0.3851734171767881,0.3483822632777034,0.34894051809553844,0.35982565305624253,0.40026019270756363,0.41173511923693124,0.4462305423204189,0.39113018327710414,0.4026888942726623,0.40888080888458234,0.4111488433599256,0.43413953182522325,0.425119855141911,0.38397531518332484,0.39752638344352687,0.41171574588012405,0.4096091525966422,0.39985953009045583,0.3511291325858082,0.37683799198945256,0.33737668385109526,0.42742458438611997,0.43596259628513184,0.3860765821349146,0.5105243740509635,0.4970183115971625,0.35397332436921214,0.5124019684376818,0.4743836031529988,0.4348935498641627,0.41450146841910335,0.4178542828398905,0.4301930548390635,0.3778039929145364,0.4163377583899529,0.3864442475303616,0.7315224498388819,0.6360620825306698,0.6052385710077948,0.4018950807696811,0.4096819730764152,0.38898147546101614,0.3264375586284712,0.39612088250125593,0.4503787724042693,0.43938435540844056,0.5356534992811672,0.4977337319704704,0.47311889959480546,0.44495551497335933,0.4218550023635575,0.40695114889823764,0.4088503683640275,0.6996741881143516,0.7241139314459052,0.6989070304840896,0.5827785999600716,0.6797122080038387,0.7009018066762982,0.7099936951107823,0.6806422691932271,0.6859600264230646,0.6809572856522483,0.5568838473598836,0.4385262866964991,0.43002770301483756,0.4217158941187271,0.39341563379715966,0.6760665752150522,0.44577189281963214,0.4164095595304864,0.6419468984536623,0.6670390623291819,0.6492585290931011,1.0,0.968157371813935,0.4001116104229567,0.3917153359390791,0.3754150378754519,0.49474285454110295,0.4481045625411166,0.8454562045319087,0.6370566310885521,0.5764539998841861,0.6187840745549796,0.438070922596744,0.4985326244604197,0.4454931950235862,0.40159544367231986,0.30328601492344737,0.4069964454026212,0.3199837138083445,0.3811767402810081,0.3640520900024473,0.6204063658078147,0.6521273324944157,0.6334032456339944,0.35041727837704684,0.5780213508616107,0.4276237794152801,0.3834282876016593,0.38374438472172134,0.33633065017751496,0.6241778257188839,0.3864913846913451,0.3525156692569012,0.6305803973372898,0.6457312319831089,0.5825301128906966,0.39018394952589286,0.4068540884363175,0.3350155768129181
0.3536428271090447,0.3435904505317644,0.525626133983974,0.50287825466688,0.37838999290870384,0.3493814919698696,0.33288916055702966,0.3348544094835311,0.34833974028144005,0.49220892708042,0.4592776860582806,0.4296413887846238,0.39092240772610365,0.4658732800502496,0.4126306402176138,0.38390915740439646,0.40406648558710234,0.44105775344017395,0.3335688923603111,0.38987712774325584,0.398862779779197,0.30121797330499417,0.45548208933973766,0.5008301755390259,0.4834706321269493,0.4347267418935703,0.4805343796767883,0.4530748647279869,0.4190315249326573,0.37566392697812034,0.5600077128213022,0.33304847530685167,0.48186291531518916,0.362793232248807,0.42485784391865583,0.35510553076006784,0.3871811701239122,0.3308026965050415,0.4982139009509482,0.5120084666308375,0.4884494374496924,0.38658284435297385,0.4432207872939998,0.36507173537790877,0.36660898937081987,0.3840038958403649,0.4445178645586993,0.37661514654903916,0.3450720652566385,0.34489008623364265,0.35583828383632543,0.3949235608701496,0.40562982753120247,0.43760988096746767,0.3853219409396287,0.3960102908592488,0.40255659113086173,0.40430520564827455,0.42589566347470836,0.41706006745859275,0.37856485414848173,0.3917385223208094,0.40486469772610234,0.40310961763440367,0.3926294263040085,0.3447999175299223,0.3722588088676979,0.33150255300325004,0.4209772244800759,0.42802219762757765,0.3811502448954477,0.5023214619774038,0.4879453850282966,0.34892690317240616,0.4955693848457608,0.455452615792442,0.42743108123005574,0.4053601637211522,0.40843736596084046,0.42097186046372864,0.3682221698522776,0.40947677835590357,0.38052022360045906,0.7131647919288406,0.6250140164176762,0.5934666988053916,0.39618497152041704,0.402898445249897,0.38419245184419865,0.3231599816782482,0.39086295989229525,0.442638015544734,0.4290032233404417,0.5184417353227118,0.4810118714035884,0.4598924662455294,0.4365025073494872,0.41480220057317896,0.399028003418649,0.40102570224832285,0.6847192416881,0.7070083433513823,0.6836350030652268,0.5731068445725664,0.6662297859628872,0.6868792244445965,0.6947552670438216,0.6678742602340992,0.6723711274656196,0.6649716381848677,0.5526600843747553,0.4311366797697737,0.4186747679439247,0.4153779358596371,0.388201089809588,0.6626427815090555,0.43797901749302043,0.40637927423963965,0.6321132210629743,0.6548670047808616,0.6395106029728594,0.9681573718139349,1.0,0.39511150348193436,0.38668501177875036,0.3704593516539818,0.4832302274789317,0.43974220213886234,0.8014122705123969,0.6165167076690427,0.5563444437901707,0.5985323293658074,0.43065150749585573,0.4882297625617961,0.4371947251442166,0.39622605768619684,0.29779288301731505,0.3998834847195872,0.3166604445602855,0.37614506121412417,0.35963040819950975,0.6114754491826466,0.6425071241920998,0.6004083348566628,0.3463941994371799,0.5439086641826243,0.4213704461073762,0.37865434212275606,0.3763620045814364,0.3326642814305284,0.6064568139563532,0.3810815933435618,0.34874235479460974,0.6242474219500295,0.6359953667979243,0.5731667537455684,0.3847280520399177,0.3999710580834256,0.3287509013167494
0.9576460825733857,0.9485192810742762,0.4207810562213074,0.39545262210977755,0.3784324909370596,0.8472112427216796,0.8010541448976045,0.7528774736118092,0.7882108590745528,0.30405372815627646,0.2808792218446215,0.26114769667127025,0.23591849162689227,0.31136829499869423,0.9747285661037997,0.9786270187180548,0.8932740980386613,0.9259217413892876,0.8076369254703484,0.9643208105414273,0.9686298938558214,0.8964395834262344,0.3693662374383683,0.32636378415055844,0.2958867819310573,0.3513045711319619,0.3147097382785898,0.274882513537468,0.24336510530566408,0.23741184299418594,0.40206841187115355,0.9152567418827205,0.7789823203686543,0.7590601916218251,0.6286430272245789,0.7767947445041594,0.9654623821220818,0.9282616493266824,0.379090743631985,0.4000662940541902,0.3820062602895786,0.3849352763032716,0.29123706622899154,0.7118184952288436,0.94437898376888,0.7628563975265167,0.7946738335801626,0.7757126008763294,0.8515878631749217,0.8045853233906861,0.7271366484196823,0.9792687192721449,0.9830293806794317,0.4988059491251229,0.4506700750509899,0.4338165776588645,0.450355966247602,0.4490026915532505,0.4545979036812801,0.4689365775954295,0.41427896964825156,0.426911469968033,0.45603312121856054,0.45758559749751654,0.437553945939586,0.8331284052202055,0.9638767010786384,0.9338570775633709,0.2538504539747456,0.2597289902198227,0.22440556809387985,0.314166864023664,0.30107970682069957,0.947911749929893,0.3816047647941102,0.3492742004787121,0.25492865916410307,0.22060406751831266,0.7010807506568788,0.8002610431194328,0.6865069075937001,0.23710660445862744,0.2223128091985909,0.5008139795913791,0.7170361529696898,0.6097689120593697,0.9672084420844802,0.952611278182719,0.8067420160214761,0.8143401253699958,0.5120212182911926,0.26198704032545034,0.24271521982018784,0.4103563581099746,0.37663103167291717,0.36726236789201405,0.2616908467149087,0.2386804687605248,0.8046495433504783,0.8490892682390505,0.5878836732039209,0.5600033760644517,0.49535332713143726,0.5133272898026878,0.5257310400326491,0.5382690791382829,0.5445638591862619,0.506579955641316,0.5398342313168449,0.4577941396243565,0.4756960063314485,0.25632689226625716,0.24035340944077818,0.9774472999258218,0.978679499985062,0.6792987231872414,0.25771902959641757,0.2259751862739867,0.6767774541827791,0.7340881866821208,0.6598564219918739,0.4001116104229567,0.39511150348193436,0.9999999999999999,0.9758526042548458,0.9677127868758578,0.8503348429876243,0.26016858960331757,0.4459235073875842,0.39955548396815704,0.3350324124742157,0.388872482704707,0.26219455200065256,0.3001626345741666,0.2672938827601561,0.23684702041384315,0.7929497409969806,0.8906142422580718,0.8391294018667256,0.22673677322668975,0.2158330406060202,0.7969789600959248,0.637827713548757,0.42606298303977885,0.9249301158434438,0.4012608090987398,0.969165092492814,0.9624060968826021,0.8146700536505362,0.9569590038614965,0.3972446389577754,0.9651289481544403,0.9459848445382788,0.5154309907348037,0.5315534159536334,0.7737515185303401,0.9593116287253879,0.817859986699293,0.8674992299439265
0.9881257199405035,0.9815306840357182,0.4233778150679816,0.39770006140369196,0.3808249101586347,0.912349474857144,0.8737948010461613,0.8266209079922121,0.8610384105055453,0.2987828081721154,0.27539622133368874,0.255307567686716,0.23072351353775916,0.31264713182789083,0.9960776269629691,0.9962451927879196,0.889652769229396,0.9277692122566045,0.8101885103043022,0.9852089895459649,0.992183425197197,0.9041666770548835,0.3840385871494206,0.3285142085544834,0.2910879016140102,0.36411283107172676,0.316662547214353,0.26985238374619114,0.23888257405553703,0.23163101752429585,0.4053875469263091,0.9542672362317984,0.7638012058412444,0.7435612438813927,0.6142087900248451,0.7737425402853694,0.9941159257071526,0.9601985121003891,0.3807741327010225,0.4018362680288171,0.384780435367975,0.3895078803347274,0.29301849281635645,0.6985804264876961,0.927989915592438,0.757830239526829,0.7812007667796279,0.7638984957182235,0.918708180965222,0.8780687060826826,0.7978993769924528,0.9971837901907792,0.9651783469649702,0.5134969253896416,0.46480423665760634,0.4454277617097636,0.46333941274217,0.4623679076461567,0.46551070627804625,0.4839793836121911,0.42732500308429006,0.43876152993807893,0.47002249413449937,0.46900395208009893,0.45156061002331876,0.8324850103458816,0.9942236674542784,0.9618008901162309,0.24875044514241085,0.25380766552176126,0.21973286825054586,0.3098832216188727,0.29729593817935385,0.9864086349568804,0.3831604848223495,0.3531957868375407,0.25044069091781895,0.21967426256973013,0.6858095309027409,0.7834797691873092,0.6718844312206885,0.23258983109593628,0.21672038850739161,0.48964809933207226,0.7209703038780121,0.5850289369924542,0.9949243309674108,0.9713824302133177,0.8681569645535017,0.8868691058261464,0.5510152936658982,0.2569339066261091,0.24274068127736695,0.41180056338796023,0.37779690290596385,0.37048072195063103,0.25680700714629034,0.235087908774322,0.7975887443524281,0.841281941911355,0.568839706937075,0.5427671330045134,0.47713361854939207,0.4883340557881806,0.504929091908213,0.5196036925890869,0.5265978915591114,0.486337015054394,0.5203929414348876,0.4409764258001978,0.4511880596570054,0.25206831411168484,0.23530354619288707,0.9950616470915928,0.9965648906755691,0.6637308203136513,0.2529493722065192,0.22467083032770574,0.6784067038864416,0.7355849766130877,0.6554563363966232,0.39171533593907915,0.3866850117787503,0.9758526042548458,1.0,0.9605007266113472,0.8395486402689231,0.2553387500198068,0.4390360680240434,0.39744144774035417,0.3355930826726737,0.38664991500949186,0.25698422622766126,0.2949757815841921,0.2615111395798597,0.2318326983221599,0.8004584329190961,0.8892222450829795,0.8305475350873505,0.2217147143268464,0.21129088358563916,0.7967103561897172,0.6352956539922416,0.4300593247863791,0.9719250519393234,0.40836325077650115,0.9909202214608432,0.993535124397066,0.8071990333106402,0.9765063817268707,0.39338383653795417,0.9940377427070421,0.9860634767633064,0.5060626319730764,0.5255705776397039,0.7799306723351724,0.9918365279667828,0.814147942718884,0.8686140310527141
0.9468604203663207,0.9454695687349833,0.40274535255250765,0.37766003791585745,0.36494857494722766,0.8628547420384164,0.8210200948877496,0.7704200956643167,0.8067099720045838,0.2894400419496548,0.2675522885264485,0.24925157878526175,0.22413155124568385,0.2947533019490701,0.9600782781304237,0.9662930561358203,0.8712831734501527,0.9054770541349,0.7895885836290686,0.9507074177031936,0.9551275907946527,0.8724951467541989,0.3609561751333738,0.3069974826952216,0.2826418928242125,0.34274466205608867,0.29619293718121265,0.2630438657022576,0.23552613880501544,0.23049788028857637,0.38870965122175877,0.910527137704713,0.7546273181227533,0.7307788121555446,0.6086253954854008,0.7577184917156256,0.9538401265755151,0.9094700907504545,0.3604998679856825,0.38153850047898435,0.36722564373782335,0.3733404274637346,0.2763168311255125,0.6873398858126364,0.9116875400170135,0.7444708663110314,0.7718973998188563,0.752538011973728,0.8657069981177768,0.8190994475276941,0.7486006381266893,0.96390435659161,0.9683265643618059,0.4946134642889854,0.45013336420911654,0.42930056623670765,0.4475962660030929,0.44501227671017163,0.44808041507756013,0.4660473878510933,0.41006928042439417,0.4228202056813662,0.4532622692732905,0.45393669453005486,0.433869930499488,0.8139219959321732,0.9522241833833138,0.9211068015832374,0.24252301901930767,0.247516646416299,0.2136709929969861,0.29901139239048036,0.28309182850914594,0.942986092092795,0.3630806307053457,0.33444879648073217,0.24513012333188794,0.21723272320271428,0.6806264461191086,0.7771038572479106,0.6645971964652512,0.23057134676091828,0.21322653384247295,0.4789383863706371,0.6876541034833991,0.5882071515864037,0.9537035758620807,0.919541276916894,0.8204898081705313,0.8294930203839517,0.5281127367725224,0.2519431286847312,0.23802504660171522,0.3918591768646604,0.36143837568466064,0.3510748594786604,0.2514836190069338,0.23189696217583736,0.7827238083596604,0.8259283008970509,0.563427631484687,0.5356789884160117,0.4692010569638032,0.49322197806200946,0.5025412469270418,0.5150182628231227,0.5208488955612984,0.48374070348844644,0.5168495919518166,0.4364932832707618,0.459571058744208,0.24633237822164514,0.23307540560302517,0.9635121947396859,0.9659369173499135,0.6529802897822442,0.24883989833786882,0.22215375560276393,0.6482799350080292,0.7023443607175067,0.6288387569480055,0.3754150378754519,0.37045935165398175,0.9677127868758578,0.9605007266113472,1.0,0.8365254588932703,0.24994393844846052,0.4252955632124955,0.37856988385977436,0.3156076245622002,0.3674408502072019,0.24928620499704957,0.28556283221731593,0.2548057186591344,0.2250479830428545,0.7770335398260845,0.8710185115460211,0.8111791154264082,0.21312353137017095,0.2018536870370798,0.7656779058148282,0.6096472542465029,0.4108865746930656,0.9296807111255708,0.3858223318920743,0.9546498251250116,0.9501076320113563,0.7918469174017335,0.9437328354047168,0.3800970025690144,0.9541110844906662,0.9402027221473904,0.48901027135567604,0.5032926271771735,0.7416984385871275,0.9464239241506236,0.796013303840515,0.856618850294538
0.8021039823350506,0.79561256735058,0.5105924171866725,0.4890986995506986,0.4114100536623042,0.7091517598846796,0.6797931119531413,0.6438705618170222,0.6752795910272286,0.41934141791241936,0.3950535413074054,0.3704073611424203,0.33651759724804226,0.42565390086392463,0.8592627255911166,0.8463207770422002,0.7693106264767962,0.8220238811437887,0.6637324879672153,0.8230060934881701,0.83582764638962,0.7156257802110909,0.42679995293232553,0.44761720158666385,0.41526830668578235,0.40956190600659337,0.43467390871443523,0.3919142873739985,0.3586897308944727,0.3350176398760561,0.4390443526956177,0.773200076499562,0.7336454257913823,0.6615403658604521,0.6039882536344182,0.6542570794694683,0.830518192188599,0.7786758397934709,0.47895287764191463,0.49643144021063285,0.4739237521496953,0.42958928561441645,0.4009541208753204,0.6030542966737319,0.7958379951039064,0.6441932866581929,0.7134485962050131,0.6725758689064497,0.7141424952254921,0.6862277165726233,0.6421532234213386,0.850241293987354,0.860664181018744,0.5089557947525691,0.4483571811354595,0.44516394222905586,0.4571461586405676,0.4543383280396466,0.46758431146138485,0.4782085344195503,0.4235701789708737,0.43622058955472925,0.4596466229595162,0.45931003052065755,0.4424608598466738,0.6928898865302698,0.8163912447704817,0.7774729694458796,0.35872905053811216,0.3700515798706819,0.32613476756588244,0.42496680044399304,0.4027758434391425,0.7914174773093137,0.4790545990473517,0.4398954128973643,0.36932718538616627,0.33712013426955995,0.6496895884374541,0.7067044788518414,0.6072075769950727,0.35263701575966944,0.32631037915915456,0.6604335036748996,0.7810538021327198,0.7688191581045744,0.8418433309950206,0.8320768189049075,0.6970141035434628,0.6789850784803071,0.5075650284771943,0.37943283175739334,0.3631284760866784,0.5040414376644256,0.46623468585355354,0.4566121071160282,0.37605365406606645,0.35615492372241003,0.6905909640315672,0.7257657676945947,0.7549024378136517,0.7276174420001081,0.6572319460479217,0.6814246956555176,0.6986027756097887,0.7114912747597897,0.7164975793733412,0.6765936728805827,0.7110264650999594,0.6222494281571905,0.640348415778171,0.36970668907551774,0.35824568078312063,0.8659326206767061,0.8491745492340653,0.8236397621871695,0.37536980156436567,0.34665982713766796,0.762019632224017,0.8055780755174563,0.7552234077491115,0.49474285454110295,0.4832302274789317,0.8503348429876244,0.839548640268923,0.8365254588932703,0.9999999999999998,0.37599727866378313,0.5234143440758152,0.5159461160325081,0.44479789777248724,0.4932679467300739,0.3689304507084355,0.41688727776344736,0.3757998681632823,0.34180253965213553,0.6358297058246415,0.7556767228399712,0.6858255511159457,0.3296003925510813,0.3139267730955464,0.838467419740091,0.7408960496609651,0.4734894325877034,0.7783193449326368,0.4369011411841781,0.8505545072932025,0.8180442833914184,0.6796190032999274,0.792663499326156,0.5114444418489914,0.8244175564798691,0.7886689923780904,0.6522494075108044,0.6599520966511929,0.8058161333365506,0.8223971446608578,0.69640253370129,0.7039098414603123
0.22539578131517396,0.22455589738125908,0.4869728594446285,0.4640533022042805,0.3158483166953637,0.23450825246401857,0.22821676522077078,0.23519138762865296,0.2405188184412001,0.9750270864094291,0.985883432896219,0.9820949300953824,0.9513334474914251,0.44989360960573643,0.2768284017007274,0.2507172919904212,0.3031530608712971,0.32354001645338787,0.23113199331665438,0.26037979099966285,0.2665233392432201,0.18015490678802137,0.4271953544182547,0.4870472820717662,0.9915655230712574,0.4141344933682754,0.4677107141168484,0.9970248096706904,0.9852935518385577,0.9444771638078298,0.40805082181226027,0.21910269896171491,0.42566117910437123,0.26933980794849444,0.4187566497220219,0.27770988428252485,0.255461777003233,0.2191615473595197,0.45901613105695516,0.47685674641436465,0.45464274488998413,0.334105177585205,0.4157524909914308,0.2734845083995129,0.24170400206542414,0.28887484437653754,0.369180645533542,0.3062664285992726,0.23087940008618027,0.23934990667330985,0.2604170400773447,0.2617437696388511,0.2785510764472077,0.38227461515784344,0.3289027907203483,0.34036913003814045,0.3410575521414301,0.3467922289275544,0.3685012776796394,0.3571102022518612,0.3262163210784756,0.33645081766471663,0.3511484780273213,0.3497329313815735,0.3449340756503537,0.24624208385109028,0.24106107354902379,0.21926274601198914,0.9715206198970912,0.986451729644035,0.9568285394261522,0.9312073406199688,0.8822373736437688,0.22248506158925857,0.45767731819172636,0.41336164468103204,0.9968293783708039,0.918917541022561,0.3628021965520485,0.3455062698422537,0.3236980592046002,0.9797598147141521,0.956757031299503,0.49720816906985027,0.4409114987145133,0.4698717418811985,0.2611144314331358,0.26753876537286775,0.2811810059054223,0.20411004806281205,0.3411222858219836,0.9963292029446621,0.9226865765342196,0.4786641374919902,0.4371667070853797,0.4219104082796606,0.9959791441309949,0.9766751204646567,0.30040058212842474,0.30120722958962304,0.5139805180000054,0.5239014409152545,0.48399147120913066,0.45495064111589767,0.5014159402420952,0.507253038186213,0.5161847179109998,0.492250568480285,0.499182099280842,0.45925936830708447,0.4306961800858547,0.9955593468530507,0.9580821448810629,0.2818838917243773,0.2567985561552801,0.48640022702687485,0.9944010933113783,0.9360961731247013,0.44450909620519263,0.4585532111541588,0.4467285367260352,0.4481045625411165,0.43974220213886234,0.26016858960331757,0.2553387500198068,0.24994393844846055,0.3759972786637831,1.0,0.48226984985675825,0.623739976447086,0.5676282488022821,0.6231390034903446,0.9744782800612827,0.9809779250041059,0.9817863457291097,0.9693640567783869,0.20071991101045022,0.2904918529298902,0.21232284819547945,0.9554334409702797,0.931968998706985,0.425875449312056,0.4474705275254561,0.4495032786121742,0.22257599106876708,0.40660220586066015,0.2831642019952097,0.2450443349510936,0.2715711853686443,0.21271643005190466,0.7600189507318813,0.2510404475262647,0.22279505325181323,0.430769068890888,0.4463298827302203,0.40703630866906304,0.25157113212514365,0.2952139042292361,0.23236328949795879
0.408348572815488,0.40154889134900623,0.5605426511609164,0.5352838534068677,0.3926561376814069,0.3946282276485295,0.37708222164696475,0.37484168403241463,0.391813829342658,0.5412360095123482,0.5077320502468743,0.4754176081280562,0.43492463220534794,0.506523417215949,0.46521483288988175,0.437858453042903,0.44715064239634866,0.48563974510034225,0.37372975070782516,0.4414187324598887,0.45026874575819786,0.35002342549113524,0.4949264190520278,0.5398608218590666,0.5304834962696969,0.4728769469896503,0.5207062282415271,0.49828948370818077,0.4567592786369753,0.4255360458209274,0.7011593660109309,0.3925002373829075,0.5210041287110447,0.3857824869169582,0.46368834678774307,0.3921160768300968,0.44113637541916245,0.39060904570059446,0.531990366534854,0.5453423935284296,0.5136964486285349,0.4049148849669105,0.4814209637183238,0.39877131099508223,0.3990952258114534,0.42004896607308023,0.4816408406690507,0.41357325821948004,0.3914028432265259,0.3897505078119504,0.3955768944902237,0.44823985091515894,0.4570224587458801,0.4669138429129442,0.40413968328615835,0.4169459266020374,0.4239457751589525,0.42451657683278277,0.45081162832853233,0.4416540177121523,0.39530839651144034,0.41039413496753135,0.42827458603473795,0.4259478202571665,0.4141906614515394,0.3868032051701625,0.4242445778864352,0.3927734094450731,0.466670489301469,0.4737006224370527,0.4233947890829669,0.5495958956847548,0.5315903882821496,0.4044848216780247,0.5297155622599432,0.4823879141649908,0.47009040891294646,0.442399635117158,0.43511289920925594,0.45695334818635547,0.3989621460989472,0.44665476455596825,0.42613726997404644,0.7467532797953754,0.6610166520489296,0.6122310027045771,0.45003347243563263,0.4562005940742108,0.42582900281848657,0.36403211265351826,0.4120902647613918,0.48550142792920814,0.4666119569196598,0.5533861267820482,0.5078776598023433,0.4930282568417226,0.48126317123917,0.4520848460612689,0.4352619597387982,0.4398748093060093,0.7005931824285995,0.7269539101073642,0.696113597018442,0.5773170215234337,0.6728445076967755,0.698011126971497,0.709271023135491,0.6714938007106753,0.6816503640181484,0.6792651850089663,0.5459726792372936,0.4738446346274151,0.4578546827185723,0.4662606100589063,0.44020183944264546,0.6834971905643973,0.4807807931269488,0.4410392503598819,0.6635452247199032,0.6845545135680773,0.6585047203987211,0.8454562045319087,0.8014122705123969,0.4459235073875842,0.4390360680240434,0.4252955632124955,0.5234143440758152,0.4822698498567582,1.0,0.6750598936273426,0.6161114554822097,0.6588951121978545,0.4782464049057206,0.5354095837971887,0.4841170302008318,0.4393933806712885,0.33772214568444603,0.44102336714364054,0.3513574550289435,0.4122774521467871,0.3936290494275769,0.6477914587400123,0.6631988590187553,0.7429164836439536,0.4028510345609365,0.6743868354413888,0.47288361283651814,0.4328185862789477,0.40992111327406705,0.38695571140161117,0.6668820436328808,0.4344846010241906,0.40261581405416946,0.6364128732090385,0.6466402165114523,0.6077685384801507,0.43851734376977414,0.436742441223941,0.3753302247290931
0.36419470118262115,0.3540448761336119,0.7637217141338589,0.7355072469196355,0.537791771769323,0.3792808365928406,0.37086327269263086,0.37458163705359593,0.39032707521451093,0.6998288754220819,0.6543703334548605,0.6104008314441502,0.5611205282851077,0.7019877709620403,0.4258873825305857,0.3928753645495495,0.46210354463156156,0.4946060531037404,0.37245073327064504,0.409743993054162,0.4159792284608701,0.31316486012162426,0.6366049796476805,0.7476558358347327,0.6805920406638368,0.6156293115574036,0.7201563910643728,0.641432415990112,0.5954486150595014,0.5574959884862383,0.6384649709206742,0.3383305021293371,0.5870603232773175,0.3992933997569227,0.573663781976724,0.4176691256705026,0.4011195944533889,0.3360324932317821,0.7352490537073804,0.7506459645915858,0.7110364331307,0.5647932413984381,0.6640660165193182,0.4327564784636956,0.3617522802523987,0.45869236218327364,0.5481052715949742,0.4453434221249259,0.376623105474704,0.38874514717588854,0.42101601778097675,0.40525072521321015,0.4140549645708575,0.6025479175368672,0.5193671706124411,0.5442528621627071,0.5461112897392716,0.5490116432076442,0.5818253748965915,0.5689494310720167,0.5214506759884193,0.5370109673939159,0.5515543108495241,0.5512186487204712,0.5365285726640051,0.3885988431094249,0.3856154414826269,0.34200879355039987,0.6053804852756439,0.6112917963895513,0.5540820714695152,0.7207968306784642,0.7005880403913275,0.3615140580974941,0.7297354410404866,0.6680288969341199,0.609286843517213,0.5832942517520908,0.5093867464375702,0.5075816722464921,0.4612753660725375,0.5833833374825803,0.5451529916919783,0.7240695653523515,0.6385818208915358,0.6166921795971002,0.40952804229306516,0.41099305707129175,0.4449530061275872,0.34401107314474566,0.5034773324027733,0.6249718085754303,0.6051574160640455,0.7573141608083837,0.698324381378629,0.6886348116941077,0.621613356305158,0.5886837904686886,0.46916421435630934,0.46680462007434564,0.7068441102556708,0.724663228250923,0.6871378225852434,0.579467702550968,0.6815275714005843,0.6999189693280201,0.7125378191548588,0.6750857976839358,0.6845392739291914,0.669070941689617,0.5568150974472,0.6163557487866848,0.595291727558545,0.43009262155317934,0.3971120253323374,0.6752589577140509,0.6212236605471122,0.5830187026770083,0.6461725308989568,0.6734921064353069,0.6535871161032623,0.6370566310885521,0.6165167076690427,0.3995554839681571,0.39744144774035417,0.37856988385977436,0.5159461160325081,0.6237399764470859,0.6750598936273426,0.9999999999999999,0.9425856050049746,0.979758296424148,0.6161573508070787,0.6900952495379572,0.6211599119048954,0.5683327043876333,0.3211172000863841,0.4507731646248966,0.3343587801625211,0.5364048169251293,0.519301358129253,0.6240087048138997,0.6533714985820621,0.6874470833532549,0.35532245283335206,0.6245972187579029,0.43855247415003806,0.390645111647884,0.4280415778777508,0.3385200406275502,0.8008157267182162,0.3965296186650661,0.3578511815059948,0.6339178718010896,0.6456597967752156,0.5892082742348707,0.39783400747666636,0.4626290218422064,0.3642166535481607
0.30688060027556224,0.2943156612671634,0.6886129833659903,0.6613586962569958,0.4785983775586482,0.32467879627117113,0.3186286740317841,0.32415230472489537,0.3361347993357065,0.6404078010416517,0.5975773021475563,0.5579638040918363,0.5122118139794957,0.6295074567361668,0.361435323889535,0.3301002407958374,0.3996055307448266,0.428923916018422,0.31957641810491383,0.3481234845925736,0.35362748215535034,0.2640132306818233,0.5779456645671999,0.6773432461373083,0.6205722951946689,0.55824670346065,0.6493505022252035,0.5840772181070945,0.5412491605676104,0.5117466651872722,0.590376678707191,0.28063780926001186,0.520688733021835,0.3442817422092393,0.5102486523974512,0.3614985648831515,0.3398032784426361,0.2802741473413177,0.6615755146880398,0.6761636348738623,0.6431918169504542,0.5028501524797817,0.5928392916530838,0.3799758053435314,0.3045908209763266,0.3999800706429939,0.48326065623170666,0.39130656192356966,0.3234980581750815,0.3355500322432965,0.367000702186787,0.3415723041596134,0.3464156771715014,0.5396241016503244,0.4646765482269699,0.4874984812412855,0.4870750951962389,0.4909567835055257,0.5205890522659464,0.5091578135681741,0.4643565965532823,0.48034425119093627,0.4932771137240559,0.4928864288967468,0.4797848978995511,0.33484278955352936,0.3258835448548678,0.283096266067335,0.553564067751931,0.5580878333757207,0.5074371699407713,0.6624492936659528,0.645675560544894,0.3039512062627129,0.6568337412787119,0.6020531405896521,0.5543328156961235,0.5287125941138247,0.45573344485778294,0.44618630977773777,0.40640619416311374,0.5294760560124427,0.49763367178721163,0.6516202071892946,0.5696669685766519,0.54799985181458,0.34762402319975927,0.3466215279264513,0.38738122688134363,0.29168125250875915,0.45224194596178197,0.568685306386368,0.5443064666471076,0.682175949804071,0.629574989142939,0.6171313278304873,0.5666858391219949,0.5350279648039806,0.410808400460275,0.40519803264928694,0.6332704366624564,0.6517562637752337,0.6182858608838366,0.5191503969645793,0.6130944800280681,0.6282697649465473,0.6397324257858292,0.6089653269548003,0.6141857043810309,0.6033781102673432,0.498751647133025,0.5624909252317797,0.5398307883552087,0.3653349400956137,0.33367941093546927,0.5997671870373212,0.5654122189035595,0.5299613823703867,0.5744051290764784,0.5992332935666739,0.5848816206719526,0.5764539998841861,0.5563444437901707,0.3350324124742157,0.3355930826726737,0.3156076245622002,0.4447978977724872,0.5676282488022821,0.6161114554822097,0.9425856050049746,1.0,0.9459826756895544,0.562441563300751,0.6303815636597858,0.5668323989869979,0.5190766823812323,0.2738842026983537,0.38845322290989875,0.28340566246815585,0.48717886297678126,0.4720480592609275,0.551587025215049,0.5846700041232654,0.6306339525344538,0.2996589268474098,0.5740095630450255,0.3740758148545765,0.3307976715916108,0.3731725502169647,0.28053391948211703,0.7253059467071247,0.33575370040422114,0.30093175843505765,0.573323704243416,0.5817058609421996,0.5184513994050175,0.3359176589247289,0.40453299760677863,0.3093918874704295
0.3548737107504762,0.34249896537653934,0.7256003253337935,0.6956073410833282,0.5070721926250141,0.37236787525987286,0.3632925178916012,0.3679215649491249,0.3818560291345537,0.7009211347740629,0.655803229525304,0.6141541830316456,0.5666347739899197,0.6527203830962098,0.4137881112910658,0.3814032512743636,0.459128279618449,0.4882410119820521,0.374809005321975,0.4020056271324707,0.40636148218123685,0.31237920364216476,0.6110097236345016,0.7012069869379981,0.6791384786431431,0.5894036243671036,0.6733034327070546,0.6405638502175885,0.5930343876850709,0.5629945118532769,0.6278697666829786,0.3268677815079574,0.5866511945829572,0.4010321240392595,0.5732677293032169,0.42040922203170705,0.3906099443701569,0.3254113315796998,0.693235062513067,0.7107929796736775,0.6751662962995633,0.531954376073574,0.6157430196756637,0.433050002631892,0.35888277613176695,0.4582999133486333,0.5473668056197143,0.451282147725344,0.3693861254766184,0.38115194648469786,0.4106649293397373,0.393369417174538,0.4001778061117589,0.5800238817731392,0.5005704441528118,0.5205237202859297,0.5227531286861894,0.5275193855062701,0.5590646158839865,0.546365764000755,0.4972219766785972,0.5145477903965512,0.5316158587952681,0.5293512514034543,0.515308056300619,0.3900333991309033,0.37613908038076393,0.3308922814235542,0.6098920146523286,0.6139592252021245,0.560292304443415,0.7259229313352926,0.7083488284634588,0.3530446961837743,0.6888273315662355,0.6302805294386538,0.6090433975763018,0.5742963412371838,0.5142598937999403,0.5088667703635968,0.46872404419799696,0.5811161325919687,0.5506480367082843,0.6999977500211304,0.6148593535612866,0.6035073603156866,0.39804913102858624,0.39569538562156126,0.43659507169959677,0.33652840579771326,0.4912521023079436,0.6243124741894722,0.5951353374090622,0.7181140667210872,0.6626600045288898,0.645628626125601,0.6222461315879549,0.5850579756544049,0.46865417002223386,0.4650802389023851,0.687990415282822,0.7047697880792272,0.6683016021461494,0.5660963052757627,0.6644284785432982,0.6803906222836906,0.6932390573758526,0.6584346560846489,0.6668847453613752,0.650855917883356,0.5424081722818913,0.6174630878673495,0.5895946773097117,0.4182665735770724,0.38555129225932533,0.654415923253496,0.6198832197384324,0.5775923557870801,0.6233171066011134,0.6492609297065112,0.6298416310292486,0.6187840745549796,0.5985323293658074,0.388872482704707,0.3866499150094918,0.36744085020720196,0.49326794673007385,0.6231390034903446,0.6588951121978546,0.9797582964241479,0.9459826756895543,1.0,0.6201958610553457,0.6904004766457736,0.6242078342462631,0.5738328189286578,0.3238657248702304,0.44800421838943244,0.3357595131425507,0.5387076042146419,0.5204727170188964,0.6007282868246709,0.6298340161347518,0.6732456579212854,0.34538903888000827,0.6147921353667194,0.4273974254212814,0.3807583458908839,0.42860579769044116,0.32891725344247963,0.7825659186695587,0.38682159513260583,0.3489389459733144,0.6105999144050398,0.6223009953000519,0.5677684247891949,0.38635064210723924,0.4607853522581409,0.3641709419045104
0.22745878960341284,0.22440534624864675,0.4797029464838315,0.4577035562546984,0.3157072056218738,0.23702160382534065,0.23109827496701635,0.23585050234719962,0.2414870522933614,0.9875037716936556,0.9933965107503592,0.9952522937621301,0.9835844723320808,0.4347190562869551,0.27773297420796433,0.2518066470223357,0.3076855596732067,0.32684797218900274,0.23694625808865605,0.26338105269787276,0.26855300132469817,0.18184452407276813,0.4147173714886842,0.4724280736049075,0.979119633315433,0.40069863943677314,0.4528150128094272,0.9782141590845287,0.9369955350736026,0.9581015666320313,0.41014417393264213,0.21927254705503438,0.428280855882427,0.27744432563433674,0.4221167204480927,0.2819970454562008,0.2576166935677414,0.2209514650031931,0.45231881286731757,0.4696534499817986,0.45189804282375584,0.33580472377325266,0.40263082986045673,0.28050440574732627,0.24419559916132402,0.29396077930574027,0.37377599991501903,0.3118226577280182,0.23353068599139884,0.24057612234127063,0.26094167320758216,0.2627514658129527,0.27808948363592195,0.37989433121551963,0.32783921501871843,0.3382853945504512,0.33928516190110575,0.3446307387883781,0.365685741056115,0.3550502289707776,0.323942992135202,0.3348647482018862,0.3487115297333481,0.3485423831131642,0.3431372788587868,0.25013546218157967,0.2436310296825542,0.2198934151276416,0.9969199395129076,0.9948589298445081,0.9891419829241821,0.9653181309654434,0.9273614491214434,0.22471383834649775,0.45136268320647316,0.4118841974327837,0.9756477287290697,0.8332141751779161,0.3658440216111286,0.35017769005249744,0.33112619525685666,0.9261680399585669,0.9671174500350997,0.4846887367586412,0.43435483943354103,0.46155193936886224,0.26255412504194975,0.2686182484558682,0.28202796979227485,0.20919911872829616,0.33573261193811343,0.9720149058638565,0.8361998203779902,0.4718026873780246,0.43660148346431243,0.41429946676806906,0.9821847209157306,0.9168445223378945,0.30542789273735194,0.30639364854497203,0.5018720744752465,0.5119507266306892,0.47115764546220745,0.4464231486902376,0.48886917243298605,0.49486150235302645,0.5035340909629108,0.4794664564138183,0.4872480517557919,0.4465738056773548,0.41843497045757816,0.9823520664494652,0.8925031057606415,0.2827424567912171,0.2568873891771242,0.47605903162795216,0.9629698274573318,0.8565289262053994,0.4378836543394049,0.4511334958676989,0.43875338352367466,0.438070922596744,0.43065150749585573,0.26219455200065256,0.25698422622766126,0.24928620499704957,0.3689304507084355,0.9744782800612827,0.4782464049057206,0.6161573508070787,0.5624415633007511,0.6201958610553457,1.0,0.988268151899335,0.996700537031919,0.9926151818462758,0.2077214837763789,0.2944587980360139,0.2181157664504679,0.9686379612027403,0.9560831433093595,0.4209727800712817,0.4401375705988223,0.44920791208025007,0.22530300427934807,0.4076326965834196,0.2842129901023107,0.24730923385709533,0.2777041814648442,0.21337602543009557,0.7107291575748017,0.25320407756731667,0.22570383321706658,0.4225757247174302,0.4377037028852533,0.39926903216185794,0.2531001251908292,0.30044365676682305,0.23626844890090626
0.2630760750813218,0.25941613767791316,0.5411266602397491,0.5161551466158547,0.36147358307764965,0.27244730166905134,0.2651048710879599,0.2699499335144433,0.27799789441948913,0.9979558760876387,0.9970334932438396,0.9892829088086283,0.9620804738375628,0.4899199978497709,0.3182979135963723,0.2897002111601252,0.3491769770981116,0.3716532452226623,0.2717718937190067,0.3020311909718903,0.30796181977254955,0.21340096501277586,0.4678215587836265,0.5310246256655574,0.9933412763066692,0.4528780273837108,0.5091305472392814,0.9868102712175938,0.9508450582947527,0.942098787464454,0.4668380236586752,0.2528034228619636,0.47729616788946794,0.31236411910025086,0.46814802217593177,0.31896822913159867,0.2958907258408709,0.2535912554764268,0.5109089046338178,0.5295026917395398,0.507657212295293,0.3811871009058016,0.4542568332771558,0.31937585912552574,0.27763527744176836,0.335098458643352,0.42054780893884663,0.3501155914524792,0.268923288142041,0.27712726655141523,0.2983623949413422,0.3015404589369605,0.3174003358715237,0.4306016350213627,0.3712708219330206,0.3838452041133601,0.3854845697186551,0.39075719340934384,0.4146923076470744,0.4031378776938966,0.36763254525711536,0.37940010981971545,0.3949409182991806,0.39425557449257637,0.38733086585201676,0.2860266942720311,0.280659402918094,0.25358567617199657,0.9849939921827041,0.9899262407489368,0.9664893333589134,0.9757885197206028,0.9349285813230854,0.25983201698230995,0.5091841201990911,0.4634407011432494,0.9797234278292587,0.8619828855409811,0.40724542696999816,0.39398307577132885,0.3689584795747099,0.9403563239291677,0.949948940612024,0.5509971191741506,0.49203651847904006,0.5158368652167994,0.3015940076534877,0.3077807834663537,0.3228226694706649,0.24108480975260307,0.3797714869333337,0.9802855859764994,0.8690448550543451,0.5325924215111462,0.49143721552047703,0.4697642482306068,0.9861677761206061,0.9340391530610145,0.34754803475983215,0.3481056543470996,0.5659085787624392,0.5773012044514965,0.534086087577849,0.49837647012572056,0.5505240594673505,0.5582414419795133,0.5678650858114545,0.5407783314128262,0.5493320025754771,0.5090011003329609,0.4699321867601708,0.983874297835745,0.916932598622152,0.32345413255543265,0.2956547335577851,0.5381429823403474,0.973106471359027,0.8837149980039303,0.4965300274111659,0.5132992092412392,0.49931288740158936,0.4985326244604196,0.48822976256179623,0.30016263457416653,0.2949757815841921,0.28556283221731593,0.41688727776344736,0.9809779250041059,0.5354095837971886,0.6900952495379573,0.6303815636597857,0.6904004766457736,0.988268151899335,1.0,0.991836534123416,0.9752454466511277,0.2375199830671352,0.3354187625631171,0.24917268573294346,0.9531382270106937,0.9350693502321977,0.4782927828559228,0.5005772676558592,0.5107981796522761,0.2594579053641964,0.4636537494337955,0.32592215858564455,0.2847901973605991,0.3162434307520072,0.24722597406712976,0.7788475365259441,0.29108172474675437,0.2603090699273771,0.48129431673027573,0.49662851692137744,0.45520933533533803,0.2914077815642308,0.3417847755078666,0.270294800757676
0.23165860192686824,0.2284640739561758,0.48495200825027973,0.46244656372921666,0.3202223381366649,0.2396442364723468,0.23325257492536028,0.23797183670451422,0.2439355781538643,0.9895759625457761,0.9965950383462939,0.9980437146794519,0.9796685232979755,0.44143747817768847,0.28251564159391307,0.25637940821305455,0.3126965765275665,0.3319198200271755,0.2408102602977648,0.2678360187465506,0.27303985573028283,0.18704313263616962,0.41905508760068383,0.4783449908631839,0.9856184061086587,0.40512640529243027,0.4587864681339984,0.9855688093973621,0.9505816370222134,0.9563766828921396,0.4129912300393191,0.2229959515761259,0.4341833370531183,0.2816962964104506,0.4269098549129731,0.28620959652200756,0.26198614751537125,0.2242650782588964,0.45717159069488816,0.47483286117442675,0.4564976582101142,0.339259315440317,0.40828649703621617,0.2844659308977775,0.2494235941911979,0.2982550161195783,0.379161214521731,0.31708331465545475,0.23618127868366626,0.24329242510985344,0.2631090757953441,0.2674254943936408,0.28353277143278166,0.38448859560509335,0.3315056245735379,0.3422508021094472,0.3433988184043691,0.3485448462558457,0.3698211830942842,0.3592669090453221,0.3278235050371495,0.33857445594276436,0.3525993594135167,0.35228946721482507,0.34733759367625316,0.2549371337803985,0.24783065508138005,0.22369895701841214,0.9956809264273917,0.9979432373577154,0.9849870720673564,0.9615288410218641,0.9207952503286448,0.22870568556938772,0.45610680465583137,0.4152455648332805,0.9830026190298815,0.848388901990989,0.37035798684759114,0.3555101868068079,0.3349493018906188,0.940006047903842,0.9666168447417742,0.491411517400324,0.44024430325120156,0.4687447463045015,0.26696820600432636,0.27246487495600796,0.28524886653709713,0.2110507501963673,0.33929007760600915,0.9804196264035089,0.8526691332218621,0.47696583456816694,0.4410068755655461,0.4193167773288879,0.9890162981854589,0.9323751467843917,0.3103502144620043,0.31115535611425627,0.5091955062110997,0.5191160903039381,0.4768261551036966,0.4525540512245083,0.4955682995787125,0.5016397193150727,0.5106357888616032,0.485727616137185,0.49399171009429593,0.45208810219540135,0.42557737540310037,0.9877234090741182,0.9083940328737526,0.28754181852972505,0.2618146976282289,0.48332850417679557,0.9724887415295198,0.8729246752559064,0.4435475524404481,0.4575870922806933,0.4451897506931929,0.4454931950235862,0.43719472514421664,0.2672938827601561,0.2615111395798597,0.2548057186591344,0.3757998681632823,0.9817863457291097,0.4841170302008318,0.6211599119048953,0.5668323989869978,0.6242078342462632,0.996700537031919,0.9918365341234159,0.9999999999999998,0.9918716592017501,0.21091746111133836,0.2992768349117159,0.2225802982423199,0.9713587939752213,0.95592202505733,0.426909040313123,0.44688028958541903,0.4527660146345809,0.22876762536564496,0.41114197904719707,0.2890816796140689,0.2514197211241723,0.2823733062803699,0.21801199673271635,0.7235306363556506,0.2575585075083363,0.2294746625930715,0.4284242149681249,0.4442597337530435,0.4055053116754593,0.25737583303950484,0.3052779170225459,0.2407541402577554
0.20470764334146216,0.20201759776022937,0.43965658481258957,0.4189206970800152,0.28684671252564264,0.21222264352165007,0.20739275213213074,0.2124750174713357,0.21670450213714051,0.9728269172736322,0.9841501249543059,0.9929374388495888,0.9876953614249361,0.4002793745452294,0.251284555424068,0.22713074722452334,0.2816082432214919,0.29868747107973503,0.2154235493225289,0.23835684322745473,0.24288294230938454,0.1621940990527397,0.38143861538122337,0.43562476957957935,0.9668460983545678,0.36899599997592253,0.41675030131828517,0.9709027294413494,0.9354616521978923,0.9519980795030476,0.3703436310558396,0.1982659852918911,0.39780780443350977,0.2552196754124188,0.3932571621354107,0.2587010772282,0.23237251425179617,0.20066361092360707,0.41366184592470656,0.4303711355477349,0.41414693077192644,0.3053437125810918,0.37061185149631515,0.25685320298580944,0.22339918358308528,0.268353905356306,0.3446478002942944,0.28883228163140157,0.20866564020642284,0.21581990343980315,0.23666129010083492,0.23725279929914572,0.25097180218697035,0.3485835781887313,0.3008223822377734,0.3101125070442375,0.31094633280769596,0.3161724734784339,0.33492409026537023,0.3254146371248624,0.2968940978432215,0.3072753574591792,0.31965026068624003,0.32008330353976394,0.31645063039015126,0.22839561039322392,0.21928270266931837,0.19875105341500537,0.99332659860607,0.9913159256451619,0.9934395007464635,0.9455660516865425,0.9069122486135712,0.2016447796573567,0.4127923251979937,0.3756213646470866,0.9712992736633366,0.8230242807230913,0.3401346309493216,0.3232607107952007,0.30741535720612057,0.9225221586102762,0.9647255028365944,0.4442004191600356,0.3984655427656227,0.4295078168952784,0.23705595721508396,0.2431681140543996,0.25524745157176837,0.18632486968391654,0.3111640832654768,0.9661216042047044,0.8238450287892803,0.43196288390468784,0.39988450304635537,0.37811867177265057,0.9778812429418955,0.9141124449577133,0.27948635539360883,0.28000797292240065,0.46262406420693347,0.4715904651155438,0.43162962986556475,0.41456679511570543,0.45081340165705036,0.45565657028064643,0.464004179933537,0.44149957390525424,0.4488154755976443,0.40737713125011266,0.38820174826778914,0.977635546484263,0.8865400650465552,0.25644064238762937,0.23158582501374184,0.43779096742623425,0.9563905508236362,0.8485845458364821,0.3997147903747363,0.412238762600986,0.4012307212784522,0.4015954436723198,0.3962260576861969,0.23684702041384315,0.23183269832215989,0.22504798304285448,0.3418025396521355,0.9693640567783869,0.4393933806712886,0.5683327043876333,0.5190766823812324,0.5738328189286577,0.9926151818462758,0.9752454466511277,0.9918716592017502,1.0,0.18906341829127504,0.26858889015563586,0.19876518651243444,0.9772901260043609,0.963971125363314,0.38426298593400315,0.4025404078657704,0.40669598309526034,0.20251037316365467,0.3701608899106214,0.257570726144828,0.22223803660828484,0.25311640236654426,0.19299824139305338,0.6738371690308355,0.22839128315048488,0.20279842618195248,0.386132508939133,0.4015533395152472,0.3639854685421964,0.22801975910889988,0.27446984119644685,0.21515856744396342
0.8109067713776509,0.7802879482432654,0.3761418482064413,0.34796431779022835,0.3771015473407512,0.7647678640866491,0.7131259457199116,0.6808888562137827,0.6991930579553053,0.24152001386163013,0.22117647518050437,0.20681578620208768,0.18809658369433427,0.23539319236976433,0.7950223166046729,0.7924612393117778,0.941544285203766,0.9155660971867531,0.9810499466878854,0.8785229005217573,0.8505661537001715,0.9043758227302063,0.3288656950376365,0.2457439600878001,0.23126446433953204,0.3042144908305141,0.23330012306441536,0.21381204087145175,0.18574484087976956,0.1855255571530219,0.3389622449374633,0.7364329459061937,0.8790141596125545,0.8740318119803862,0.7628496693457976,0.9580473850186179,0.8290141014094882,0.7514172064272769,0.32737739832548934,0.35031220401587726,0.3456894791473842,0.38533283747058705,0.22316289084415175,0.9141019761222687,0.8558794719748404,0.940284346302333,0.9050949321021935,0.9378342042128652,0.758487382927853,0.7168492565863145,0.6682616049820268,0.7943982289503281,0.7556532958439253,0.5182073081431976,0.48604513370657004,0.4575894607161151,0.4753198028354039,0.4738293895945098,0.47578718969472195,0.48898293379614577,0.435850715831034,0.44814235450569173,0.4828573694245368,0.48516842835456964,0.4570966340286179,0.9728989337853567,0.8319400413387052,0.7536898981389752,0.20435478125242734,0.2046585278650287,0.18264268499602326,0.25775136103731555,0.24439779519175367,0.8376728755872334,0.33194788467905195,0.3062423002979528,0.19841236251708674,0.16917539941878712,0.8388832797340703,0.9177321012026898,0.8641610122854938,0.18437812667392658,0.172296361314204,0.3679826344859916,0.5214131606171423,0.5149005704891969,0.8165743223846318,0.7303318292298684,0.7522544056456509,0.7119086388449606,0.5276238439315285,0.20484791877162048,0.18587844814798427,0.3625613032332904,0.34579000644333746,0.32153140364640365,0.20520192103886073,0.1805331948784696,0.9395970928424073,0.9436430351881856,0.4579269907235475,0.42638345428599567,0.3727122088690032,0.40679948791421233,0.4076399695309023,0.4097360440580496,0.4154717995074476,0.3901307855435022,0.41591186478605396,0.3390416488754455,0.3790746243346007,0.19960046966959918,0.18292796498263855,0.8049199471658772,0.7861821553489986,0.5036932008869694,0.1998098341675596,0.17298549075901887,0.4878827812411579,0.5328700027000228,0.47068343955477143,0.30328601492344737,0.29779288301731505,0.7929497409969806,0.8004584329190961,0.7770335398260845,0.6358297058246415,0.20071991101045022,0.33772214568444603,0.32111720008638417,0.2738842026983536,0.3238657248702304,0.2077214837763789,0.2375199830671352,0.21091746111133836,0.18906341829127504,1.0,0.944894555738619,0.9662334228831637,0.17780293911207465,0.1683217323512157,0.5738082302226495,0.45237239712906285,0.35225361025461116,0.7809139608057329,0.33610107620912094,0.8429783348613934,0.8217802614120212,0.9494873346039419,0.8111490609272596,0.3087275303532737,0.838932912467103,0.8258375105949524,0.35656887061527365,0.37596183793045224,0.5523621438584562,0.8032224535336312,0.9401308205454266,0.9694259902171163
0.8892134016326968,0.858269680199955,0.5052687496525605,0.47402297484127576,0.48233185747569024,0.8417024390388556,0.7940074089018706,0.7625210760220122,0.783914037332392,0.34089509220624203,0.31386234320702255,0.2932320416044573,0.26690360099917904,0.34959889853716763,0.8883715695765791,0.8822233293983052,0.9950225916710934,0.9885634017635588,0.9661955784667522,0.9455938628925308,0.9246361504794469,0.932068447786027,0.44006772907446395,0.3644051675933022,0.32890119624043995,0.41143357093491073,0.34990281697734976,0.3065875611213805,0.27183953551729073,0.2622884050159161,0.42375722515822173,0.8078502177303174,0.9380382953886913,0.9147452171122569,0.8171497326308143,0.9563754185545204,0.9023913056258016,0.8269628423179234,0.4518453590746643,0.47803080023747674,0.4598037067962913,0.4917974477249319,0.33426118394435805,0.9229532680241452,0.939861644709402,0.9627464106782307,0.9613320333315682,0.9523429339384638,0.8382157518748653,0.7994333154777452,0.7541867117785327,0.886151773261074,0.8577867168515515,0.6270173834314318,0.5847213476088446,0.5615978545496176,0.5785284136850677,0.5770508009895611,0.583566407064914,0.59488574028562,0.5368523471635637,0.5505210447761858,0.5855514657619237,0.588961120996613,0.5599876949121539,0.977975984709638,0.9038317596248219,0.8297102314955794,0.28807717232338187,0.29083068015183206,0.2576064436327393,0.3580360336629304,0.3429772293880399,0.9000411601410147,0.4561781261002739,0.41725076530089855,0.2850403542543497,0.25226850303915566,0.8851122521132453,0.9656910611955525,0.8836180290025953,0.26801005862245997,0.2482979901742414,0.49522223250033864,0.6418953981213793,0.625856257499389,0.8951945360783811,0.8221341590151537,0.8379900892410654,0.7893571367431321,0.6178868856620254,0.2937073347400897,0.27340043025242394,0.4912369666091988,0.4616225393529881,0.44386890865602374,0.293816011684679,0.26609176972450366,0.9796849736885046,0.9922878089300374,0.586979190608059,0.5571690021544629,0.49720038425227314,0.518650792545388,0.532091207344432,0.5376077409366555,0.5439701461413141,0.5136958695356821,0.5416729659982672,0.4613818607647001,0.4868419947485036,0.2870996604244902,0.26959795901228045,0.8992709148075616,0.8801237835464121,0.6360580492875094,0.2879230279992528,0.2573317422791825,0.6075608509299006,0.6568609781788413,0.5913651744439283,0.40699644540262114,0.3998834847195872,0.890614242258072,0.8892222450829795,0.8710185115460211,0.7556767228399711,0.2904918529298902,0.4410233671436406,0.4507731646248966,0.38845322290989875,0.44800421838943244,0.29445879803601394,0.3354187625631171,0.29927683491171597,0.26858889015563586,0.944894555738619,1.0,0.9616175364641119,0.2540125231112878,0.24294053316910355,0.6957888549419305,0.5746341449544372,0.44692640747737755,0.8525621075755795,0.419845709033037,0.9201533644554739,0.894472627214837,0.9774408891095874,0.8838993014634423,0.428562833785652,0.9111977426961969,0.8881764513419961,0.4742706126054115,0.4912021018210399,0.6701174377534918,0.8793405815005653,0.982321840359807,0.9740317949208915
0.8377058663071791,0.8046075853068937,0.3869866653598221,0.3598314846720252,0.38189449535561487,0.7642566837958095,0.7117994079569506,0.6768197081995225,0.6981596838336648,0.25322140336776583,0.23245283805269115,0.21799193432126834,0.19844957029261148,0.2458995801492577,0.8254993703917185,0.824740674814404,0.9606421000494244,0.9390503255411018,0.9671880162387009,0.8993772903499536,0.8730051504947357,0.9297258530296244,0.32964219183002746,0.25698798133125234,0.24393911413974553,0.3051909056321784,0.2448613876373184,0.2264519388994152,0.1970503446004951,0.19501553346676667,0.34281096292076785,0.7578351491373201,0.900618706793057,0.9189321997345217,0.772465183677066,0.9570295688312822,0.8507363638817597,0.7749416617964802,0.3391994480728262,0.36289261843613413,0.3561662191882081,0.3897644961806469,0.2320508245824992,0.904919286335788,0.911635827156456,0.9391139730470015,0.9243388195876115,0.948203570988352,0.7616435042007212,0.7172597589998491,0.6618347485061586,0.8265800685490262,0.7942288082553521,0.5174981073231837,0.4831795209508394,0.45652440100016756,0.47300167858911135,0.47198423426854597,0.4761133865916761,0.4873058798888587,0.43434010066532014,0.44672294116037914,0.48033571260325614,0.48342731462374516,0.4553241448630508,0.977036470886257,0.8536338445835313,0.7778692372639392,0.21402209866908867,0.21603878314244415,0.19035916868330433,0.26763905397423066,0.2568703786983304,0.8547869844913265,0.3441315300609872,0.3183127728576877,0.20958532876880848,0.1791395009288953,0.8499619022593058,0.9385266874363584,0.8609279944631157,0.19631221697667225,0.18234732392717204,0.40370417810562786,0.5489977270262164,0.5631292772620491,0.8401466944990196,0.7607847609009115,0.7488226962975341,0.7133613682724121,0.516620396838908,0.21588426828994908,0.19673760554042868,0.3744825424305714,0.3576135397033219,0.3316874549355643,0.2170970400132033,0.1932456315998889,0.9514874317824935,0.9604556994646245,0.5040482849620862,0.4706751111909854,0.41580864594762706,0.45584333208011385,0.45403952797720726,0.4546348863915977,0.45959344755944775,0.43461582929175263,0.4627036862734986,0.3778544572964487,0.4276296436045853,0.21075292705930937,0.19571148322927442,0.8375243128532148,0.8196871717269132,0.5531058399524529,0.2114550950749357,0.1846424841339713,0.5176500063226955,0.561687088913557,0.49927895691841834,0.3199837138083445,0.3166604445602855,0.8391294018667256,0.8305475350873505,0.8111791154264082,0.6858255511159457,0.21232284819547945,0.35135745502894355,0.3343587801625211,0.2834056624681559,0.3357595131425507,0.21811576645046787,0.24917268573294343,0.22258029824231992,0.19876518651243444,0.9662334228831637,0.9616175364641117,1.0,0.18866239323916106,0.1790423840590643,0.605548104242761,0.48227251905683366,0.35827608877605466,0.7967783540039964,0.3364303832590745,0.8663882111441035,0.8420373211389942,0.9578799950631167,0.842340566054787,0.32603125755335693,0.8598839466849263,0.8400199191007587,0.38855658663290293,0.40353963775078217,0.582022905462825,0.8237490305933984,0.951265073970551,0.9662495219998164
0.1947084051948988,0.19241838824687027,0.415596061045887,0.395632244720159,0.2668514990969329,0.20170051959733437,0.19583150758452111,0.20172859378096616,0.20605203153717563,0.9484486053404532,0.9636544590506406,0.9748277579321217,0.9540977162124747,0.3804545178795631,0.24111971516954084,0.21724783655462987,0.26640380505403455,0.2834629079627286,0.2016564178377562,0.2270844688835318,0.23280523610185103,0.1541451619367563,0.35847046254598597,0.41531902768500145,0.9495896904399924,0.34713626484333227,0.3977202094983341,0.9569290357511353,0.939156275374287,0.9107507727551536,0.34287103812524883,0.19042533441154655,0.37991922757918706,0.24431989602566984,0.3742657999184545,0.2442899964859594,0.22187534210140783,0.19208587829972634,0.39145255196891077,0.40756147326840825,0.39341151819886433,0.2867615148367843,0.35059161008548223,0.2389021300527896,0.21536886422002616,0.2504665943790626,0.3254625188563912,0.273348069646654,0.19837676540082333,0.20457655390038604,0.2227841979157684,0.22704627951756973,0.23990325383326305,0.3274575065623393,0.28291459186394186,0.29132440447781177,0.29176267340945955,0.2969141955540287,0.31366903163026594,0.3050577299272569,0.27816522506646146,0.28664323450037693,0.30017586031548776,0.2999704264400954,0.29748842094099,0.21507426818634268,0.2093535457284179,0.1902875403480532,0.9661460085637328,0.9731681818695816,0.9668568300565238,0.9083638330130154,0.858716400218178,0.19203861366912886,0.3905990859164634,0.35521321072194934,0.9607211589856622,0.8255715011196548,0.32143044060589004,0.3060035729977506,0.28753368655706346,0.9243055394656547,0.9352990101818446,0.42351293261663236,0.3896701343774966,0.41489393533239666,0.22706770893291675,0.23540700326797598,0.24208452886180826,0.1758302530097182,0.29512311797113916,0.9554739692190891,0.8256017721837952,0.408022049496252,0.3783979883114074,0.35684186343630725,0.9636074166934026,0.9181044289240716,0.2630231014520145,0.2646990710177767,0.4434329299088284,0.45148269092438686,0.4115124223273945,0.40183297320031386,0.431916438945503,0.436335561048222,0.4446262910492779,0.42193440481666783,0.430050981205599,0.3854960554781202,0.37355664145994644,0.9635195291968339,0.8803123793070902,0.24616820044988888,0.22145999874752384,0.4205059915175623,0.9458894548095963,0.8465431712610669,0.3880034173866236,0.3988212230509517,0.3874980533694609,0.3811767402810081,0.37614506121412417,0.22673677322668978,0.2217147143268464,0.21312353137017095,0.3296003925510813,0.9554334409702797,0.4122774521467872,0.5364048169251293,0.4871788629767813,0.5387076042146418,0.9686379612027403,0.9531382270106937,0.9713587939752213,0.9772901260043609,0.17780293911207468,0.2540125231112878,0.18866239323916106,1.0,0.9849486062886696,0.37267975479575877,0.3901009549209891,0.37756206865149144,0.19339849795648875,0.3405435196680021,0.24696787718442045,0.2121209654112473,0.23868485500886208,0.1844601890801365,0.6588562099318225,0.2181383605223928,0.1928517021323896,0.37079654505481985,0.387988066389259,0.3566862481455643,0.21851806275899457,0.2593726876118934,0.2022763218501269
0.18429838557909398,0.18367644227845253,0.40754180773499094,0.3889509203700749,0.26694434301834274,0.19379895509592307,0.18839673174991253,0.19442993913141685,0.19783239328775962,0.9305370462456116,0.9459085795762188,0.9597403093848488,0.9472485661715406,0.3700961685399039,0.22974246794061273,0.20674173128695142,0.2547964638480089,0.2715073430573537,0.1911571309898987,0.21631855813634335,0.22176442853576056,0.14507565085859797,0.3489694762096357,0.40412174700335496,0.9278398315976611,0.33701742690789044,0.38729723735599403,0.9340703875142171,0.9094229448960622,0.8930243806632229,0.3311664113998786,0.18057882153866436,0.3642487429719884,0.23158554091633488,0.36059061239800616,0.2332760218711193,0.21117767902128523,0.1811570521671358,0.38434043697877507,0.4002160721581844,0.3848323871085159,0.2866325601477107,0.3450560999515601,0.22581164430748116,0.2058919573467941,0.2397949637044828,0.31318759263432433,0.26088524283230613,0.19014734566939692,0.19607966838011923,0.21486465900757737,0.2161544994913135,0.22831435865055727,0.3230856832586505,0.2814363382477963,0.2896249017234936,0.2899874675574338,0.2946842208272437,0.3099378800600566,0.30214083993046753,0.27677298811137135,0.2849182386895267,0.296803297789714,0.29780117692230096,0.2958345412925736,0.20379455547073977,0.19950451643997508,0.17980635583400972,0.9532153363593825,0.9561974448849384,0.9582123639000755,0.8941023440101238,0.8456142857195733,0.18296586337042126,0.3838256593912554,0.3487352689476747,0.9383744641864001,0.7951534092148691,0.30951440834666627,0.2929721995065591,0.27605576345118366,0.8974953527242567,0.9156999576169038,0.4017869687236795,0.37377580081520934,0.3958280763823249,0.21639462277827098,0.22593728561231402,0.23444802918300528,0.16901404791291988,0.28940171370066387,0.9309304622804202,0.7940400456336382,0.4001851308066719,0.3739356328787881,0.351745758243559,0.941976192869922,0.8862841287391715,0.2514731193087759,0.25355282997981926,0.4229526522634587,0.4302415875764652,0.3915600149874505,0.38416234958206724,0.4117628428318219,0.41560834681017106,0.42326800172165235,0.4020145228939473,0.40992885403783064,0.3653861860184024,0.3552113695494702,0.9424173189059486,0.8544895431809846,0.23477097612703218,0.21073265651754966,0.40139729734933455,0.9206637921721474,0.8166012080573155,0.36938256102301464,0.38183423634995184,0.3693892324749941,0.36405209000244726,0.35963040819950975,0.2158330406060202,0.21129088358563913,0.2018536870370798,0.3139267730955464,0.931968998706985,0.39362904942757687,0.519301358129253,0.4720480592609275,0.5204727170188964,0.9560831433093595,0.9350693502321977,0.9559220250573299,0.963971125363314,0.1683217323512157,0.24294053316910355,0.17904238405906428,0.9849486062886695,0.9999999999999999,0.3565348659000599,0.372068267368443,0.36373726230042147,0.18483426930898955,0.3294077750194376,0.2352312241962444,0.20252962178792458,0.22982756655053957,0.17492325858666904,0.6299756886647985,0.20785231428710313,0.1832055294033522,0.3541877945416109,0.37085244582868043,0.3396563299934072,0.20871163188034106,0.24972341012110943,0.19183222549597764
0.7489912660019679,0.7477752740082757,0.5618666268049449,0.5335903508529228,0.4286420606410809,0.6859343724433024,0.6572739155245055,0.6271070301472839,0.6594068833409537,0.48334675774114705,0.449644050254418,0.41893685358385907,0.3784032013113827,0.47623583611809384,0.8283493629011908,0.7971380309784162,0.709806900076326,0.7699354990237572,0.6011369052027523,0.7739962856716763,0.7995291389281859,0.6359160899486987,0.49557671574253,0.5093278548645275,0.4752954063792023,0.4797631290332592,0.4883640016283953,0.4439755395187733,0.40465889747250444,0.3726924742900497,0.5709342787367752,0.7364419248190344,0.6945032723286176,0.594191619537743,0.5890822840760372,0.5991460468736249,0.7970767252306408,0.7350606062149336,0.5249644068670213,0.5434641195884837,0.5217555279763031,0.44298627438678395,0.4506781758328499,0.5606717178521811,0.7072115997238254,0.6011899856504088,0.6684356678679984,0.6119804581387177,0.6884080111942281,0.6636469620544011,0.6279006806375225,0.8095836448889895,0.8226169734349437,0.5388543134889552,0.4747656863125489,0.4711578885999962,0.4837848184057664,0.48411423909531925,0.502125311358486,0.5059552828014856,0.45080968482673295,0.46467544461641624,0.48990003558407574,0.4882902161890287,0.470670334449279,0.6244134206119527,0.7763484875713638,0.733270492826496,0.4078006242235223,0.41849047345738677,0.36763908473759094,0.4946613391604157,0.47546953999705127,0.7436171411716963,0.5241047585255221,0.48105500428697134,0.41686800554237396,0.386938220087392,0.6012855005694502,0.6520421976804542,0.5613633124555549,0.3945634541543985,0.36615805605138774,0.7723979772551415,0.9683448144295532,0.7402979863085275,0.809661282063888,0.8284430350234139,0.6812076454752314,0.6510220018728784,0.5254252110149151,0.42991881695392387,0.41761861981351306,0.5522687095552894,0.5067621984101569,0.4952201615536054,0.4255494067207911,0.40113397568557496,0.6392002217217431,0.667257205050433,0.7994561435587423,0.8029300048623325,0.7394367785535597,0.6805496760093834,0.7425509433077299,0.7798269786383099,0.7890322627895445,0.7302820130390721,0.7611935000255898,0.7072612767067554,0.6423876776213574,0.42007538050084337,0.40129190910196505,0.8218803900283184,0.798830672437061,0.8536647982869048,0.42531480788799236,0.39290679794776884,0.9643930349110028,0.9846977276858332,0.9631345611292506,0.6204063658078148,0.6114754491826465,0.7969789600959248,0.7967103561897173,0.7656779058148281,0.838467419740091,0.425875449312056,0.6477914587400123,0.6240087048138997,0.551587025215049,0.6007282868246709,0.42097278007128164,0.47829278285592286,0.42690904031312304,0.38426298593400315,0.5738082302226495,0.6957888549419307,0.605548104242761,0.37267975479575877,0.35653486590005984,0.9999999999999998,0.9558271208956313,0.6130434042472354,0.7429094369655248,0.5716414739475231,0.8265616871257632,0.7868979452469681,0.62320107360376,0.7299777151636501,0.6201141530088985,0.7840594562569998,0.7502703455639774,0.8681440804591526,0.8849751428736004,0.966778056896538,0.7988936608926551,0.6469393192951698,0.6351194069039996
0.5844798213437227,0.5810134899604655,0.5684258184002436,0.5398338636211979,0.42057458900313527,0.5465428874579547,0.5273407805350276,0.5101002337871074,0.5360428359237784,0.5062611494310656,0.47082637540704786,0.4385540487832734,0.3959733390400937,0.4937245541178655,0.6738536641213095,0.6336440937095011,0.589658443150419,0.6461145526920278,0.48688372078806974,0.6195776170618725,0.6442433340617378,0.48641843081659003,0.500722991313644,0.5295494411290503,0.49792589860681014,0.4863990708319617,0.5078712027688917,0.4656635846217534,0.4257760029056413,0.38943144608048946,0.5757268890213848,0.5722497034213753,0.6255062980899547,0.5054428507068188,0.5464820099701314,0.4998534820805605,0.6385396992797208,0.5691490030090909,0.5340915030066736,0.5508926212717206,0.5277775348310401,0.43433146983362414,0.46329869079328473,0.4817662444839693,0.5640936757418564,0.5112100220199378,0.5868383693628738,0.5223648255669587,0.5467838553954948,0.5350214955299144,0.524924224571184,0.6492556924868724,0.6691629020653769,0.5190331383295078,0.45760067785422154,0.45835123906721376,0.46694191189600914,0.4685713494022693,0.4895012372151254,0.4888190484076734,0.438301379722829,0.4510289188400923,0.4734553407262628,0.47186237084693927,0.4549173671948691,0.5077777656152257,0.6142688982312136,0.5675852246410975,0.42728679118379936,0.4386797534610059,0.3861061742558718,0.5162184886569142,0.49664826101081866,0.5800442656016765,0.531646737352714,0.48500915044420106,0.4380654721838873,0.4133487820442441,0.5395971099702194,0.5653638673422584,0.495719064633942,0.4169603170965761,0.3864740618190259,0.8121051146460464,0.9434833384303765,0.7357244276708151,0.6518119843564537,0.6729320913926373,0.5631031990278429,0.5122364953255425,0.4908836696340996,0.45218937702792217,0.44188079333332214,0.559252834442926,0.5120533379448176,0.5015577713651344,0.44723398601709247,0.4237567357067203,0.5440971556356248,0.5605394858299259,0.8187152047447094,0.8342599379864551,0.7780196745894207,0.6948756112922699,0.771897096927088,0.8150330855220673,0.8239629124258503,0.763451391144144,0.7898550753185859,0.7525883763896616,0.6607094235388923,0.4416601018035128,0.4245755499800556,0.6677711735403071,0.6371890108434873,0.8432075857232864,0.4487486962468223,0.4183958491881328,0.9807743698802448,0.9706882947748189,0.9856789766537857,0.6521273324944157,0.6425071241920998,0.637827713548757,0.6352956539922416,0.6096472542465029,0.740896049660965,0.4474705275254561,0.6631988590187552,0.653371498582062,0.5846700041232654,0.6298340161347517,0.4401375705988223,0.5005772676558592,0.44688028958541903,0.4025404078657704,0.45237239712906285,0.5746341449544372,0.4822725190568336,0.3901009549209891,0.372068267368443,0.9558271208956313,1.0,0.6195619429718627,0.5788032749461011,0.5760299729047466,0.6768425302536598,0.6253085679420993,0.517694523355361,0.5640398268440201,0.6437402937564384,0.6246004362006327,0.5855617635199373,0.9338281852217803,0.9495300290516842,0.9239817398829628,0.6394329085605327,0.5468250533427722,0.5046474980901088
0.39967483217133115,0.39904071068278374,0.556692267180673,0.5277212883698421,0.39731166276479185,0.39452240833241087,0.3807967455853391,0.36964237029818414,0.3894382924995201,0.5198515385190532,0.4791842006392153,0.4444696287420148,0.39910442275478164,0.4796778087895737,0.4541782009709771,0.42461480381814204,0.45532273434753234,0.4837153927063334,0.38345347712510025,0.436237548176131,0.44454625771496253,0.33724219881916484,0.4870862892614239,0.5200174696949718,0.5029205543433696,0.4685617695630382,0.49592168883009696,0.4670850920008898,0.42180958232352656,0.38906710614712375,0.9839653401205442,0.38817240254968716,0.5169722670655685,0.38817712348462097,0.4820421978126965,0.40960390352398307,0.43498447552038466,0.38385852416501887,0.5240440205227807,0.5403909498929369,0.5187736678125461,0.40928291635050906,0.45678121441088204,0.4287075707670927,0.3833901122855666,0.44212128438002224,0.49213017359485245,0.42331967866945247,0.3936905280875349,0.3920400656515683,0.39255179100975307,0.43722928830185953,0.4423123583633725,0.4650291566927226,0.39589717836294025,0.40986270619430815,0.4166321825382666,0.4201520627346431,0.4449353324735978,0.43705799662000216,0.3903088833823263,0.40426410125141704,0.42184430974301307,0.4172559759412258,0.41058741531473636,0.3960744173191885,0.42036434826390134,0.386822698351723,0.4380385509832248,0.44168425490659,0.3930626310409106,0.5366348794411542,0.5262804550316318,0.4020989781756602,0.5220842543922923,0.4860993032503809,0.4366926811331567,0.41276549163148785,0.4363956266014653,0.4653656567635372,0.4236170566640911,0.41057689149188764,0.38592412521208846,0.6790833890588082,0.6242768203211471,0.5054118316213074,0.44234923209813004,0.44950799599483854,0.42553216481272693,0.36760193729351376,0.40243888948677625,0.4526771545265698,0.43481452277751453,0.5498479902532021,0.5119364147058737,0.4820240916475494,0.44887591989001896,0.4154262014317703,0.44709956233635134,0.4474152424113789,0.6184852710996261,0.646324660235117,0.6159348170100207,0.4656067141762913,0.5832831931165288,0.6124119877045191,0.6260698952032395,0.582910776826694,0.5917143243323515,0.5982767801738869,0.44322492097616656,0.44195260358097677,0.42544584133103236,0.45251128440231625,0.4296978559056461,0.6012070120050007,0.4486091312363602,0.41035484828712376,0.6149526249934271,0.6467551851662565,0.6181531848266612,0.6334032456339944,0.6004083348566628,0.42606298303977885,0.43005932478637915,0.41088657469306555,0.4734894325877034,0.44950327861217426,0.7429164836439536,0.687447083353255,0.6306339525344538,0.6732456579212854,0.44920791208025007,0.5107981796522761,0.4527660146345809,0.4066959830952604,0.3522536102546111,0.44692640747737755,0.3582760887760546,0.37756206865149144,0.36373726230042147,0.6130434042472355,0.6195619429718627,1.0,0.40425731698768375,0.9374478481821152,0.46407656541612324,0.42801156597430295,0.4245397669436697,0.3774701638716478,0.6806029895510999,0.42948885502719214,0.40203799355002834,0.5899490077047455,0.6023386887370298,0.5772071102797975,0.4341091101874604,0.4432033276455992,0.38518712735920224
0.9772966839964088,0.9826537713958701,0.38684153867186893,0.361854386897087,0.353631066044781,0.9170211731864649,0.877324865071939,0.8188916977231896,0.8577980381467089,0.2627950066240852,0.2413675545382451,0.22256090300534628,0.20065976555541776,0.2819852646361834,0.9684444802641601,0.9708105287997668,0.8497447650409005,0.8909931876392226,0.7857488324719486,0.962651088342249,0.96978807314365,0.882843848517728,0.3658318046167834,0.294554214704787,0.2561433331014326,0.34564320659490533,0.28407505269610195,0.23576710439297188,0.20823122608995498,0.20292736164132893,0.380748768564426,0.9644316784400128,0.7160042190139558,0.7013465243137,0.5731576511433332,0.7441081759703351,0.9756208549944164,0.9597511871232581,0.3446067001560217,0.364671260764436,0.34859734950223054,0.361854294080618,0.2631559679142137,0.6640292390487144,0.8727634457462193,0.7273011704927409,0.7363711066369825,0.7231380752331409,0.924146284138273,0.8741541038602396,0.793908560458003,0.9698077123789055,0.9114721366756425,0.49003765097182056,0.4451376433563368,0.42414109823925855,0.4426460203532456,0.44125364783656723,0.4425333221461545,0.46284869979924237,0.40821934269061844,0.41863220734670686,0.44974597537605526,0.4465709300666268,0.4314717947476171,0.8038058562076209,0.9785378903463827,0.963493264292148,0.2181825225122445,0.22126576685596652,0.1919314383963324,0.2745629574209043,0.2614021957906493,0.9826808595382892,0.3469801325395235,0.32041273451737845,0.21858954961936786,0.18872498283336925,0.6392184830676144,0.7378060281195962,0.6318445808604678,0.2022199366984635,0.18615568159070814,0.4324340638857008,0.6725298798898568,0.5219187769285156,0.975461359930903,0.9499123343249666,0.8655778169377026,0.8861165477409382,0.543630346332228,0.22422682277137648,0.2137818659937277,0.37497055448719735,0.3427334719993238,0.33686050214802493,0.22454000040234243,0.2045033359553228,0.7603187189041415,0.8039129491998093,0.5040105288703607,0.47941955324339464,0.416936060503624,0.42772834639684637,0.44103067974928273,0.4563856458112529,0.4628454902977376,0.4246347244481913,0.457103257091137,0.3834534882295171,0.3922161466088131,0.22056260717903603,0.20347315301683297,0.9651924780795071,0.9665318305406734,0.5984213153385143,0.22083488719765343,0.19672466354168333,0.6258626921890021,0.683360590750311,0.6008711471973399,0.35041727837704684,0.3463941994371799,0.9249301158434438,0.9719250519393235,0.9296807111255709,0.7783193449326368,0.22257599106876708,0.40285103456093646,0.35532245283335206,0.2996589268474098,0.3453890388800082,0.22530300427934807,0.2594579053641964,0.22876762536564496,0.2025103731636547,0.7809139608057328,0.8525621075755795,0.7967783540039964,0.19339849795648875,0.18483426930898958,0.7429094369655248,0.5788032749461011,0.40425731698768375,1.0,0.38551472917717194,0.9657896285490299,0.9791528915082174,0.7726038744433379,0.9675481256189329,0.3551780210952185,0.9769581210870705,0.9829923514645031,0.4477521995577435,0.4734219365349966,0.7301276178116941,0.9777046601821439,0.779494794030722,0.8424655413523349
0.3824892306692784,0.3835207934328909,0.5127726431764981,0.48642730019191904,0.3781879078164492,0.3738346851933859,0.3598068305693185,0.3490474460641682,0.3683056635435431,0.4715428884731398,0.4348423164634605,0.40411026318064475,0.3622075970789859,0.4341277102729524,0.42906221458727634,0.4020976297562389,0.42823305117338867,0.45279606398807787,0.3635746482007401,0.41245208591191207,0.4206065701571241,0.32109726005975986,0.44855390741542234,0.47237923403106186,0.4557327798293816,0.4309962375512246,0.45153823380998537,0.42278276086433164,0.3799634305672067,0.3543452487553024,0.9294113188197335,0.3775158307298613,0.47606248626639636,0.35815677777290583,0.44170973313048484,0.3834809562876039,0.4120732034883495,0.3734237006175468,0.48334856584594,0.4969026448123563,0.48046491884874126,0.38786791333111303,0.4169790919074837,0.3993964192882156,0.36396440060039686,0.41418202769366863,0.4562858742021208,0.39256646721189753,0.372333398986534,0.3717048988855728,0.37005947343184037,0.41379776765576337,0.41422044172153066,0.43514779915220025,0.37062800856325806,0.383986866966658,0.3902626619463282,0.39291970396696746,0.41349052974682365,0.4097417912548276,0.36333100792381173,0.37612466365742336,0.39363319183295575,0.38850862580495776,0.38549459122675683,0.37285841575411677,0.39885015394080725,0.3751593023708911,0.3988558276913388,0.4005931768758428,0.35937423631346793,0.48683195952180186,0.4775781518732566,0.38324955704221486,0.4810143485026321,0.4497198811027201,0.3939509104979024,0.3730665667449852,0.40251782043956846,0.43220409525828074,0.3884511353534646,0.36812703404089847,0.34903866435584285,0.6281836708065772,0.5830749013854872,0.4589704581476387,0.41908963787293096,0.42843365353442486,0.4038619067800993,0.34699875937290653,0.38203938841533924,0.40937997561504186,0.3906930822088935,0.5064963434156279,0.47405252349859855,0.4456452978584911,0.4062038778757042,0.3732231753829319,0.416611883272914,0.4185412140853152,0.5667029278244077,0.59277791977152,0.5639904141294628,0.4210074743377934,0.5318333322731309,0.5608292281315934,0.5742638653562305,0.5318115328178274,0.5394614183345158,0.548994060809284,0.4008862868856239,0.40053411235806774,0.38324282660258047,0.42677113342967093,0.4072363883869841,0.5540583900302697,0.405056239698204,0.36723971777589937,0.5718245501877526,0.6001217815598943,0.5749192226442091,0.5780213508616105,0.5439086641826243,0.4012608090987398,0.40836325077650115,0.3858223318920743,0.4369011411841781,0.4066022058606602,0.6743868354413887,0.624597218757903,0.5740095630450255,0.6147921353667193,0.4076326965834196,0.46365374943379545,0.41114197904719707,0.3701608899106214,0.33610107620912094,0.419845709033037,0.33643038325907443,0.3405435196680021,0.3294077750194376,0.5716414739475231,0.5760299729047466,0.9374478481821151,0.3855147291771719,1.0,0.4383057351620228,0.40705123716813335,0.3994710978301933,0.3619098727641677,0.6145681027009088,0.40723630120845716,0.3847452492714113,0.5474704973618622,0.5604920178439237,0.5376703999425131,0.4119724162910144,0.4145687579546328,0.3638375278582267
0.9812374487289329,0.9716090836012682,0.460316359533831,0.4323868140230444,0.4105672860496382,0.9138000930858903,0.8718621962927636,0.8270573054199584,0.8598335217493407,0.3299330469411606,0.3044271801330877,0.2828781755146808,0.25536606717825255,0.3407874305765442,0.9944805420872787,0.9890955734104756,0.9204902465536176,0.954825422440086,0.8545962140678568,0.9933683589651168,0.9977193251660317,0.9186001800979732,0.4154060982080995,0.35784585028036003,0.321974445389461,0.3937064047168083,0.34429780524845144,0.2987578672580423,0.2662891008599768,0.25459927685830763,0.4366818523155924,0.9401366884086052,0.814524515981997,0.7865299688755363,0.6680076401599322,0.8229095842880849,0.9953800307158084,0.9465907881120232,0.41477591346663223,0.43697843611798276,0.41959240317907354,0.42124029989197254,0.3215426929565951,0.7514483702466748,0.9311607122318407,0.8087261306611881,0.8284307806446061,0.8122289675742321,0.9173072754662819,0.8758060158805026,0.8044210033005935,0.9918105160616727,0.9586914040582116,0.5508913645863669,0.5006090815384676,0.48063845203634464,0.49895228318214185,0.4977069027298106,0.5027158349781046,0.5196667111777178,0.46107515890086065,0.47320049860580143,0.5057274557059026,0.5048457829410941,0.4849772032668027,0.873688936307293,0.9931162676602427,0.9481530440957986,0.2755721082612646,0.28115005921591757,0.24484077856542552,0.3423354885788755,0.327697102413754,0.9851221237513297,0.41702809553395936,0.3846129266969081,0.2779440989353641,0.2467663854684276,0.7348711394721481,0.8292890966287836,0.7224434871237697,0.25963802428271204,0.2401752271974642,0.5314661474252014,0.7600739120282392,0.6254700803571054,0.9958932105547416,0.9632379205766964,0.8778548777854379,0.8811232616558394,0.5803702153282523,0.2859112600233425,0.2710668425248985,0.4479247689251496,0.41309556867432545,0.402776046604694,0.2850628010405308,0.26186247292940235,0.843317593280389,0.880323399041985,0.6102823758889335,0.5857215755697092,0.5182076530261864,0.5251755211180809,0.5461904819755469,0.5618752690944951,0.5694925665621233,0.5274574229799368,0.5614569729685975,0.4811218210721821,0.48711606721167394,0.2796126901664595,0.2626253265675415,0.9943032761917815,0.9873950403692561,0.6959478026436077,0.2814116589596283,0.25214199660092135,0.7190553208524988,0.7735948562002867,0.6971231517546365,0.4276237794152801,0.4213704461073762,0.9691650924928141,0.9909202214608432,0.9546498251250115,0.8505545072932025,0.28316420199520964,0.4728836128365181,0.438552474150038,0.3740758148545766,0.42739742542128134,0.2842129901023107,0.32592215858564455,0.28908167961406894,0.257570726144828,0.8429783348613933,0.9201533644554738,0.8663882111441036,0.24696787718442043,0.23523122419624443,0.8265616871257632,0.6768425302536598,0.46407656541612324,0.9657896285490298,0.43830573516202287,1.0,0.9924401261926213,0.848570849206517,0.9700833310688944,0.4327951424047864,0.995215893278951,0.9821287972928042,0.5495033874715337,0.5702328867469661,0.8086067815695409,0.9895018061679283,0.856955171835845,0.9001618735913496
0.9888393331613764,0.9835889718698418,0.42011343257893907,0.39384856917974254,0.3806885436204958,0.9257764602965877,0.885245053852331,0.8365513923379292,0.8710946838827612,0.2885881390357132,0.26515051810926876,0.24515730088786733,0.22110584421250273,0.3065847094620249,0.9923069659238775,0.991526806511859,0.8930150523980345,0.9299829152767513,0.8288887116619144,0.9887216523321012,0.9944891812141701,0.9150212595139664,0.384691898586268,0.32178625690611595,0.2808441994505111,0.3638702173766117,0.309739339432159,0.2593228552954976,0.22896341864826947,0.22341264209855016,0.40354892497493455,0.9561511455263005,0.7673920053791131,0.7471406237096341,0.6189679547095395,0.7897514599461483,0.9971720679529036,0.960981053870235,0.3765692008373822,0.3974982347441313,0.381598406579295,0.3899946675222953,0.28863832389719785,0.7095402031545087,0.9155945126804615,0.7726097063918703,0.7867542501053706,0.7740368846375845,0.9308362270097494,0.8886241380527846,0.8089594526470736,0.9926880719677635,0.9499210847016195,0.5187461128481347,0.4711276994234579,0.4505642802256504,0.46900763137973234,0.46783445204709895,0.47031135267639596,0.48943003326092094,0.432474059256331,0.44384032003155166,0.47558414949691813,0.474219006653322,0.4561305362107531,0.8467887186224133,0.9978255333837226,0.9615319854686234,0.23931772755671762,0.2436377676446586,0.21072611159271737,0.3005145930676642,0.287709916582119,0.9943601108207094,0.3786768250820525,0.3501596182388129,0.2405190696652879,0.21114165855077197,0.6899024638338358,0.7883901358602946,0.6801243658254962,0.22280589786714539,0.20771658725535452,0.4756998808911934,0.714775773422002,0.5700736970830849,0.9971985893895755,0.9665802562770095,0.8812147334375505,0.8993512789920699,0.5599756559789753,0.2469875677124041,0.23414124358202143,0.4079756793873717,0.3750123967534693,0.36727358786738307,0.24671757641494307,0.22498133704217524,0.8071035459369649,0.8483103010488008,0.552386451192536,0.5268502535914716,0.4615743796845024,0.47068197317376803,0.4882815870310717,0.5031445415113859,0.5105726567732402,0.4701577074408145,0.5037214590318121,0.4261212188314287,0.4338473600891301,0.24202539959030128,0.22555993823370385,0.9905844772979251,0.989021469808929,0.6448637426647204,0.24293386694491606,0.2164256744439849,0.6703594111487093,0.7273991580369957,0.6462180924553538,0.3834282876016593,0.37865434212275606,0.9624060968826021,0.9935351243970661,0.9501076320113563,0.8180442833914184,0.2450443349510936,0.43281858627894776,0.390645111647884,0.33079767159161083,0.3807583458908839,0.24730923385709536,0.28479019736059913,0.2514197211241723,0.22223803660828484,0.8217802614120212,0.894472627214837,0.8420373211389941,0.2121209654112473,0.2025296217879246,0.7868979452469681,0.6253085679420993,0.428011565974303,0.9791528915082174,0.40705123716813335,0.9924401261926213,1.0,0.8181702089804234,0.9774958528439608,0.3858846662569935,0.9973700240849019,0.9923277491244864,0.4940612449499344,0.5150831320784465,0.7712415494838861,0.995428914750054,0.8239262466370582,0.8820721158162289
0.8100120340465908,0.7741261881974151,0.4876036645136745,0.4567947770700762,0.4733648554375212,0.7689666748540904,0.7170462706653561,0.6886875962705485,0.7081993973135311,0.32181570898766465,0.29590167392837136,0.27626931368755575,0.25177773516067514,0.3306586762114107,0.8069640425726657,0.7987795703550977,0.9746176459219492,0.9524480953292843,0.9684460014603864,0.8833530240823674,0.8546881440012066,0.8984243640695107,0.42071042725823626,0.3432570719248663,0.3089875288514032,0.39162071188764846,0.3294716413507761,0.2876065652779624,0.25298188104045644,0.24677840403358356,0.40492926286333636,0.72197116261511,0.9360209411684554,0.9156917760404605,0.8258486593032666,0.9622299846584638,0.8279805449990906,0.7408819078865063,0.4345134438116512,0.4600661037541581,0.44353423670361203,0.48170388292489236,0.31912837490851526,0.9490268257821582,0.8971397351334438,0.9794222560804732,0.9612047721766737,0.9588814609214675,0.7623954834499348,0.7232498388292866,0.6857733119345222,0.8041640083131234,0.7757057433836919,0.6110424460328974,0.5726460352261489,0.5499076239818816,0.5654534858278271,0.5641846294888075,0.57257120684163,0.5797465455663292,0.5248065936642449,0.5387564359280124,0.5719242669954209,0.5767060981930539,0.5454042655182029,0.9721030453089919,0.8288505949853806,0.7437709295367463,0.27230299443063083,0.27387849365623673,0.2437669761971978,0.34047232024481705,0.326476783480046,0.8279485021301797,0.43931862889485535,0.4007314116922217,0.2673316709904718,0.2344142969387536,0.8887046182551859,0.9678128263664847,0.892630517245909,0.25089030071878443,0.2335410696449907,0.4597348035987049,0.5769657743397546,0.5923669546303131,0.817698575349368,0.733937678249631,0.774838731854338,0.7093999378554987,0.589042357499545,0.27574098971894884,0.25385539633180565,0.47396165905205156,0.4476486673658329,0.4269907101581011,0.2761528029827428,0.24760130276319212,0.9852662119357001,0.98470188846985,0.5496197847499846,0.5201035371995341,0.46657294234795105,0.4854339300302985,0.49947825177806876,0.5020131232847217,0.5084775604763,0.48268981551997436,0.5067059742262398,0.4310673509554701,0.4558977048615686,0.2698882304844627,0.25169489842530235,0.8203300687721632,0.7955367330571542,0.5839559658885555,0.26962910210161245,0.2391472827454018,0.5467941593899137,0.5910809026710879,0.5332685859849304,0.38374438472172134,0.3763620045814364,0.8146700536505365,0.8071990333106404,0.7918469174017334,0.6796190032999274,0.2715711853686443,0.40992111327406705,0.4280415778777508,0.3731725502169647,0.42860579769044116,0.2777041814648442,0.31624343075200717,0.2823733062803699,0.2531164023665442,0.949487334603942,0.9774408891095873,0.9578799950631167,0.23868485500886208,0.22982756655053957,0.62320107360376,0.517694523355361,0.4245397669436696,0.7726038744433379,0.3994710978301933,0.8485708492065169,0.8181702089804235,1.0,0.807979974718448,0.4028983753101474,0.8381408398412618,0.8125784196435616,0.4313520846692348,0.4476767696610661,0.5965880497931435,0.7984940552244999,0.9847960885883973,0.9543269737057418
0.9878076453821061,0.982681084090585,0.3787391640845672,0.35485755815605297,0.3552556851232313,0.8781853873924598,0.8355010695290277,0.7833189239748071,0.8167955593414962,0.2506034527537365,0.23010037568790473,0.21271023796853217,0.1909091646220695,0.27210209257061063,0.9695739515982815,0.9800633402252482,0.8827849314169657,0.9130403870571419,0.8160542746327627,0.972219892347411,0.9749214942581984,0.9286249077611397,0.3407225152182869,0.281235699478934,0.24422065906861154,0.3221182346239808,0.2724638187960235,0.22570662149031323,0.20008711076326435,0.1953685909701911,0.3553944182715194,0.9642519672147474,0.7456374068187029,0.7413658194808729,0.5921055042439061,0.7746845278876636,0.9776407375580973,0.9709140583367591,0.3378767537455228,0.3577132312971907,0.341719165580861,0.36179938931172917,0.2534248680605157,0.6983294374554386,0.9283660818384715,0.7572490551906225,0.7702162672267,0.7643086355132352,0.88407061201715,0.8355606077223523,0.7545333016825505,0.9752604969347942,0.9345833276030523,0.4802643579176185,0.43709102829222235,0.41767706697345547,0.4342317963948205,0.4324899022084861,0.43484972388534865,0.4520942032235633,0.39894042028397747,0.4105342312701606,0.4393067550794171,0.44009669814125046,0.42158879870190363,0.8414222576644467,0.981052652938777,0.9742194825645265,0.20689174594105195,0.21134458384404342,0.18141141010479922,0.2608978935707863,0.24963685852515094,0.9809740475997116,0.34041624195302683,0.3146024346058388,0.20870901917390766,0.17978740644257968,0.6696728229552372,0.7769115042787504,0.6655849212709273,0.19418993783513355,0.1780355446410328,0.4233033256370876,0.6536860381200466,0.5340337303690887,0.9768842268892888,0.9526729137151473,0.8286282384686064,0.8464254360335769,0.5130310171039143,0.2139424826775593,0.2019322381883389,0.36800287515869906,0.3384962230220353,0.3314943142381124,0.21456000054046662,0.19608848834961048,0.7960738624698747,0.8385579909329176,0.505587667128064,0.47693528915768685,0.41448616226384133,0.4351122566261683,0.4431082244227995,0.4543273590546142,0.4610125517782727,0.4241367722307584,0.45753142414293374,0.37827814635728435,0.39853258607067166,0.20969743039311567,0.19598190002109597,0.9710176238959466,0.9737573065802314,0.5993600852517666,0.21066249562031816,0.18570147650832486,0.6096815090880146,0.6658494757726486,0.5866248236356542,0.33633065017751496,0.3326642814305284,0.9569590038614966,0.9765063817268707,0.9437328354047168,0.792663499326156,0.21271643005190466,0.3869557114016112,0.33852004062755026,0.280533919482117,0.3289172534424796,0.2133760254300956,0.24722597406712973,0.21801199673271635,0.19299824139305338,0.8111490609272596,0.8838993014634422,0.8423405660547871,0.18446018908013653,0.17492325858666902,0.7299777151636501,0.5640398268440201,0.3774701638716478,0.9675481256189329,0.3619098727641677,0.9700833310688944,0.9774958528439608,0.807979974718448,1.0,0.3380653028853639,0.9795010208831705,0.975509079484802,0.4342821839394967,0.45557458043126997,0.7166580589854115,0.9753389726893088,0.8099965697894156,0.8805799183428211
0.3580988234473718,0.35594117916606577,0.6538393082220951,0.6231477740119978,0.4503978800922106,0.36870531414752317,0.36025984161570895,0.3599686317908993,0.3761947798628143,0.77875383458466,0.7534412500404862,0.7174244386380316,0.6529263680022247,0.5908859047944183,0.4232823177041494,0.39038611103400983,0.440731922290713,0.47215803160286085,0.3516234971064152,0.4011112829566218,0.4100061036311757,0.30092378996361585,0.5716608430841652,0.628221436783576,0.7988940859601453,0.554135329529933,0.603465300722522,0.7737872844378508,0.7557043630048838,0.6682398196843152,0.626230640275578,0.3414688595070572,0.5614759128394562,0.38733611139644064,0.5400229461965907,0.39765406879394305,0.3971746805615425,0.3417360234849722,0.619522853997571,0.6388435659246662,0.6033930780790002,0.46871628013360134,0.5611288099255456,0.40649292671608855,0.36049735856413884,0.4258328220519677,0.5100871620983195,0.42218134386122147,0.3672691591919361,0.375805681567915,0.39984984852310634,0.4032548844851991,0.42044026193016226,0.5326871933222894,0.4548764402602904,0.47250275135244413,0.4771693584798479,0.48234725585537397,0.5131898950392493,0.499951201566088,0.45204977480323416,0.46597427308310846,0.48661571601074866,0.4830619821613362,0.47215561243603554,0.37085541292733937,0.37922880714136176,0.3445865175436445,0.6962038342204768,0.7223317529062945,0.6494918993982083,0.7563948420057915,0.7161764789658379,0.35557514284492836,0.615864483407116,0.5572405992392522,0.7483551514567623,0.7586555271157507,0.47793821230434286,0.47699187684038563,0.4322668651394091,0.7485156907918907,0.6655631471263349,0.7232033264186534,0.635706888913391,0.6163948246772419,0.4044907010702128,0.41103227619061095,0.4252909226432565,0.3304354541894143,0.47347088632898393,0.7666365243114699,0.7807663156940585,0.6451626140491369,0.5893244792837569,0.5760536994942396,0.7511667208678235,0.7564509111883916,0.43954921016224713,0.4397173509831077,0.7134499575661825,0.7314988082006575,0.6938206276827986,0.5982818091598371,0.6930239711681844,0.7075597970942611,0.7197488044724574,0.6866449093162241,0.6960391213058493,0.6720334073551356,0.5801377180116895,0.7446901931339998,0.7608153015941921,0.4263692547754514,0.39625982433304335,0.682947689091092,0.7670985349314768,0.7557561590871809,0.6424071122506269,0.6646023443043535,0.6462331858926298,0.6241778257188839,0.6064568139563532,0.3972446389577754,0.3933838365379542,0.38009700256901435,0.5114444418489914,0.7600189507318814,0.6668820436328808,0.8008157267182161,0.7253059467071247,0.7825659186695587,0.7107291575748017,0.7788475365259441,0.7235306363556505,0.6738371690308355,0.30872753035327377,0.4285628337856521,0.32603125755335693,0.6588562099318224,0.6299756886647986,0.6201141530088985,0.6437402937564384,0.6806029895510999,0.3551780210952186,0.6145681027009088,0.4327951424047864,0.38588466625699347,0.4028983753101473,0.33806530288536396,0.9999999999999999,0.3899640232963745,0.35473562168446304,0.6322053469614153,0.6419714819288234,0.5872423126088302,0.39256779365450495,0.43442937617630634,0.3532205588505652
0.9907488852101385,0.9821913451407411,0.4276395072924221,0.40078692806214783,0.39048370778507685,0.9246742012161151,0.8836316241740148,0.8360247917384225,0.8697146067197489,0.29494196120130783,0.2713446838296429,0.25147824636018734,0.22679182750818952,0.3098804374320488,0.992887317191338,0.9917786550921782,0.9099235472741936,0.9432750963554697,0.8474000426179533,0.9942498755496846,0.9976463941516087,0.925514574854981,0.39078301964136986,0.32501431969723044,0.28698280140912574,0.3695024725543867,0.3128867501203104,0.26555446416943207,0.2349066364685957,0.22799726691109395,0.4050064720749707,0.9514805587743743,0.7878848489490299,0.7687628101297606,0.6393775108493992,0.8093781769062869,0.9979117412330499,0.9573741151754332,0.38289936088457555,0.4044875853512548,0.38745060478956145,0.4000899786202731,0.29148566705840845,0.7326895363835366,0.9278500818238249,0.7941957819589583,0.8072810944506151,0.7955473431202611,0.9291865679592041,0.8864885739193101,0.8103709578130117,0.9931217504471347,0.950809437478517,0.5302074522737646,0.4832375200708746,0.46159339620984835,0.48021493153359585,0.4790013305069109,0.481684332736125,0.5003545463659255,0.4431641437864136,0.45469001465889863,0.48706297948736715,0.48591514867233193,0.4672957587020827,0.8654378539444771,0.9988365854869101,0.9588066334419693,0.24529792907824738,0.24978855887609092,0.21673726113479705,0.3069879651866546,0.2940736762942402,0.9948612215239375,0.38517414923926474,0.3552888114405921,0.24640567333441404,0.21661585088291024,0.7108543566390647,0.8098023452256532,0.7014253323705428,0.22891459093650673,0.21267895887522315,0.48047725586912715,0.7128015066073479,0.5816139500392445,0.9973984368260224,0.9618937288304954,0.8829528377434281,0.8956977121781461,0.5687436214530329,0.25304719285682076,0.23912366637564658,0.41521169285755327,0.38176941027263767,0.373888466563465,0.2530014560056683,0.23073555160896064,0.8279940745426645,0.8675587134781896,0.5603069879350678,0.5339768127206419,0.46790701232726367,0.4804295840779432,0.49649635971771133,0.5102195501863976,0.5177348274483224,0.47788755374701636,0.5116874339006333,0.43196348939131146,0.443047785483628,0.2480358838902395,0.2313438694823809,0.9924872709775362,0.9900244630709484,0.651005421170652,0.24892261007359243,0.22134627369092544,0.6684581036046309,0.7252749748047777,0.644798153967887,0.38649138469134514,0.38108159334356184,0.9651289481544403,0.9940377427070421,0.9541110844906662,0.8244175564798693,0.2510404475262647,0.43448460102419056,0.3965296186650661,0.33575370040422114,0.38682159513260583,0.2532040775673166,0.2910817247467544,0.2575585075083363,0.22839128315048485,0.838932912467103,0.9111977426961969,0.8598839466849263,0.21813836052239277,0.20785231428710313,0.7840594562569998,0.6246004362006327,0.42948885502719214,0.9769581210870704,0.40723630120845716,0.995215893278951,0.9973700240849019,0.8381408398412618,0.9795010208831706,0.3899640232963745,1.0,0.9920480131133432,0.49456239682473035,0.5160236303618619,0.7685437628106,0.9936798881919666,0.8438640877789259,0.8977062927397864
0.9883171324719227,0.9841986486744979,0.39370791998184645,0.36809813308125633,0.3639664146901063,0.9281806604660604,0.8877288579314621,0.8371474364142985,0.8706598164442244,0.2642609376759671,0.24195875027642572,0.22369442074509058,0.20161714874439313,0.28176921216478684,0.9806872489795526,0.9818188012480291,0.8863301643995827,0.9189425462285824,0.8290442899272514,0.9826107999545881,0.9864325421395739,0.9125443628718233,0.3656032161877264,0.29482758269374415,0.25630408452410125,0.344916540505779,0.28378083675547844,0.23620910684169744,0.20802306812118582,0.20469972381614568,0.3805533350626949,0.9589865584824924,0.7516900182505131,0.738941018443561,0.6041858273565437,0.7870164978196769,0.9908924777929594,0.9618150657985282,0.35037622481521147,0.3709299691402143,0.3561585150502068,0.37239870574779876,0.2642945405473469,0.7027588619364044,0.9053365921863051,0.767470066009813,0.773520252025665,0.7667915846123827,0.9338647184918093,0.8883976913208892,0.8082347124493707,0.9828575701032253,0.9304653499667965,0.503095698371713,0.45918237991030353,0.43634806045717794,0.4554144702107687,0.45418391207001013,0.45465285455022125,0.47527056105717563,0.4195715180497033,0.4302430306675808,0.4626127346717077,0.46023863650027946,0.44341888948037095,0.8435159579258149,0.9931429863478809,0.9626855402556341,0.21850239179023861,0.2220004796277538,0.19180999699049428,0.2760563290602979,0.26458407961531977,0.9938548846762157,0.3527471535823076,0.3264756765222846,0.21887566916692427,0.19050852608562496,0.6781061238520185,0.776610109177729,0.6712211323077016,0.20220761447547947,0.1877685649423934,0.438653136257688,0.676155387535809,0.5399580634644123,0.9885136805407261,0.9535515202903995,0.879933066332652,0.9002997976779264,0.5529585256772449,0.22451551023922486,0.21217312170759867,0.38149144769327425,0.3506376102965064,0.3430801246900621,0.22487276448255422,0.20410080480924103,0.7996079611817724,0.840245944664295,0.5165865944758209,0.49006637625507005,0.42585965355686123,0.44242375608212836,0.4537391414639104,0.46711335942451593,0.47403547877018576,0.4361804487922308,0.4688001046701149,0.3918362978223711,0.4061288837738429,0.2206290442898753,0.20370377190712993,0.9784311735846006,0.9802634670347482,0.6097958345084985,0.22079227844707336,0.19564268604670887,0.6326793559036449,0.6887235101408504,0.606824955885134,0.3525156692569012,0.3487423547946097,0.9459848445382789,0.9860634767633064,0.9402027221473903,0.7886689923780905,0.22279505325181323,0.4026158140541695,0.3578511815059949,0.3009317584350577,0.3489389459733143,0.2257038332170666,0.2603090699273772,0.2294746625930715,0.20279842618195248,0.8258375105949523,0.8881764513419962,0.8400199191007587,0.1928517021323896,0.1832055294033522,0.7502703455639774,0.5855617635199373,0.4020379935500283,0.9829923514645031,0.3847452492714113,0.9821287972928042,0.9923277491244865,0.8125784196435616,0.9755090794848019,0.35473562168446304,0.9920480131133432,1.0,0.4543962501044179,0.47730875161119823,0.7368866248286232,0.9900320617206804,0.8174127646506484,0.8804661004793153
0.4541140549721765,0.4479408522014736,0.5444529513040859,0.5181758819885594,0.39662516006199655,0.4354714385523897,0.4212091701657603,0.41468827149592374,0.4342353451383968,0.4868377218897433,0.4516959069957252,0.4210174693206329,0.380769219403123,0.4807012625342104,0.5445066441962142,0.5042412253133071,0.48794007339107875,0.5385891922695901,0.3930458957697352,0.49520199881760746,0.5163692798217854,0.3692525084364162,0.47626804184112953,0.515335702156848,0.4784699977651813,0.4588863648489447,0.49401747541065283,0.4474794375031357,0.40882147582058403,0.37207306273778584,0.545918082017116,0.43793260957898855,0.5550194170515821,0.43205419614680884,0.49385062217004544,0.41755379945566007,0.5083781865021086,0.43556262991509975,0.5130119555518262,0.5282878634575957,0.4968728015148561,0.4070147476583479,0.45575776979267435,0.4143948139815169,0.45258689900897353,0.4337759156602705,0.5091622541313415,0.44093853954834816,0.4346843351843137,0.4296990585373241,0.4377180026627384,0.5200804206422516,0.5478115686805128,0.481755181073129,0.4233011347858132,0.4291291492919768,0.4353963341719127,0.4361786948554424,0.457642276865749,0.4553887685738719,0.4093149978108527,0.4201623784628487,0.43973158301663845,0.4386576955010551,0.4230167234562458,0.4124834792628302,0.48421558401352965,0.43556628741141934,0.40988974814247375,0.42023274361982677,0.3710405435985095,0.4980969522287727,0.4825574599696373,0.44941736774667745,0.5096360598298012,0.45516344563129957,0.4198673860498242,0.3998558568407931,0.47508291296582783,0.4868664342593716,0.43048392235323946,0.4012083884715536,0.37170104734165843,0.8183225144705198,0.8654060696601004,0.7061305499462847,0.5210172652819063,0.538636839234272,0.46561687960713116,0.400224876763061,0.45182698195309484,0.43492020914628166,0.4292160028507783,0.5360769131542256,0.4853914064126093,0.4839579477857477,0.4294971368661859,0.407192683650941,0.46077541777809716,0.469789294908391,0.8084277429252958,0.827265164095589,0.7826920731427988,0.6891005992297892,0.7729989472255574,0.8167157560385631,0.8254216495876622,0.7681918947340833,0.7865555756386349,0.7645549062947236,0.6655870332889419,0.42401919119202325,0.40875521313994967,0.5413170915216005,0.5081413580607381,0.8115565014039259,0.4317079031195806,0.40675044203288185,0.9113783662611363,0.8957367106497112,0.9288869416921244,0.6305803973372899,0.6242474219500295,0.5154309907348037,0.5060626319730764,0.48901027135567593,0.6522494075108044,0.430769068890888,0.6364128732090386,0.6339178718010896,0.573323704243416,0.6105999144050398,0.42257572471743016,0.4812943167302758,0.42842421496812494,0.386132508939133,0.35656887061527365,0.47427061260541153,0.388556586632903,0.37079654505481985,0.3541877945416109,0.8681440804591525,0.9338281852217803,0.5899490077047456,0.4477521995577435,0.5474704973618622,0.5495033874715337,0.4940612449499345,0.4313520846692348,0.43428218393949675,0.6322053469614153,0.4945623968247303,0.4543962501044179,1.0,0.9463559971856768,0.7949929597237466,0.506284636555717,0.45954657493758305,0.39861614040468407
0.4750559352195383,0.47139339723880574,0.5519479319309923,0.5238179055836573,0.3999879988356214,0.4517444990694696,0.4351058765755377,0.42643532388439054,0.4478691657120518,0.5024074761563824,0.46745514311894254,0.43674764498770746,0.3954375226681005,0.48294619324669225,0.5637744042639602,0.5234004402059559,0.5060997283781428,0.5572042617039008,0.41159345076414894,0.5148072121615519,0.5372579559665708,0.38774029280047156,0.49086461672832327,0.5208130614192752,0.49446387021790417,0.474821958705905,0.49857963551422874,0.46332443144017693,0.42609590267362907,0.38620377558566676,0.5572207884052867,0.4660073539162181,0.5677410407568918,0.4431085334068573,0.5113429367968101,0.4336143272276829,0.5284573173429644,0.4611294391744129,0.5180053875658271,0.5340399759714421,0.5079195730831488,0.41400772549479065,0.4519649410060463,0.4263695837068472,0.4672088892195965,0.44959249884400826,0.5234073053050695,0.4562107104013975,0.4500418840079475,0.44272631167884763,0.4492682845482991,0.5389084739746022,0.563042897552192,0.4927668004369014,0.4374799678068131,0.43917472946665626,0.44563086293864745,0.44757932327516153,0.4695542664703765,0.46552439799637946,0.41892490411610067,0.4316413560452981,0.45290367547674304,0.45207423131104474,0.435858024906989,0.4286562842285914,0.504827715337891,0.46012339739024427,0.425972842747783,0.4359669619133847,0.38552942401561147,0.5132085273038465,0.4951564010757039,0.47137570877759066,0.5155951748950067,0.46506778727901316,0.4361193777418609,0.4149017714566327,0.4884125657209922,0.5003383652114899,0.44265681201984325,0.417016683031285,0.3848855486897571,0.8042478174084796,0.891687707932457,0.7049270181101354,0.5415495216606719,0.5629153933544777,0.48095740302912304,0.4154470388349079,0.4614360141954692,0.45018168579707496,0.44363569855628604,0.5421200491643491,0.49447607293883716,0.48529269474832415,0.44565680831139454,0.42352755740406817,0.47677391602029234,0.48554180139310793,0.7962650313421563,0.8185211154390912,0.7714364327322707,0.6801695499831127,0.7605108904071183,0.8042060925746046,0.8119688201546849,0.7557229963368843,0.7749347265788009,0.7521494997090559,0.6489359166424291,0.44038425437060824,0.42580649069648147,0.5603695645760344,0.526600565836332,0.8028867872486508,0.4478323350479966,0.4206050873879958,0.9211485596046479,0.9174808167714819,0.948371883304103,0.6457312319831089,0.6359953667979242,0.5315534159536334,0.5255705776397039,0.5032926271771735,0.6599520966511929,0.44632988273022023,0.6466402165114522,0.6456597967752157,0.5817058609421996,0.622300995300052,0.4377037028852533,0.4966285169213774,0.44425973375304345,0.40155333951524724,0.37596183793045224,0.49120210182103985,0.40353963775078217,0.387988066389259,0.3708524458286804,0.8849751428736002,0.9495300290516843,0.6023386887370298,0.4734219365349966,0.5604920178439237,0.570232886746966,0.5150831320784465,0.44767676966106607,0.4555745804312699,0.6419714819288234,0.5160236303618619,0.4773087516111982,0.9463559971856768,0.9999999999999998,0.8157061803361133,0.5273472129602905,0.47692558654261114,0.4168911700252899
0.7357455884649927,0.7368972913624187,0.5307585608445792,0.5041334705744024,0.40854871780638546,0.6691918169109855,0.6420982643355702,0.6097285129874938,0.6431182139962749,0.45895409226250145,0.42815624307423433,0.39746799442717257,0.3570179803240988,0.4485419720298854,0.812562708300147,0.779291225797724,0.6842434490728113,0.7433522363279907,0.5768109753617033,0.7544529538832123,0.7819320010103328,0.6211730143075468,0.4739298824727113,0.47821300500764935,0.45389784886386597,0.4629026362738368,0.46042664953907414,0.42483143141706686,0.3903459158680575,0.3557007959800406,0.5377228075179329,0.7269736623954817,0.6580977526556535,0.5646947214812198,0.553262831587285,0.5720854737397285,0.7824636478997912,0.7257296251820586,0.4956483410033579,0.5130516771438852,0.4944838186071668,0.422408438123845,0.4237397851751847,0.5324717615724656,0.6875134089197393,0.5733514029441266,0.636055788293356,0.584820710991301,0.6729588121711315,0.6493990152988831,0.6084201649366381,0.7926053999471844,0.8028347604179632,0.5114168740465046,0.4508901117896044,0.4452891650558125,0.4586049765166731,0.4602034858321168,0.47579286398574977,0.47959349093522397,0.42866601117083697,0.44140683060155866,0.46592666203883076,0.4619714502399513,0.4475075266090005,0.6006081881873634,0.7613274897195359,0.721995581234405,0.3859764470608376,0.3987217746513339,0.347229868842343,0.4658536651701217,0.445703128145488,0.730272143998451,0.49548720827813275,0.4576614495097841,0.39982176577211614,0.37404262554896284,0.5673990313241135,0.6209009914556315,0.5312898261023162,0.3799931330053498,0.34912335589997634,0.7182662333041163,0.9315665481047284,0.6954157369494551,0.7945266283546937,0.8160310622585385,0.6603587700259764,0.6390638553851352,0.4977712945529781,0.41212532409174746,0.4017670852256817,0.5213932481441556,0.47804743885681183,0.46795230627728496,0.4067976520525162,0.3878158719068689,0.6102131159463473,0.6396402889762229,0.7459969216379516,0.7489452428746547,0.6833623096477779,0.6310635052505447,0.6859214635167028,0.7222922327170325,0.7315071232474607,0.6736102851975585,0.7083088862455059,0.6490696227394636,0.5890991493483939,0.4015532391091625,0.3876521978236202,0.8027047935082563,0.7817607031828834,0.8057568724654228,0.4077093290648987,0.3796049820156492,0.9378720448754619,0.9546893828324889,0.9263503537191595,0.5825301128906966,0.5731667537455684,0.7737515185303402,0.7799306723351724,0.7416984385871275,0.8058161333365506,0.40703630866906304,0.6077685384801507,0.5892082742348707,0.5184513994050175,0.5677684247891949,0.39926903216185794,0.455209335335338,0.4055053116754593,0.3639854685421964,0.5523621438584562,0.6701174377534919,0.582022905462825,0.3566862481455643,0.3396563299934072,0.9667780568965381,0.9239817398829628,0.5772071102797977,0.7301276178116941,0.5376703999425131,0.808606781569541,0.7712415494838861,0.5965880497931435,0.7166580589854114,0.5872423126088301,0.7685437628106001,0.7368866248286232,0.7949929597237467,0.8157061803361134,1.0,0.7861774482256709,0.6196147836896063,0.6145300658210039
0.9862631642115971,0.9842035246261455,0.4210947770435053,0.39520254874874594,0.37713850182695935,0.9157754485216788,0.8762112244116725,0.8282265671688014,0.8625980924365225,0.2952189213847963,0.27170606005116776,0.25123474404207474,0.2264044264069168,0.31167545226764753,0.9919586972925537,0.9909318038791316,0.8796901818560604,0.9197330479952702,0.8101967565397338,0.9821460446489093,0.990041490956246,0.9007972544076204,0.38671534596782187,0.32735167391885084,0.287686787574985,0.3663407814135002,0.315492030748371,0.26578726810761716,0.2356792090146426,0.22787908169745513,0.4093902519362185,0.9591123146363292,0.7522124147397231,0.7304947411759133,0.6030355005088606,0.769482971681665,0.9945250460267866,0.962034143576665,0.3784133025527808,0.39897415887620924,0.38226722150207776,0.3868468644197944,0.2928657700174926,0.6911691387723591,0.9056098911172308,0.7534088233250387,0.7692318228812521,0.7553241357810484,0.9216672712408012,0.878627679073181,0.8005000678094449,0.9920643121589725,0.9499619370180649,0.5123877326076381,0.46473698292777,0.444605907162998,0.4631100738850331,0.46228886884246567,0.46510057165885466,0.48325746590081553,0.42777038275796864,0.4390092000245953,0.46998535904417765,0.46791162260895275,0.4512489582510456,0.8285475909227201,0.9942807264620362,0.9629044242183658,0.24487573061332546,0.24963376810253748,0.21594130041531504,0.30656206093143556,0.29406687822293454,0.9902752939590473,0.38052888490730524,0.35189280748614377,0.24667429931033227,0.21751787725902785,0.6725155102845077,0.7704239930781861,0.6615392197236185,0.22926001527548176,0.2122220058487218,0.4834302952815869,0.7259786104745601,0.5718859228309292,0.995243896649247,0.9738979541042948,0.8698470886345562,0.8903570724437949,0.5524092354947295,0.253188679541635,0.2412907098450345,0.40914650425639515,0.3752502889650386,0.3684560599902038,0.25300724396882784,0.23195487300888334,0.7895412425414695,0.8311946088132159,0.5585063996151293,0.5342190266566063,0.46792917737738826,0.47517026136048696,0.49371745217305146,0.5097660791982136,0.5174305462993407,0.47520275915710924,0.5095575315295178,0.43128244408963423,0.437599473309285,0.24851397205425646,0.23194558566968837,0.9891507686586986,0.9882830274181981,0.6529017396657666,0.24924173701232724,0.22294128093772844,0.6840838400418634,0.7404546934648669,0.6606523882257029,0.3901839495258928,0.38472805203991767,0.9593116287253878,0.9918365279667828,0.9464239241506237,0.8223971446608577,0.25157113212514365,0.4385173437697741,0.39783400747666636,0.3359176589247289,0.38635064210723924,0.25310012519082925,0.2914077815642308,0.25737583303950484,0.22801975910889988,0.8032224535336311,0.8793405815005652,0.8237490305933984,0.21851806275899455,0.20871163188034106,0.7988936608926551,0.6394329085605327,0.4341091101874604,0.9777046601821439,0.41197241629101433,0.9895018061679283,0.995428914750054,0.7984940552244999,0.9753389726893087,0.39256779365450495,0.9936798881919667,0.9900320617206804,0.5062846365557169,0.5273472129602905,0.786177448225671,1.0,0.8058372159184627,0.8659728681317849
0.8150436831186392,0.778611080551834,0.5433868957587366,0.5109147681729046,0.5318248830558995,0.789039079466044,0.7400288348999995,0.7153140812478671,0.7330191867832005,0.34770503187380636,0.3202191544663247,0.299210452105391,0.2721942398991815,0.3715914070666053,0.815016325082057,0.8050457121796328,0.9785217070755531,0.9625740477038321,0.9650878242542247,0.8890430437120964,0.8616668456455288,0.8955304003389521,0.4764884623151206,0.38518928600178315,0.3346993459094003,0.4444733460340778,0.37037559680924714,0.3121032760613375,0.2756992468730583,0.265216175846859,0.4197078185402524,0.7240065342389527,0.9493181525420631,0.9209285003666071,0.8399189187557795,0.9618187807101493,0.83370859831883,0.7420656410887334,0.4866342472489398,0.5137509084569386,0.4913357350324551,0.5402925419836608,0.3606857636478763,0.9500133014221247,0.8890565637141254,0.9825870555235043,0.9739732124560057,0.9626128447301393,0.7826707499440537,0.7468333378980566,0.7183860849462276,0.8108992932438744,0.7806673497575912,0.6763250826808537,0.642021751047977,0.6174391925134064,0.6333819933936141,0.6324439744488981,0.6390989492917649,0.6468086746380333,0.5934827934961703,0.607463940437776,0.6399580490572006,0.6447164764441804,0.6139119540672875,0.9731320626495986,0.8344981341120221,0.7463363222207555,0.294157262307349,0.29668644203621003,0.26432038338825076,0.3656247477347305,0.3497885070954562,0.831912516211362,0.49131461536555043,0.44780082902666085,0.29009751274202683,0.25680486094767824,0.899111085637098,0.973944881857505,0.8972225445627925,0.2728578300024054,0.2537731052679785,0.4878711155354376,0.6020151045996683,0.6129755202123294,0.824360911454621,0.7399797356665877,0.8047686091364706,0.7285668108017894,0.6413973784803091,0.29925199404453245,0.2776959847292023,0.5280659178015626,0.4984150261484344,0.4820119383035365,0.29936909060934147,0.2699972555884068,0.9935885531122065,0.9925466286417879,0.5751530622456102,0.5472983524139969,0.4913906901810596,0.5096801138526582,0.5248262638534518,0.5291814249252443,0.5355100606166697,0.5074858659608886,0.5324262428632919,0.4567263988237729,0.4809214684275359,0.2926998140617429,0.2738450529957907,0.8280852619224859,0.8023150903751901,0.6078978533856053,0.29310227325526084,0.26050591201570494,0.5746431150887028,0.6180706461963817,0.5612298657556387,0.40685408843631743,0.3999710580834256,0.817859986699293,0.814147942718884,0.796013303840515,0.69640253370129,0.2952139042292361,0.43674244122394096,0.46262902184220644,0.4045329976067787,0.4607853522581409,0.30044365676682305,0.3417847755078666,0.3052779170225459,0.27446984119644685,0.9401308205454265,0.9823218403598069,0.951265073970551,0.2593726876118934,0.24972341012110946,0.6469393192951698,0.5468250533427722,0.4432033276455992,0.779494794030722,0.4145687579546328,0.8569551718358451,0.8239262466370582,0.9847960885883973,0.8099965697894156,0.4344293761763063,0.8438640877789259,0.8174127646506484,0.459546574937583,0.4769255865426111,0.6196147836896062,0.8058372159184627,1.0,0.9561719859648524
0.879181459207482,0.8523062595380769,0.41770044769491627,0.38765253703820757,0.4100263802360196,0.8129010442178074,0.7634483815453715,0.7278438059865083,0.750261598100159,0.27473745841577346,0.25253283906278856,0.23616973590265128,0.21314889823959296,0.2733361554656977,0.8635840006842961,0.8648851324312969,0.972196119044588,0.9569900799292395,0.9717980982790378,0.930511171931222,0.9066775805296788,0.9443979528574254,0.3654077341122809,0.28338059908421803,0.26487562000285925,0.3393114594601157,0.2712098275948646,0.24611714775025484,0.21731235377154642,0.21197676340128363,0.36751516015594554,0.802376491750686,0.898104370421076,0.8857729408337304,0.7712364465041882,0.9496135303114012,0.8884053854041575,0.8175564251115669,0.3663765437918554,0.39106661191293446,0.38213328017679643,0.4189871313242341,0.259031110255178,0.9111636097198536,0.9104560192858628,0.942060153526566,0.9252212275985027,0.9437068843430159,0.81084964383196,0.7677334107154425,0.712523044960163,0.8650446121958644,0.8358737265315825,0.5561725700159436,0.5198510693566125,0.4919949212292061,0.5096052927296789,0.5081170806610269,0.5116265315710474,0.5245655250832668,0.46904175380926244,0.4827929532311397,0.5172094681635376,0.5217886539566423,0.4923778665076841,0.9809128434812877,0.8923618750595316,0.8250770153595054,0.23124197530837773,0.23385591249455567,0.20617148293966575,0.2886293508261953,0.27323370334191766,0.8935030443176658,0.3708220670274782,0.33993750995184124,0.22912736073009507,0.1985916071017706,0.8479107153250507,0.9372347678134451,0.8605973624750514,0.21480976244521796,0.19886530916690934,0.41359434834669484,0.5761278401306607,0.5576264303136859,0.8788366483218433,0.8013732179780295,0.7978896935494103,0.7632726945696588,0.5567332395820415,0.2359239711600196,0.216644429407814,0.40381733051914387,0.3823836460875793,0.3605326485655371,0.2362699891132782,0.2115395731397118,0.9539472550266396,0.9659390499772142,0.5072198250773989,0.4754657788629954,0.4174861257657794,0.4502910730871182,0.45361461379046153,0.45744378779273165,0.4629308368535403,0.4357402897965502,0.46338912208894967,0.3821368852947819,0.41857097360114,0.22964462025837948,0.2150532407683872,0.8739569567994299,0.8588840030785488,0.5625058528493375,0.23090929070703475,0.2035687802958587,0.5410890817925337,0.5895514638940494,0.5228245404079084,0.33501557681291816,0.3287509013167494,0.8674992299439264,0.8686140310527141,0.8566188502945379,0.7039098414603123,0.23236328949795879,0.37533022472909316,0.36421665354816063,0.30939188747042945,0.3641709419045104,0.23626844890090629,0.270294800757676,0.2407541402577554,0.21515856744396344,0.9694259902171164,0.9740317949208915,0.9662495219998164,0.2022763218501269,0.19183222549597767,0.6351194069039996,0.5046474980901088,0.38518712735920224,0.842465541352335,0.36383752785822665,0.9001618735913497,0.8820721158162288,0.9543269737057417,0.880579918342821,0.35322055885056525,0.8977062927397863,0.8804661004793154,0.39861614040468407,0.4168911700252899,0.6145300658210039,0.865972868131785,0.9561719859648524,1.0
