0,1,2,3,4,5,6,7,8,9,10,11,12,13,14,15,16,17,18,19,20,21,22,23,24,25,26,27,28,29,30,31,32,33,34,35,36,37,38,39,40,41,42,43,44,45,46,47,48,49,50,51,52,53,54,55,56,57,58,59,60,61,62,63,64,65,66,67,68,69,70,71,72,73,74,75,76,77,78
1.0,0.017087040561358492,0.08317725535353698,0.5414436084129702,0.716785216576284,0.5664655281009937,0.014889669789701776,0.15075783311948782,0.05383133408340103,0.8980711572606819,0.7742681291977409,0.11997570778363242,0.058161021323401375,0.027276526624202276,0.08025532577391561,0.10442396870772194,0.9899911157039539,0.45730629196913797,0.9441760176952204,0.08884846157905282,0.09074068153230934,0.64160429068057,0.10241205997754464,0.05981013770017197,0.5467787327741683,0.15353962276799257,0.120739297633562,0.46765078810880095,0.06152355897314881,0.7034895344080889,0.6136240873680221,0.23719986555803727,0.6099283135093713,0.12964810299034593,0.9417629538938965,0.0050106649503622045,0.02500087475493059,0.006891302126335789,0.9790535150777593,0.09301420129841115,0.02798368302122293,0.08613937239752527,0.4942399619463052,0.024806104402300314,0.6499908136442939,0.0974741924437649,0.4136237756154949,0.030701559236020054,0.08087433063704934,0.08783373769652056,0.024720280941208053,0.6079538049341122,0.1389605494133374,0.13724674051953656,0.02652919257484789,0.6466794434506125,0.03153747996360606,0.3756998916032759,0.07546264343620224,0.9130421078846352,-0.0035411678329333196,0.01947296756236225,0.05195976352566386,0.1409423859170872,0.023254734963338332,0.02622506416157143,0.013514050907640844,0.6324168720269159,0.019192312496062104,0.3718812991724906,0.10789248728145748,0.9970943498068737,0.6327011603722784,0.9026741614115185,0.07827163567277394,0.060961246975969524,0.9569968288686299,0.7119759745857305,0.5989406050347391
0.017087040561358492,1.0,0.42506519365782797,0.07189895146418089,0.04190230661779234,0.09436940940308576,0.05358350692470807,0.07082592766740001,0.5043191990965004,0.021769679455654695,0.03690599473804416,0.33783684436663886,0.537091874514777,0.04224802974330901,0.0756173815862284,0.012583463278229115,0.015620535851995115,0.0404023337880496,0.02151906654565613,0.4238270936819434,0.030916478768892492,0.023360954657181753,0.0031145311414009524,0.5210545841816512,0.03293415196681841,0.058854233329175484,-0.0041246140099734175,0.07941117573143525,0.16655205081999583,0.04806172943959421,0.0840582176990998,0.29533065400217673,0.024595621484372755,0.3585535117682473,0.0258257511709835,0.0515787883254876,0.04397306647655356,0.07904881018652478,0.013002328619882111,0.43225482023983725,0.03988923039593049,0.006537413803720997,0.025892306722885703,0.04639264150962565,0.014789460120979429,-0.009473137084723807,0.11304650692973464,0.03869138770127246,0.03506508734088798,0.41975986580965524,0.04640840180318821,0.02509375690493694,0.07556755780254783,0.042936091024084896,0.043836228488119196,0.07795339095782149,0.039558854243483044,0.047366890455687684,0.07533132499809447,0.022468901694393195,0.06709907599700668,0.06642948548979612,0.5114832525702617,0.06721934158366158,0.1563012697108387,0.1641037635288632,0.056143639944588694,0.025128673402945927,0.04901370142593668,0.04959450507694844,-0.006541781993143452,0.0193957588893526,0.023083576138167108,0.03156409148488155,0.0431277203632496,0.5103650090244788,0.025021006888860466,0.030429716487938175,0.032141620349598846
0.083177255353537,0.42506519365782797,1.0,0.12011348929829403,0.09725775632985188,0.1964731265739478,0.060977016718436555,0.06343891968173533,0.533549855279944,0.06686989279154229,0.12635508562681555,0.35083534944569267,0.520193652140692,0.03807806298365483,0.06889039151351865,0.033256468691224984,0.07841406851146249,0.1770071310166393,0.07998261391155878,0.9789666977227579,0.04018358463151192,0.1347028140430953,0.06456077207476768,0.5042182700513044,0.1552553300825772,0.05241416247325216,0.043502530820565335,0.19120489269529087,0.25612950443198457,0.11120586522841187,0.1476903832592009,0.4596818777023794,0.14412744837261623,0.4826708254173744,0.09276973990504528,0.04361153115872872,0.05699540923282187,0.09269830399834576,0.07192846416717935,0.8335877369478467,0.036749267783304194,0.05272134862373028,0.1474702139901356,0.04123807104924709,0.0563330501327666,0.0533829687280077,0.2506105529732524,0.039145060086407384,0.018660264758497344,0.96990695515028,0.04108423997661776,0.14530304566472052,0.07242063041248273,0.05408329108312046,0.04100083431930401,0.10437387369485027,0.04543598252616761,0.06339111120873644,0.06712749677291427,0.07369039590896811,0.03882158763075038,0.04752846866636457,0.5186380272251061,0.06467247730286783,0.15582960356890196,0.17371430620326866,0.06192162422211181,0.14667534837827095,0.04215052349671318,0.06634286954995582,0.08714330150237347,0.08589720360607747,0.13783517482942545,0.10097668371025788,0.035419966153212766,0.5175809787662384,0.09171181151942388,0.05911974596427171,0.15678347195310582
0.5414436084129702,0.07189895146418088,0.12011348929829403,0.9999999999999998,0.4701027994757023,0.36303955639483865,0.060772719405622184,0.1403746400221398,0.10071370899572564,0.5915825049420477,0.5200816089310936,0.03739450939471768,0.09703925816342053,0.05462830700783127,0.13820702735589024,0.05982769274992495,0.5519493346065345,0.34134110162802767,0.5668736214478587,0.12068789904080814,0.053073213298130195,0.40431098670154414,0.04551952129461079,0.12409844090080094,0.35570390675851243,0.17635109484361133,0.09742652652648205,0.32882359017341395,0.020010866288855764,0.4661077309835847,0.4033041088972845,0.1472256794780401,0.3887349832455168,0.11398904957903779,0.5372626641844702,0.06797719949466446,0.039676126067400175,0.044999887646988236,0.5605007928414193,0.13006192522960133,0.056175617978031306,0.054853959967632274,0.35975187790516494,0.054674876278383536,0.6037469286837178,0.07566261552741589,0.2640322241555481,0.06602062968492159,0.10251851750807343,0.11984058059082159,0.04401490014496059,0.38735151435225634,0.30882036357145803,0.330872015440959,0.05969834618383586,0.8680199194435387,0.07167588296773673,0.4171837472098891,0.12089128335686962,0.5794211901296088,0.034015131995685254,0.06983266187525046,0.11239110913978123,0.14743405105342977,0.028006643633723263,0.03751108658322365,0.05860720989072745,0.3961450394832431,0.03929752312116023,0.41759989083117277,0.04858995424002281,0.5381447223795789,0.39962831684121125,0.5294246644250156,0.0934710698488342,0.11390346981298868,0.5377639515081967,0.6048064044875411,0.377806756176093
0.7167852165762839,0.04190230661779234,0.09725775632985187,0.47010279947570227,1.0,0.6910758435771412,0.01481322344892153,0.11757866645019736,0.035559947006787954,0.6983527950400059,0.6894871386563087,0.16347207167835523,0.07661229299531189,0.020275819433484447,0.09978072761500603,0.09447947738761446,0.7087923704493797,0.44268355496598494,0.7010726393003065,0.09571606701975802,0.08912082134758181,0.5776386262212361,0.08296764570935407,0.03710737197929368,0.5138346053834636,0.1235442676997366,0.12942729274029577,0.4399209768179262,0.05637037860775088,0.9776383330153837,0.8242390615253425,0.28769638659016894,0.5540202989887695,0.22482226463621283,0.7296865690520673,0.02369149827332724,0.0142852827193299,0.024296709011348266,0.7076068510758979,0.09845056634214218,0.02292503657749413,0.07387351013191334,0.4684628287671531,0.016370950574030922,0.5480129642860874,0.10349822168409287,0.51283247408359,0.024700662197381613,0.09908484315278719,0.09554180185769284,0.016584242803504925,0.5529460292274617,0.10142396101108009,0.1200009782834559,0.01852413246378724,0.560252829885308,0.02363646037202395,0.3079558913899752,0.10048427894696146,0.6986481890175603,-0.014870516871377578,0.03408029346122758,0.03499240080650939,0.11672563398924465,0.039413336614571984,0.0331416721973538,0.012473044727280112,0.573112638077567,0.011362780001917717,0.30710415060302165,0.1113832495581935,0.7203847162811049,0.5709410198818005,0.7416127279833901,0.08511866216140575,0.03784463051173853,0.7268588143099944,0.6010314218768865,0.5502709119098784
0.5664655281009937,0.09436940940308577,0.19647312657394783,0.36303955639483865,0.6910758435771414,1.0,0.05807256077857503,0.07083614424006417,0.0850181822012591,0.5309656251531933,0.5731724849041502,0.26972993538703693,0.10304501453146474,0.03936672437905648,0.08572563159884587,0.05982550847642067,0.5521108241180128,0.42232072144178145,0.5486519946141196,0.18806361033963478,0.08343465466415885,0.5070490709482752,0.057795046732286394,0.08618570693460603,0.5002315407544072,0.1373577500128792,0.06070444251599325,0.43810623331261417,0.09877705639864186,0.7414917169909315,0.8727586684083167,0.428032369576454,0.49967169316107096,0.35556953587072954,0.5861301874325205,0.05133735730778402,0.04764525572073751,0.04105900160207807,0.5436650832798808,0.1678436383723849,0.04106083220110039,0.06135248870984453,0.447241833720834,0.03875299760524417,0.40755154835190927,0.07127658194912426,0.6005139993273088,0.04292740556636846,0.04172507812694934,0.1897053431064079,0.0381590274195431,0.5003451378833795,0.1383027619481041,0.11756546043576135,0.0413237858093534,0.4347807172879577,0.038332738925130956,0.24591037519570372,0.08394420705522669,0.5430559699914962,0.031224010997088558,0.06864524532451935,0.08901638315106049,0.07472167678096028,0.0475192693914249,0.06947678214256496,0.05304290180369693,0.5104485275955586,0.03772061474331354,0.24398170049290302,0.07908860130698936,0.5727895870509949,0.50418933290391,0.6010176361291585,0.14297080741093834,0.087601992286645,0.583000175012346,0.45788707821307195,0.511307992920416
0.014889669789701776,0.05358350692470807,0.06097701671843655,0.06077271940562218,0.014813223448921532,0.058072560778575026,1.0,0.021558461139054564,0.06222006657715303,0.011375578867141299,-0.019274710086771858,0.09177687970566413,0.06244384597614632,0.7746202872637261,0.053626720312645225,0.029845790365175213,0.012049457814618319,0.06311938592796054,0.01010635470793768,0.06072412014667806,0.02649113529309872,0.04625283283725092,0.030481904993233565,0.055546960672687926,0.05604184203647636,0.041433636412600935,0.02888157568263585,0.059462128863308775,0.16199118121063003,0.026293299089001472,0.04315505803141734,0.08297283632294414,0.05380829264008218,0.059317156939807957,0.013503997949599755,0.8097781035280822,0.7900499729883794,0.6774645383864161,0.01700027430137129,0.048078113243410714,0.7694723710799093,0.017908368838413333,0.05706004274244908,0.779156068317435,0.03870346262315778,0.01703700007782552,0.06305697198586563,0.7545529076383672,0.027250303591740178,0.06150879847612068,0.7847933674634524,0.054330486791080594,0.05112805969670066,0.07343485444246421,0.7737312217651773,0.03706602927142303,0.7416039041632401,-0.00022536837997324424,0.03992145434130738,0.013139879916528206,0.6584282904426705,0.8601679485360307,0.0445988174625705,0.016384098843123203,0.1122531131924756,0.1460689898985398,0.9918971679632275,0.05241487048426739,0.7943303760756961,0.0012862684537480714,0.028715289946646988,0.016293485568081585,0.04898512546470873,0.015749000887477427,0.24936769408393103,0.05589230591378985,0.013856712157856076,0.024838987944547735,0.060796151543863884
0.15075783311948782,0.07082592766740001,0.06343891968173533,0.1403746400221398,0.11757866645019735,0.07083614424006417,0.021558461139054567,1.0,0.04699857676061259,0.14749202117011936,0.1143976802192251,0.042084925820399945,0.07404366195362616,0.03168064480456625,0.40869017940196045,0.2135664321762588,0.1512785749317556,0.08636608615293365,0.14625641721802676,0.0668910831556938,0.18799075711857838,0.0888719649102162,0.2177746554901576,0.07097197125416799,0.06280499776055273,0.29349923767786906,0.22142415691798062,0.054318898730734026,0.07162103066435509,0.11546264933290845,0.07787172226023675,0.03597826901985892,0.08056744745459886,0.02657618300228565,0.1388989325586476,0.044949700150961086,0.019247532309628532,0.04839913843114166,0.15196856124162814,0.07585365499117519,0.0352741666598249,0.2231652806208699,0.06882182982726574,0.026758335137883817,0.1440851250365123,0.21882606330549217,0.0339223232235966,0.03776974822102453,0.40328267880711527,0.06830042966948872,0.029915703350320427,0.08023468321027061,0.19690821094443314,0.15494392373092794,0.028481708727037768,0.14931890872601492,0.03216436549823763,0.1744900710603405,0.4252610033594857,0.14513117855953458,0.02005165447009345,0.03315952097095129,0.05662958452038132,0.9719009623918653,0.05046663196117744,0.020600818751527136,0.017058439489555013,0.08280490443521725,0.025624612310062994,0.16997584765015147,0.208841402170985,0.14997267631249253,0.08547193839370316,0.1340004632500419,0.10164560996872682,0.05789605292380867,0.1419420155204945,0.1502108475271781,0.0786085822712657
0.05383133408340103,0.5043191990965002,0.5335498552799441,0.10071370899572563,0.035559947006787954,0.0850181822012591,0.062220066577153024,0.04699857676061259,0.9999999999999998,0.03892370023150842,0.04135972772596527,0.3382777274399197,0.7347449804386048,0.05055186344021253,0.04271461830339266,-0.014143824125784096,0.05282853626685627,0.06249504616935813,0.04648226586275135,0.5497782087508966,0.017127279317739948,0.004763568071057898,-0.014470502463788847,0.9155923708594534,0.016619564921179827,0.07203973862542248,0.006516027312018114,0.027348022687099124,0.19174147346612905,0.03948809035181015,0.06209041594002414,0.32987720099269513,0.00746395956541249,0.42244071874594585,0.05402899970660784,0.047435536800006395,0.05356731096772732,0.07589633607434103,0.05020849885844288,0.5799058271345229,0.04708810430021827,0.0011371143267994523,0.04249186595507521,0.05582104223012293,0.061784549496035526,-0.007473575619186287,0.13681527304911117,0.049428240834364895,0.017929024706971754,0.5505401850522968,0.05515317845957317,0.008199426420172573,0.07125745080997196,0.03382699002773797,0.05309346202876115,0.0911043231841212,0.060581962187966076,0.06105727556257513,0.039422989099767054,0.04195665648324526,0.042962259485956236,0.04877350686153669,0.9378728476734932,0.04507985069574484,0.12877939228515903,0.15711186679301098,0.06807224335170173,0.00944724031827836,0.05869579728464842,0.06019822755529845,0.0016813258526613562,0.054075779977690974,0.005068918372323746,0.05385824619107217,0.0331455048384884,0.9722441779973737,0.0543262423326473,0.05326368403712777,0.01840846254246946
0.8980711572606819,0.021769679455654695,0.06686989279154229,0.5915825049420477,0.6983527950400059,0.5309656251531933,0.0113755788671413,0.14749202117011936,0.03892370023150842,1.0,0.774045802997242,0.08066882672690882,0.04290553995871918,0.02302458143034983,0.07773380677266985,0.0939232568156933,0.9331219303796572,0.4485127663748039,0.9697702471621832,0.07314388139036904,0.06085280833214272,0.6412000120905438,0.09338963904483773,0.05403253681310295,0.5493964886634805,0.14516909328110666,0.11720984608398635,0.4766012938162809,0.03999703532921317,0.6853563859778161,0.5812861491137923,0.21091379816893008,0.6116240679461228,0.10603082870305053,0.8241508421876109,0.0036929450958405113,0.019559856918437556,0.01399708920567197,0.9353389556824998,0.08653660727507595,0.02455498251715415,0.0750571358598948,0.49779838178600155,0.020359853872342095,0.6703189320515964,0.08865039723783576,0.3718546124404874,0.02742636997943412,0.08143512982917951,0.07315971352805964,0.019598214984804522,0.609524131592199,0.1498058139639956,0.14390387464347892,0.021875261083499617,0.6865495949831931,0.03084222696744655,0.3947496169291791,0.07351159600567188,0.988174198033845,-0.012270857087458724,0.01405541701599001,0.0458076389999381,0.14122138587409883,-0.00771015664134399,-0.002894854751442762,0.011410404987467173,0.6309564336430271,0.014972090400587685,0.39098369181768217,0.1005730660018166,0.8809550230670162,0.6331831965639093,0.7950180943863993,0.07765318046670933,0.04996480215288207,0.8379239279984699,0.7350076157252802,0.5981249564442392
0.774268129197741,0.03690599473804416,0.12635508562681555,0.5200816089310936,0.6894871386563087,0.5731724849041501,-0.019274710086771858,0.11439768021922511,0.04135972772596527,0.7740458029972421,1.0,0.10433492087613637,0.0488892995289899,-0.004658738861824793,0.08483318375771474,0.08244814584637787,0.7757486722620125,0.57331035815705,0.7823323187964081,0.12568064369990883,0.09620670673098346,0.7387380943114606,0.08606762503563031,0.05321232935717161,0.671713738165568,0.12244169896416901,0.10585862701620992,0.6197192165636107,0.09114770078483189,0.6875603328449819,0.5961801448359781,0.28444489893892555,0.7230504660969018,0.17258597290337793,0.7786146693797039,0.0016760005376105836,-0.011024967148957567,0.0007675205062408846,0.7715898881070652,0.12145918346668858,-0.00038998968593977285,0.07397581349345914,0.6254146201454324,-0.008695426698236863,0.5861622214875413,0.0954148363002819,0.4265206894106373,0.010014332492570376,0.07241474169706173,0.12439152319831608,-0.010160483541089995,0.7223354487398825,0.15237925135892702,0.1842208842161264,-0.004704473629443176,0.598899232333751,0.01773167240043525,0.30838686169528745,0.08544747519754527,0.7810640710384004,-0.014044415313181766,0.003724435648376961,0.04525035779178618,0.1102597169042141,0.02373949223733605,0.02760200339829809,-0.01725408305125755,0.7376758311556334,-0.016404372128481722,0.3051145209328135,0.10517047405249182,0.7736024235274966,0.7345001519286057,0.7717374200538893,0.08459594003290541,0.050891262346997555,0.7778450889735627,0.6421569274739003,0.7202607825921238
0.11997570778363242,0.33783684436663886,0.3508353494456927,0.03739450939471768,0.16347207167835523,0.26972993538703693,0.09177687970566412,0.042084925820399945,0.3382777274399197,0.08066882672690882,0.10433492087613637,1.0,0.36850823693496,0.05979313185527629,0.04368559979077188,0.0764623971481792,0.10920790927127928,0.0942634881341528,0.09509124386042754,0.3427037245590294,0.08296413201113911,0.12262756779547275,0.07068682835154416,0.3221427997813358,0.1335247121729277,0.08935264927280726,0.03577115136423541,0.15933440322943915,0.12612364380963373,0.1771120552710522,0.2147516557615053,0.5119133363391594,0.12185220132377149,0.5750822647706733,0.1382564080395382,0.046337088636467634,0.07194854514103184,0.08033998976911297,0.10609240447931285,0.3292547859314445,0.0617119072025448,0.025549218865874163,0.11406303028974576,0.05829755977606603,0.06650883580163532,0.004240842499477321,0.36251761974258995,0.059285622104385954,0.011551788028278888,0.34402861255384654,0.06223174893229287,0.12220829061294604,0.053135374227196004,0.027712730891579877,0.05787947895059009,0.07010006017013415,0.0561563499577786,0.041588283939759954,0.0489769818611044,0.08843301435939059,0.05010700690161433,0.07282689394754675,0.3233202501500344,0.0391308121411454,0.10144143867460054,0.10717810031766418,0.09197489370147907,0.12911348207906453,0.06279089387620698,0.041693354871882714,0.04649581072780124,0.12462651713806598,0.12348603968733911,0.1523177697795387,0.06302705063055829,0.3291912380422012,0.13481345647999074,0.07729746071823547,0.130259853636774
0.058161021323401375,0.5370918745147771,0.520193652140692,0.09703925816342053,0.07661229299531187,0.10304501453146474,0.06244384597614633,0.07404366195362616,0.7347449804386048,0.04290553995871918,0.04888929952898989,0.36850823693496,1.0,0.037463461233854654,0.05299623714277559,0.0011030113962713973,0.05429819693391566,0.07484615624238788,0.053320004677134034,0.527415318820114,0.04732142849960405,0.021294710856727177,0.02328016804549094,0.6375052584616192,0.03768813767529434,0.0605904030784293,0.016738345649426455,0.07712396115878502,0.18559348771765014,0.08215661375023224,0.0962442698571778,0.3754161024017493,0.02645952903981368,0.4493380160170576,0.06565490843578706,0.040449782533313584,0.052258451980911606,0.05395804737185189,0.049089156452291643,0.550517379209,0.0366074424261094,0.029449542548569158,0.05127676916563098,0.03937144160331796,0.0550358258971098,0.022009054932909947,0.1807183673893855,0.0368150040521428,0.0051722158078786745,0.5260423201705853,0.04600868438448506,0.027516298352418967,0.0713312545136799,0.0393528085696097,0.03641968847189686,0.09708231819472694,0.04386980333514372,0.0672583968299972,0.059499777706287164,0.04801128166457828,0.05684376087190115,0.04497659611637033,0.6562153231345774,0.06768796644366804,0.11405668179691376,0.11535617655246087,0.06608080657445663,0.02782271124681703,0.05242069328031509,0.06772778041595366,0.0436880827874874,0.060513496981098994,0.022246808029855295,0.0662813213856374,0.027510354526721317,0.6727641908326484,0.06580834454300347,0.0655660752194791,0.03681677852081567
0.027276526624202272,0.04224802974330901,0.038078062983654834,0.054628307007831264,0.020275819433484447,0.03936672437905647,0.7746202872637261,0.03168064480456625,0.05055186344021253,0.02302458143034983,-0.004658738861824793,0.05979313185527629,0.037463461233854654,0.9999999999999998,0.03729041156429678,0.031774029796685026,0.024344229615625084,0.04743039643437265,0.021109028173583354,0.04009002340920987,0.019972866214649897,0.028377104224678887,0.03784772194038543,0.045705903879194175,0.025008792703316355,0.05070415125935926,0.025805716301960997,0.025756695028181818,0.12355755844082125,0.025809078476508738,0.031072594185103976,0.04101430729371908,0.03318651514934983,0.016217138878068374,0.027876537270921844,0.7503363772453585,0.8824407533951628,0.6396261070375701,0.028638135166413815,0.026848322631624264,0.9965687164767396,0.009678307157939586,0.026902179371491204,0.9955975982773175,0.05527860737048318,0.01828856565670479,0.044541070832510764,0.9646059971963803,0.007646253619284074,0.040004363428607574,0.9850521765205249,0.03313835351031149,0.05148830861346743,0.038068069222372915,0.9939722822048803,0.03918132998135026,0.9075314433427959,0.019231746013446547,0.02151758672574722,0.022415201648071238,0.7371872853842174,0.7688584874359298,0.035395068914935476,0.023909837215767456,0.10422822693614721,0.13072862187386344,0.7798106900461432,0.0294141040538414,0.9513074981157307,0.021363714741702466,-0.008545287632071475,0.02874686151613166,0.03032128536779335,0.026216865584098848,0.30786315364569616,0.04457350334930269,0.028290830675373642,0.027985380132287994,0.03487692420502189
0.08025532577391563,0.0756173815862284,0.06889039151351867,0.13820702735589024,0.09978072761500603,0.08572563159884587,0.053626720312645225,0.40869017940196045,0.04271461830339267,0.07773380677266985,0.08483318375771473,0.04368559979077188,0.052996237142775585,0.03729041156429678,1.0,0.15867634144520687,0.07926305452462619,0.11521819545388512,0.08023399985433036,0.07259894272945219,0.11266059524821186,0.08175172124667607,0.12263982254738132,0.060017551071726315,0.06810148057152883,0.3815640687660805,0.1687960260902095,0.06728346659075013,0.07251090747667056,0.10287963559712365,0.082775592908556,0.060440855845901226,0.07968460426102664,0.04162491025388873,0.08445901688243017,0.039779159277652236,0.03265207478174581,0.07077549619264563,0.0804561085670225,0.07077867061988541,0.03967637477022395,0.1769337521189206,0.10615679253996109,0.035213847544029155,0.11923335276156212,0.1971456667321757,0.060335541817781765,0.043673830089522664,0.45821056774330193,0.07407884574459399,0.03711212751767577,0.07983204683341305,0.2869831464531159,0.26467375035344426,0.034722659640860326,0.13286267821636663,0.044582377742743394,0.2006136462944709,0.9163431136975897,0.07928369287179665,0.05872984467246574,0.037564753392785505,0.05868418349573721,0.4073008550839863,0.02544342194337291,0.034742890454675206,0.054494450412543596,0.07596827763389455,0.03528716608859585,0.19915048079563627,0.12836717254826197,0.08183397269002314,0.07918958476841255,0.07767069346561174,0.08675224547471738,0.0522832897006346,0.08505314375085762,0.11238981381054099,0.07701505920373676
0.10442396870772194,0.012583463278229115,0.033256468691224984,0.05982769274992495,0.09447947738761446,0.05982550847642067,0.029845790365175213,0.21356643217625879,-0.014143824125784096,0.09392325681569332,0.08244814584637787,0.07646239714817922,0.001103011396271397,0.031774029796685026,0.15867634144520687,1.0,0.10078789362221803,0.0979504459342181,0.09288006564226298,0.025024687192817103,0.5065433730528713,0.10292013910101115,0.7853547904152351,-0.011692707214314969,0.10716120989710544,0.06078146075680046,0.8512373470782522,0.09957357249756137,0.10282066169644603,0.09168606857096621,0.07778573451984534,0.030327474728887156,0.10656454408655622,-0.01235308125931266,0.10089887169909861,0.04821829282957692,0.014562636304496956,0.07307830134493341,0.10205628801456046,0.011968572657922272,0.03304552505364336,0.6755729399138929,0.1033570327865784,0.029713900622239546,0.0822425703849843,0.6678006619235382,0.03474680847680468,0.03305199306379326,0.13977673975648316,0.024698213007484388,0.03607550863559307,0.10629606986679602,0.11014693573376841,0.08712173377591005,0.027616208703176524,0.0692184580939335,0.03165620122815616,0.08446717560896383,0.16689043318826666,0.0920852549086093,0.005627390378175307,0.03554216954377431,-0.01813405075708332,0.21475330794591038,0.06821958207011931,0.06775762094041164,0.028995514398679895,0.0992132569630776,0.02867789460957128,0.08082992655968434,0.5528299439544831,0.10473806732276912,0.10390533915246324,0.09995006892277598,0.08484849688731762,-0.010633721995592604,0.1019288556428593,0.07954816853992351,0.09494717333438144
0.9899911157039539,0.015620535851995115,0.07841406851146249,0.5519493346065345,0.7087923704493796,0.5521108241180128,0.012049457814618317,0.1512785749317556,0.052828536266856276,0.9331219303796571,0.7757486722620125,0.10920790927127928,0.05429819693391566,0.024344229615625084,0.07926305452462619,0.10078789362221803,0.9999999999999999,0.45313185789674026,0.9696811279399131,0.08500391325687925,0.08132387348268826,0.6421189606918885,0.09926286607372321,0.05986138367032874,0.5465755707599665,0.15280566387427463,0.11895801750061687,0.46584337987687513,0.05539400172937327,0.6951561702194806,0.5993368826884036,0.22927950971247057,0.6102612853491616,0.12146154782106952,0.9081969876233791,0.0007239516246132446,0.02292184714468392,0.0024602513606982158,0.9947640578147899,0.09242222573666259,0.02517575914009399,0.07992619495181554,0.49339805083514243,0.02189001531198613,0.6546456776225947,0.09205905328967359,0.40174132533614704,0.02774471101057401,0.08154743568767449,0.08450829972710837,0.022010721215222406,0.6081941848889424,0.1403468078064885,0.13729749648457257,0.023547468094100597,0.654981579007321,0.028883228613790557,0.3800874208748418,0.07521554423463846,0.9439626100475055,-0.010741552541699803,0.014129278265529097,0.05270652104370478,0.14208146605038655,0.0122415459244607,0.019345474927964856,0.011640444995358528,0.6320934632281239,0.0169951997267718,0.37576449161188535,0.10269120371904596,0.9780514430423075,0.6332241468014593,0.8657009710406883,0.07390825404285707,0.060486340743906894,0.925588623215557,0.7181979402515882,0.5983971133591042
0.45730629196913797,0.0404023337880496,0.1770071310166393,0.34134110162802767,0.4426835549659849,0.42232072144178145,0.06311938592796053,0.08636608615293365,0.06249504616935813,0.44851276637480386,0.57331035815705,0.09426348813415279,0.07484615624238788,0.04743039643437265,0.11521819545388512,0.0979504459342181,0.4531318578967402,0.9999999999999998,0.4672862856480385,0.1656008337710189,0.0882949737611068,0.6884807067129161,0.09768111570714785,0.06352791248960109,0.6845061985187368,0.1002193355000372,0.10783320946738967,0.6580272232131232,0.16985855622141918,0.4579336200636654,0.4079985000537204,0.318312478428655,0.6949853345095561,0.20282279832995279,0.46037648132270953,0.06654116904480066,0.04227497510751899,0.10183963659322214,0.4445834359628354,0.1390151931228407,0.04852937284810989,0.11353136775526604,0.8625356562876343,0.04652612184304215,0.3150190958294318,0.1149190875909354,0.3457669207112085,0.04852533793238487,0.07747978466934417,0.16533168285623864,0.04663111268864167,0.6954982098332599,0.17343189937049805,0.18760850277958982,0.04767183501613633,0.3494232993794142,0.04260502812295497,0.18962912479982932,0.11544722900085366,0.46427579625232557,0.028223854831765195,0.07844379231658598,0.05906272601598997,0.08809588557879264,0.05572452064068631,0.06628557913634343,0.06340113644082333,0.6947175680392312,0.043901012439230815,0.18686408337899119,0.08813526660256092,0.4593954354577201,0.6910464074164016,0.4523841056231048,0.08718204281745699,0.0601705763097564,0.46259261872926355,0.34454900908860364,0.6962620835357978
0.9441760176952204,0.02151906654565613,0.07998261391155878,0.5668736214478586,0.7010726393003065,0.5486519946141196,0.01010635470793768,0.14625641721802676,0.04648226586275136,0.9697702471621832,0.7823323187964081,0.09509124386042755,0.05332000467713403,0.02110902817358335,0.08023399985433036,0.09288006564226299,0.9696811279399131,0.4672862856480385,0.9999999999999999,0.08417439101894265,0.06263948585489235,0.6557147644010797,0.09123764262795649,0.05856130893877443,0.559693630583218,0.14903485509409325,0.11294557109801556,0.4864366378107926,0.04148158584097269,0.6898577669412601,0.5897756839542757,0.230530403956901,0.625080933017488,0.12509320555447517,0.8749093617818491,-0.0004075886607267517,0.019796459683201602,0.0028306682552584925,0.9586265487146292,0.09419054508893826,0.021665327729128516,0.07613454325961697,0.5101619186585326,0.019174852885295267,0.6575775378291712,0.08585253483000886,0.3906548983628391,0.02286030030435032,0.08402775462692923,0.08409306415257903,0.018838984380217895,0.6229318670005511,0.14890525082130235,0.13991512185907312,0.020371499820982623,0.6659033191230048,0.02426072183660716,0.38105163243439427,0.0725429747654414,0.9908559677223893,-0.014452588284681513,0.01249393676662814,0.052236781719904916,0.13912250391017403,0.005459869684685659,0.012183844554544212,0.008794093466256519,0.6454955563542417,0.014117443423854526,0.3764394798169107,0.09991017246256449,0.9309504622524881,0.6473942778576456,0.8259793763643054,0.07797845461165802,0.05660711781982365,0.8931406086578774,0.7225914435153679,0.6113267156944653
0.08884846157905282,0.4238270936819433,0.9789666977227579,0.12068789904080815,0.09571606701975803,0.1880636103396348,0.06072412014667805,0.0668910831556938,0.5497782087508964,0.07314388139036904,0.1256806436999088,0.34270372455902937,0.5274153188201142,0.04009002340920986,0.07259894272945219,0.025024687192817103,0.08500391325687925,0.1656008337710189,0.08417439101894265,1.0,0.03190872161755862,0.12400626876815644,0.05209133992041364,0.5198620753234239,0.1424097685868765,0.059883693688597764,0.04173545355896548,0.17670060809695975,0.2559351552215322,0.1098233620135996,0.1405409710038266,0.43875059745677375,0.1321875991215034,0.46479840517890064,0.09483607602891392,0.042135168171616846,0.05521473600276214,0.09042094790208832,0.07908065133183208,0.9101548309224045,0.03822389106437415,0.046667147597529574,0.13784811526913918,0.044056042821844395,0.06448901207751717,0.052241478028646725,0.23294996207407354,0.04179696493858799,0.02287545941747251,0.9974874301177042,0.04233828700402099,0.13330528925048632,0.06611675712076406,0.0508423700978195,0.04401350102331415,0.10897431282926796,0.048438884933889245,0.05996050525994888,0.07193166871193546,0.07803453033335318,0.041560387154034366,0.046703381211677754,0.5322023128402368,0.06827538589805379,0.1515407006198655,0.17276048778098263,0.061171847326982116,0.13528663849343145,0.04418201463741976,0.06261621897745087,0.07682409669015815,0.09068202480999761,0.1266166761856022,0.10408503378115516,0.03893254409412184,0.5336823262353452,0.09385454990777704,0.06389706902794297,0.14532720227050439
0.09074068153230934,0.030916478768892496,0.040183584631511914,0.053073213298130195,0.08912082134758181,0.08343465466415885,0.026491135293098718,0.18799075711857838,0.017127279317739948,0.06085280833214272,0.09620670673098344,0.08296413201113911,0.04732142849960406,0.019972866214649897,0.11266059524821186,0.5065433730528713,0.08132387348268826,0.08829497376110679,0.06263948585489236,0.03190872161755863,1.0,0.07230379055194108,0.4940861465530787,0.007135063734188829,0.09358835227530932,0.07247849311664413,0.47969399472687896,0.06844225790879713,0.0965967137455734,0.085024596555701,0.08630092171703818,0.0541538555401497,0.07858506006961347,0.02797694563228492,0.10040694462965026,0.04015366466497828,0.011018989394682112,0.04527802361375,0.08195882961038667,0.024159393160179003,0.023320587640003835,0.4833138541363477,0.07538164457298908,0.0164758545077644,0.09708093530827037,0.4863353705492788,0.049222276267328516,0.024487035474884487,0.13717781121015044,0.0291240468254298,0.0260682969536693,0.07941863655174648,0.108921803020488,0.08117416890928178,0.013978688414586438,0.05099234773783178,0.027297265580421524,0.07606015969042003,0.12424102100044294,0.05939202410506657,0.01619594712713829,0.04688079606730812,0.0006196109785301904,0.18100413745366561,0.09769681683742773,0.07270401199568341,0.026232148763791298,0.07674661210290189,0.02350178974015397,0.07051922329250976,0.48856098779850304,0.09410754056768143,0.07363942072441168,0.09835753974978277,0.10709078308540404,0.010450911991532556,0.09949656102293941,0.08990268265451737,0.08452424771955691
0.6416042906805701,0.023360954657181753,0.13470281404309534,0.40431098670154414,0.5776386262212361,0.5070490709482752,0.046252832837250915,0.08887196491021619,0.004763568071057899,0.6412000120905438,0.7387380943114605,0.12262756779547276,0.021294710856727173,0.028377104224678887,0.08175172124667607,0.10292013910101115,0.6421189606918883,0.6884807067129161,0.6557147644010798,0.12400626876815646,0.07230379055194108,1.0,0.09299621682726805,0.011495112899126863,0.8645404649207519,0.12847151240133053,0.12839022237011685,0.718260554343548,0.13082281766747145,0.5878021277087762,0.522189218590374,0.33300669101927255,0.9773258455273928,0.19085587059280493,0.6469611622415258,0.030116173122763452,0.028011653514547777,0.044559797780374076,0.6352748922837601,0.10240156154555341,0.03268254517388562,0.12745927955236597,0.7389309876038518,0.024033118816423074,0.446884537380606,0.12738570637865465,0.4084763606124947,0.03742298621128543,0.06897051472608222,0.12281317512485285,0.025988944194846066,0.9733675630274187,0.132408320645356,0.13900125187583073,0.026737520323793066,0.46365715595250995,0.03780882311952125,0.2245759253356518,0.09429154673632152,0.6542860423741451,0.008151899071762853,0.0492960467124651,0.011825969983140259,0.08238356226410552,0.022146617531975124,0.010711559292842492,0.04812643832898111,0.9817538023407566,0.023433246022114964,0.2240668606034576,0.10105432784708024,0.6422893118828689,0.9975481415238304,0.6397673089859336,0.08228749045316232,0.009615609916850182,0.6481590531321144,0.4975815422666461,0.9314150939608828
0.10241205997754464,0.0031145311414009524,0.06456077207476768,0.04551952129461079,0.08296764570935408,0.05779504673228639,0.030481904993233565,0.21777465549015762,-0.014470502463788849,0.09338963904483771,0.08606762503563031,0.07068682835154415,0.02328016804549094,0.03784772194038544,0.12263982254738132,0.785354790415235,0.09926286607372321,0.09768111570714785,0.09123764262795649,0.05209133992041364,0.49408614655307875,0.09299621682726804,0.9999999999999999,-0.017263860591510374,0.10232643104859382,0.03806534978977594,0.590873848586258,0.09450089628018828,0.08553960625631615,0.07883364068678766,0.0775256796980318,0.04058518146605633,0.09692818581011754,0.015608060305598656,0.10588062471295553,0.05945989880980506,0.030214319536228263,0.09179413331652074,0.10175525036835809,0.02546671962763939,0.039695425786964326,0.5599188770706321,0.09708526645190321,0.034792830200707454,0.10356592655385649,0.5482361170674765,0.031475364961153975,0.041092366514965985,0.10862485590021362,0.05166348223167301,0.0408760494333683,0.09703148282166425,0.1083264693105859,0.07083197639382996,0.032979478283418205,0.07028412506189052,0.04385887257755959,0.09865126364413605,0.14045275721261072,0.09058519223796482,0.03611829656248934,0.037703789642344,-0.01738601046580311,0.21344989314228802,0.03583670200008817,0.06162090071937709,0.028631499540457246,0.09217950898919089,0.03329838507199464,0.09491562178702972,0.7139553879917554,0.10355640523989905,0.09355840530310536,0.11074857879125397,0.09338106027119762,-0.014951957136743781,0.10522309583096863,0.09311063073744963,0.09290290023883133
0.05981013770017197,0.5210545841816512,0.5042182700513044,0.12409844090080094,0.03710737197929368,0.08618570693460605,0.05554696067268791,0.07097197125416799,0.9155923708594536,0.05403253681310296,0.0532123293571716,0.3221427997813358,0.6375052584616192,0.045705903879194175,0.060017551071726315,-0.011692707214314969,0.05986138367032874,0.0635279124896011,0.05856130893877444,0.5198620753234239,0.007135063734188829,0.011495112899126862,-0.017263860591510378,0.9999999999999998,0.01780082826921814,0.06929519129143558,0.005990650249151354,0.04623605213579763,0.1911941728631386,0.03938141460016427,0.06021002907359801,0.2888918116558754,0.012010496104211133,0.40014582870548715,0.06403906623024529,0.0311329144910679,0.03663723200391737,0.06397819188148567,0.05620757514324266,0.5533859790322199,0.04291378334245254,0.00952543416251194,0.04863769086697718,0.05005890408730763,0.08218994382125297,0.001965204821732425,0.12824381744265892,0.045660977100269576,0.009531016782571402,0.5201372452968138,0.048355630078929374,0.01276284200251609,0.10119898599542534,0.07043194990937814,0.04748998474987898,0.1177564252156249,0.05669295932702818,0.07976936984804563,0.05181778001448229,0.05580359981525806,0.05581628619197548,0.033292075286037885,0.9563683147064704,0.0688417083631501,0.12207221394407229,0.16366018396920154,0.059794643112062916,0.017741807109111097,0.04755089498882683,0.07933506716673527,-0.018191137093825194,0.060836852097602444,0.011220580857686506,0.06289544145117176,0.04959843647935257,0.9774159524780773,0.06422942466316173,0.06686787559964964,0.02458719195912617
0.5467787327741683,0.03293415196681841,0.1552553300825772,0.35570390675851243,0.5138346053834635,0.5002315407544072,0.05604184203647636,0.06280499776055273,0.016619564921179827,0.5493964886634806,0.671713738165568,0.13352471217292766,0.037688137675294345,0.02500879270331635,0.06810148057152884,0.10716120989710545,0.5465755707599665,0.6845061985187368,0.559693630583218,0.14240976858687654,0.09358835227530932,0.8645404649207519,0.10232643104859382,0.01780082826921814,0.9999999999999998,0.11571855526633963,0.12676899787984752,0.7870289792497217,0.1289430739850603,0.5333006410919917,0.5031889345950824,0.3341648386033004,0.9244777522101547,0.20051569164119418,0.5546087744689211,0.038705004293803434,0.028880921637989315,0.05767663416952968,0.5399225180961711,0.11868695834228087,0.031060777536838332,0.12715973530682115,0.7357396906058851,0.019047799016691194,0.37719065606742763,0.11573569749117761,0.39680217020334263,0.037694312578874116,0.04445891561987311,0.14042121851378234,0.02212621624602681,0.9297897309645764,0.12837709347806006,0.14135667922511264,0.023084169868792196,0.4129792277677249,0.03675441979565014,0.2011822161343994,0.08502812771055236,0.5593027336062302,-0.0008426755978513783,0.057942121367921644,0.02049145148849289,0.057325604597439926,0.027764713659987686,0.029123138843989895,0.056731551070575356,0.9028866922652556,0.01858531494799077,0.20150359464537496,0.10707306815104493,0.5475283259179213,0.8833501033667249,0.5496083291905256,0.0724668049555784,0.018056806410049434,0.5547578774099816,0.420433113556232,0.952644700898573
0.15353962276799255,0.058854233329175484,0.05241416247325215,0.17635109484361133,0.1235442676997366,0.1373577500128792,0.041433636412600935,0.293499237677869,0.0720397386254225,0.14516909328110666,0.12244169896416901,0.08935264927280726,0.060590403078429306,0.05070415125935925,0.3815640687660805,0.06078146075680046,0.15280566387427463,0.10021933550003721,0.14903485509409323,0.059883693688597764,0.07247849311664412,0.12847151240133053,0.03806534978977594,0.06929519129143558,0.11571855526633963,1.0,0.09037642750037266,0.10534347522255544,0.04546585451299236,0.13223627859621676,0.1473422406807498,0.09412187025663256,0.12875396639255002,0.08317520520215183,0.1496173230049534,0.04435737153350442,0.03120461287431758,0.0017392148851873425,0.15253067593358277,0.0678859082720869,0.04775451361815221,0.10240573812961426,0.08259622306893621,0.052743179369644205,0.1751045404173302,0.11367335248522412,0.13906747660807126,0.044124179503791106,0.3036173891726911,0.06325581840056896,0.04491697214662385,0.12844043317833576,0.24050437066941127,0.22268896931016435,0.05688061347374701,0.17754133453454204,0.04021045285528835,0.21044033015744218,0.3800625451646706,0.1457713580870018,0.05563565557496393,0.04899733410908129,0.06809128946530603,0.29392409004349895,0.027849765797119164,0.06203047154743753,0.044021146267046715,0.12926412810095933,0.035881439400171806,0.20807676906308048,0.0571985335703553,0.15476278458405612,0.12935791292316742,0.14475091432465592,0.11212524519886297,0.06933389963988654,0.15188332899477414,0.16883780335777882,0.12737022265009884
0.120739297633562,-0.004124614009973418,0.043502530820565335,0.09742652652648205,0.12942729274029574,0.06070444251599326,0.02888157568263585,0.2214241569179806,0.006516027312018115,0.11720984608398635,0.10585862701620992,0.03577115136423541,0.016738345649426455,0.025805716301960997,0.1687960260902095,0.8512373470782523,0.11895801750061688,0.10783320946738967,0.11294557109801556,0.041735453558965484,0.479693994726879,0.12839022237011685,0.590873848586258,0.005990650249151355,0.12676899787984752,0.09037642750037266,0.9999999999999999,0.10773030465275803,0.10495166075491341,0.12494466908676762,0.09506738200185769,0.027127964362330365,0.1317499052242183,-0.028976587211698362,0.12110760920054285,0.02853065819683398,0.004341349049237747,0.04587595054851937,0.1192788874672528,0.04322744689642939,0.024190267934352583,0.7043300537956384,0.1169056965497931,0.027055078459847386,0.10032841158262157,0.7899033930254203,0.050039775074789815,0.025000260097359745,0.1608118260664067,0.04181894124151011,0.027131347015547407,0.13172986105258783,0.12239348081683774,0.11711659213030216,0.025654508485957225,0.11138105699390442,0.02594945827394933,0.10304139484200601,0.18651179804518314,0.11305418789130045,-0.017524717709239017,0.01794981056849335,0.0007358708562509345,0.2273202818251714,0.07841035755257632,0.07863370068942324,0.025356185675317788,0.12747122222410212,0.023054697870792392,0.09915513026653276,0.548375763728325,0.12096243166268571,0.1294789837801775,0.11779826368806177,0.0582906914184477,0.009231416761328791,0.12136135914443652,0.10719551759898198,0.12432982774244691
0.46765078810880095,0.07941117573143526,0.19120489269529087,0.32882359017341395,0.43992097681792613,0.43810623331261417,0.05946212886330878,0.054318898730734026,0.027348022687099127,0.47660129381628097,0.6197192165636106,0.15933440322943915,0.07712396115878502,0.02575669502818182,0.06728346659075013,0.09957357249756137,0.46584337987687513,0.6580272232131232,0.48643663781079255,0.17670060809695978,0.06844225790879714,0.718260554343548,0.09450089628018829,0.04623605213579763,0.7870289792497217,0.10534347522255545,0.10773030465275801,1.0,0.1262371055490889,0.45381596199739244,0.43472841317209654,0.34953597958467936,0.7394735170981941,0.2336891905856339,0.47886854801953466,0.048312722163260366,0.03663374954763871,0.08786571828156862,0.45651457914805266,0.14689783878521118,0.028834985120605762,0.10774259636034988,0.7336535516952514,0.02335463639679054,0.324331780962325,0.10734945656545448,0.3748182317876937,0.029614742006920894,0.03144794797480665,0.17459794408134482,0.028484053150809645,0.7409409199252632,0.1430655039409228,0.1575020603665851,0.023358504649454243,0.3759410718368266,0.027551864399427115,0.17923935678141362,0.07632987835545137,0.4875037191172437,0.010242681004330574,0.06016076073530033,0.04412677922049525,0.048728187173959686,0.05937221102762773,0.05134327107592289,0.06106085056281327,0.7323881474155709,0.027594387551910265,0.17975857338054696,0.10733359497569928,0.47006004264786205,0.7254705009413736,0.47305552870615225,0.07998911117046525,0.03753252082909051,0.47983590449914665,0.36279067932685255,0.7435980302606473
0.06152355897314881,0.16655205081999583,0.25612950443198457,0.020010866288855764,0.05637037860775088,0.09877705639864186,0.16199118121063005,0.07162103066435509,0.19174147346612905,0.03999703532921317,0.0911477007848319,0.12612364380963373,0.18559348771765014,0.12355755844082125,0.07251090747667055,0.10282066169644605,0.05539400172937327,0.16985855622141918,0.04148158584097269,0.25593515522153226,0.09659671374557341,0.13082281766747145,0.08553960625631617,0.19119417286313864,0.1289430739850603,0.04546585451299236,0.1049516607549134,0.1262371055490889,1.0,0.069448340212196,0.07634352405121313,0.13582559648803558,0.13461665465645417,0.11810706099702516,0.06769916492468749,0.15882213660873948,0.14339035584682153,0.18210015368799412,0.05547515528119518,0.228558973429237,0.12103460460918383,0.10400208377181301,0.14236423399612202,0.1264172678845682,0.03874578846417982,0.1043976411111996,0.09421981723129866,0.12029948204589909,-0.006993019305308346,0.2517902887993441,0.13094828043183654,0.1346384998898214,0.1247052423256799,0.10238612613905325,0.1246950664580393,0.048078980334227535,0.12904971387448888,0.06257790699964984,0.055051129767052384,0.036896621543790274,0.1128314801067934,0.1367681046875599,0.18473228960188132,0.07586509945763883,0.2208635256978072,0.20818877506348576,0.16082562266617545,0.13408208881962838,0.1320585453330096,0.06344067760568958,0.0824381520660048,0.0633558730843249,0.13250757976053215,0.06270627141321473,0.0847781866152334,0.18723477208453315,0.06711504913770029,0.04476510615765414,0.13420497521308727
0.7034895344080889,0.04806172943959421,0.11120586522841186,0.4661077309835847,0.9776383330153838,0.7414917169909314,0.026293299089001475,0.11546264933290845,0.03948809035181015,0.6853563859778162,0.6875603328449819,0.1771120552710522,0.08215661375023224,0.025809078476508738,0.10287963559712365,0.0916860685709662,0.6951561702194806,0.4579336200636654,0.6898577669412601,0.1098233620135996,0.08502459655570098,0.5878021277087762,0.07883364068678766,0.03938141460016427,0.5333006410919917,0.13223627859621678,0.12494466908676762,0.45381596199739244,0.069448340212196,1.0,0.8681950298404573,0.3078836134967618,0.5677385507597694,0.24274666052010516,0.716807037849098,0.030922168755048593,0.019815763583583158,0.03412910465909974,0.6928863523764877,0.11168419189745635,0.02819196483855331,0.07240010893822388,0.48758585033305313,0.02197361360681638,0.5376467969834932,0.09973510976054863,0.5287516579942539,0.02936126424193416,0.08885891288854983,0.11003299093412687,0.02192937692047589,0.5670222791389461,0.10514554339622184,0.12003552379207151,0.02422710422484044,0.5588659661554805,0.02816251694113289,0.29953151690728474,0.10188482771970367,0.6879227717405175,-0.012676244752386734,0.04303916674188407,0.038906155125430254,0.11345372524121734,0.04117623393469379,0.04209746683766924,0.023218719825426448,0.584758982722693,0.01624358850901531,0.29868762297629436,0.10383876500321203,0.7072726510704063,0.5820558297579534,0.7286925518370619,0.1016572512938524,0.04046949195657487,0.7139983079027453,0.5960062493657614,0.565885155492512
0.6136240873680221,0.0840582176990998,0.1476903832592009,0.4033041088972845,0.8242390615253425,0.8727586684083167,0.04315505803141734,0.07787172226023677,0.06209041594002413,0.5812861491137923,0.5961801448359781,0.21475165576150526,0.0962442698571778,0.031072594185103976,0.082775592908556,0.07778573451984534,0.5993368826884036,0.4079985000537204,0.5897756839542758,0.1405409710038266,0.08630092171703817,0.522189218590374,0.07752567969803179,0.060210029073598,0.5031889345950824,0.1473422406807498,0.09506738200185769,0.43472841317209654,0.07634352405121313,0.8681950298404573,1.0,0.3726848107640615,0.5100104040396125,0.2987754732383856,0.6325774845501317,0.04003382840100807,0.036105632693037196,0.03532018395013078,0.5957948594694283,0.1330699940109412,0.03298794297342063,0.08307735496838929,0.43369803759297987,0.028805058171811504,0.4620566598530069,0.09880679909283151,0.5668057267854026,0.033667127577389204,0.06019978664115327,0.14145147481728795,0.029263774841295543,0.5101846636824049,0.1285026467338174,0.1284634828152923,0.030981855131016003,0.4757143839141488,0.03324367522406085,0.2749195056567521,0.08058184117798295,0.5867047369281976,0.0038919510489890136,0.0578996525647205,0.06295809786092936,0.07901477917701476,0.03863797748954684,0.05727394582324668,0.03786394215066776,0.5229273906069156,0.026682695264615378,0.2748373293850543,0.09979546110608332,0.61956277965822,0.5184666940285833,0.6511892310808672,0.11946679426840782,0.06202084139257907,0.6282960635574701,0.5078070243771503,0.5163434720890817
0.23719986555803727,0.29533065400217673,0.45968187770237945,0.1472256794780401,0.28769638659016894,0.428032369576454,0.08297283632294414,0.03597826901985892,0.3298772009926952,0.21091379816893008,0.28444489893892555,0.5119133363391594,0.3754161024017493,0.04101430729371908,0.06044085584590123,0.030327474728887156,0.2292795097124706,0.318312478428655,0.230530403956901,0.4387505974567737,0.054153855540149703,0.33300669101927255,0.04058518146605633,0.2888918116558754,0.3341648386033004,0.09412187025663256,0.027127964362330365,0.34953597958467936,0.13582559648803558,0.3078836134967618,0.37268481076406146,1.0,0.334234434581625,0.64417684147306,0.25016097711408847,0.042575992731742986,0.05433763743622845,0.050500011493483196,0.22311752372493845,0.39260442805826246,0.04297431878833315,0.023882122485154107,0.3089804156490115,0.039455132642736035,0.12690577405592876,0.01915913532731771,0.5060967332025585,0.04646144321038093,0.04318371986783415,0.43834831331349905,0.042294005310897845,0.3342511831656243,0.08560804578595156,0.05351103491457336,0.03981410184573384,0.15666968693373887,0.05516959738722914,0.09574127868281307,0.081386817237226,0.22393840053287703,0.027231315595139336,0.06816654332856983,0.2973285114789986,0.03488940470867508,0.08730491268446204,0.1013451531317486,0.07915331233108558,0.33733870568479307,0.04275083825991379,0.09561440959066524,0.024052261442147612,0.24152175436996173,0.33448865265470334,0.26081500704557997,0.061369708855237286,0.30790723620748295,0.24866519861218384,0.14921350914307624,0.3382404086984898
0.6099283135093713,0.024595621484372755,0.14412744837261623,0.3887349832455168,0.5540202989887695,0.499671693161071,0.053808292640082196,0.08056744745459887,0.007463959565412491,0.6116240679461227,0.7230504660969019,0.12185220132377148,0.02645952903981368,0.03318651514934983,0.07968460426102662,0.10656454408655622,0.6102612853491615,0.6949853345095561,0.6250809330174879,0.13218759912150344,0.07858506006961347,0.9773258455273928,0.09692818581011754,0.012010496104211133,0.9244777522101547,0.12875396639255002,0.13174990522421834,0.7394735170981942,0.13461665465645417,0.5677385507597693,0.5100104040396125,0.33423443458162505,1.0,0.19228775775387175,0.6156978612421654,0.03814886516777431,0.030781210740673727,0.05268541990138992,0.6032947091951136,0.10785420342578685,0.03759311327147169,0.1323751437749229,0.7475691584023706,0.02868471592103028,0.4231115162404704,0.12687905199101593,0.40565113364752364,0.04157851210274181,0.057501600488208474,0.13085324726967892,0.03058834531166274,0.9997434538745638,0.1250418369684111,0.132148921044962,0.03176139002089842,0.44778924965037564,0.04086952054273497,0.21426316348891644,0.0918829337856275,0.6240980691392812,0.007819264665548813,0.05644805100856086,0.012295016508292813,0.07396571658551325,0.01891047729863992,0.01692337149612311,0.055242883883857945,0.9914136835719382,0.02665327892192458,0.21434871381488566,0.10366024996102331,0.6105792324491544,0.9888803660831916,0.6093123991260584,0.08590621823868268,0.011323248669655814,0.6166950910617399,0.47625660987123475,0.9728540803445106
0.12964810299034593,0.35855351176824724,0.4826708254173744,0.11398904957903777,0.22482226463621285,0.35556953587072954,0.05931715693980796,0.02657618300228565,0.42244071874594585,0.10603082870305053,0.17258597290337793,0.5750822647706733,0.44933801601705764,0.016217138878068374,0.04162491025388873,-0.01235308125931266,0.12146154782106952,0.20282279832995279,0.12509320555447517,0.46479840517890064,0.027976945632284922,0.1908558705928049,0.015608060305598657,0.4001458287054872,0.20051569164119418,0.08317520520215184,-0.028976587211698362,0.23368919058563387,0.11810706099702514,0.24274666052010518,0.29877547323838555,0.6441768414730599,0.19228775775387175,1.0,0.1472592947285494,0.03647305624381448,0.027619928160526625,0.07699474348111618,0.11455572779276887,0.4397895354771336,0.015982875724632487,-0.0247075120924836,0.2090349996303004,0.016675469463237537,0.0716056395276516,-0.034668042287436876,0.4505909724216332,0.00836053902865541,-0.020847949530314946,0.46488147007235214,0.019262591252076678,0.19269014257369582,0.04531054292816381,0.03988601037143983,0.014686182369872696,0.12422797933376913,0.0066437375332502905,0.04590959730573633,0.04118385912491342,0.12009021814490314,0.028028062552408434,0.06078176859686992,0.4056451144856262,0.028774958617121097,0.09393682656778532,0.08858600399087116,0.05884235507460706,0.19567185622870042,0.018905921602860403,0.04576762389716154,0.005606685649671407,0.1341604960924093,0.1916087932025985,0.16350483175571182,0.062064424833961095,0.40817404302722177,0.14458072108581668,0.09010781833536709,0.1989193092952327
0.9417629538938965,0.0258257511709835,0.09276973990504529,0.5372626641844702,0.7296865690520672,0.5861301874325205,0.013503997949599755,0.13889893255864763,0.054028999706607836,0.8241508421876108,0.7786146693797038,0.1382564080395382,0.06565490843578704,0.027876537270921844,0.08445901688243017,0.10089887169909863,0.9081969876233791,0.46037648132270953,0.8749093617818492,0.0948360760289139,0.10040694462965026,0.6469611622415258,0.10588062471295555,0.06403906623024527,0.554608774468921,0.1496173230049534,0.12110760920054285,0.4788685480195347,0.06769916492468749,0.716807037849098,0.6325774845501319,0.25016097711408847,0.6156978612421654,0.1472592947285494,0.9999999999999999,0.008504896104345185,0.018756148690468318,0.009693236472088973,0.8880072453317243,0.09584380498409557,0.029662829040259398,0.09213780290823757,0.49613751787393545,0.024795422614379677,0.6440388405407141,0.10299277695387678,0.4218977806652108,0.034427194169137226,0.08616039544594539,0.09354556866678204,0.02248183270229291,0.6140449966690935,0.1445416689403134,0.13724639725248128,0.027682256532669647,0.6408252732817792,0.034014774406890866,0.3715452118571072,0.07835090782872267,0.8441160689961323,0.0019456440928311658,0.02474886951085793,0.054801049534321945,0.1304216436578561,0.03669346370754939,0.039594045506998556,0.011602670574793535,0.6403712481482313,0.013619825764114406,0.36884754113707074,0.1256457382195384,0.9598654306413641,0.638039369689722,0.9771538378539713,0.08937683899485645,0.06202849367980183,0.9973910968635359,0.7059577730376012,0.6086063408186372
0.0050106649503622045,0.0515787883254876,0.04361153115872872,0.06797719949466446,0.02369149827332724,0.05133735730778402,0.8097781035280822,0.044949700150961086,0.047435536800006395,0.0036929450958405117,0.0016760005376105836,0.046337088636467634,0.040449782533313584,0.7503363772453585,0.03977915927765224,0.048218292829576924,0.0007239516246132446,0.06654116904480065,-0.00040758866072675175,0.042135168171616846,0.04015366466497828,0.03011617312276345,0.05945989880980506,0.031132914491067896,0.038705004293803434,0.04435737153350442,0.028530658196833977,0.048312722163260366,0.15882213660873948,0.030922168755048596,0.04003382840100806,0.04257599273174299,0.03814886516777432,0.03647305624381448,0.008504896104345187,1.0,0.7695837697224782,0.686244947283299,0.00505876056915785,0.02225115841908485,0.748056250312436,0.03579767102615503,0.045942157450285154,0.7531024820724234,0.027885209174632053,0.022819885025013312,0.06818566630231808,0.740275930849306,0.05950449358065855,0.041162922030421906,0.7600703049905878,0.03873152153737953,0.03876416389091275,0.06200843784264914,0.7488529489201927,0.03630886033035254,0.7321451550495264,0.02985644387312447,0.02767037924075648,0.003171406127336157,0.6420189436999142,0.9053414013474591,0.03008521654230478,0.04539015516401862,0.12904073704687816,0.1298531936817391,0.7961518858715303,0.03675356316120384,0.7703670302980609,0.031241878049458802,0.028446340621881713,0.007064160768794338,0.032742244721637496,0.013358728844628574,0.25819714305321645,0.03509489834057545,0.008058031835486918,0.02378885775993567,0.04571727665790252
0.02500087475493059,0.04397306647655356,0.05699540923282187,0.039676126067400175,0.014285282719329898,0.04764525572073751,0.7900499729883794,0.019247532309628532,0.05356731096772732,0.019559856918437552,-0.011024967148957569,0.07194854514103183,0.052258451980911606,0.8824407533951629,0.03265207478174581,0.014562636304496956,0.022921847144683916,0.04227497510751899,0.0197964596832016,0.055214736002762145,0.011018989394682113,0.028011653514547784,0.030214319536228263,0.03663723200391737,0.02888092163798931,0.031204612874317583,0.004341349049237747,0.03663374954763871,0.14339035584682153,0.019815763583583158,0.036105632693037196,0.05433763743622845,0.030781210740673727,0.02761992816052662,0.018756148690468315,0.7695837697224782,1.0,0.6590220146350564,0.027495654940650215,0.03538291461054164,0.8745168165590529,0.004171018220031233,0.025012474638235225,0.8837463418538937,0.04802205732768379,0.007191009245767125,0.04722783373089254,0.8258998173299987,0.020015219172450426,0.05296661973261733,0.9263691634846875,0.03100469192597877,0.05632679776290436,0.039816887730219644,0.8650788786329177,0.02740269124354782,0.7935257739744468,0.01171763496083961,0.0185534198763291,0.020500115499811466,0.6919430491585816,0.7754524843559409,0.03412884437583439,0.017202937490720945,0.11393957466394022,0.10652871649050821,0.7930169771201663,0.030239595059751604,0.9573497799049026,0.012744615916578052,-0.015437814242691248,0.02561604960301712,0.028882900359544404,0.017443383007038973,0.2751294044934935,0.04154277482673981,0.020471040556215972,0.02500182281914165,0.03629736626899262
0.006891302126335788,0.07904881018652478,0.09269830399834578,0.044999887646988236,0.024296709011348262,0.04105900160207807,0.6774645383864161,0.04839913843114166,0.07589633607434103,0.013997089205671972,0.0007675205062408847,0.08033998976911297,0.0539580473718519,0.6396261070375702,0.07077549619264563,0.0730783013449334,0.0024602513606982153,0.10183963659322212,0.0028306682552584925,0.09042094790208832,0.04527802361375,0.044559797780374076,0.09179413331652074,0.06397819188148565,0.05767663416952968,0.0017392148851873425,0.04587595054851936,0.08786571828156861,0.18210015368799412,0.03412910465909974,0.03532018395013078,0.050500011493483196,0.05268541990138991,0.07699474348111618,0.009693236472088975,0.6862449472832991,0.6590220146350565,0.9999999999999999,0.006191242301381794,0.062745516751511,0.6370581577222729,0.04839363576757825,0.08092162418445602,0.6410628620201256,0.026673763043000384,0.03741030740649751,0.03886340883059346,0.6240482903900014,0.04590270561119306,0.0892117281266731,0.6498032677816905,0.0535852119782448,0.06298277884823618,0.06426670335686181,0.6359523551428249,0.018371573779969202,0.6121576249505392,0.0016801771044423453,0.06224923388842011,0.009840205195323868,0.5277169379757257,0.679012713918083,0.06116448048368262,0.05522001844225383,0.12096954804038225,0.15149595126469337,0.6793607272951432,0.051466092585725806,0.6601762943180536,0.0025252285881046475,0.06078783086414513,0.00946440657963344,0.04693817596723843,0.008058571922188182,0.20198610378828574,0.06838549090427247,0.010861612322260432,0.0176401826229015,0.061661381384023446
0.9790535150777593,0.013002328619882111,0.07192846416717935,0.5605007928414192,0.707606851075898,0.5436650832798808,0.01700027430137129,0.15196856124162814,0.05020849885844289,0.9353389556824998,0.7715898881070652,0.10609240447931285,0.04908915645229165,0.028638135166413812,0.0804561085670225,0.10205628801456046,0.9947640578147899,0.44458343596283534,0.9586265487146292,0.07908065133183208,0.08195882961038667,0.6352748922837601,0.10175525036835809,0.05620757514324266,0.5399225180961711,0.15253067593358277,0.1192788874672528,0.4565145791480526,0.05547515528119518,0.6928863523764878,0.5957948594694283,0.22311752372493845,0.6032947091951136,0.11455572779276889,0.8880072453317243,0.00505876056915785,0.027495654940650215,0.006191242301381794,1.0,0.08643562099094018,0.029866420593530982,0.07550361290172064,0.48576476506956806,0.025743095022300686,0.6587996446292079,0.08980554098619645,0.3957251564724395,0.032797349638026635,0.08214095413719881,0.07873616486671436,0.02600020828207092,0.6012606192307732,0.13929987180771253,0.13791202369571814,0.027716699967332146,0.6617510646616993,0.03424573524458502,0.3838125068743815,0.07786320596703424,0.9376440951344545,-0.01009237658525117,0.016871764464226665,0.04854739477115827,0.14285195960410715,0.009022917295005765,0.015676814997446588,0.017546887913838235,0.6253438526675593,0.020866404858557598,0.37964119865981044,0.10109312194240619,0.9635606904704092,0.6262986919697177,0.8511794567321788,0.07278747629851019,0.05695440385866533,0.9042601090335226,0.7223789849348723,0.5920727230235484
0.09301420129841115,0.4322548202398372,0.8335877369478468,0.13006192522960133,0.09845056634214218,0.1678436383723849,0.048078113243410714,0.0758536549911752,0.5799058271345229,0.08653660727507595,0.12145918346668856,0.3292547859314445,0.5505173792090001,0.026848322631624264,0.07077867061988541,0.011968572657922274,0.09242222573666259,0.1390151931228407,0.09419054508893826,0.9101548309224045,0.024159393160179003,0.10240156154555341,0.02546671962763939,0.5533859790322199,0.11868695834228087,0.06788590827208692,0.0432274468964294,0.14689783878521118,0.22855897342923703,0.11168419189745635,0.1330699940109412,0.3926044280582625,0.10785420342578686,0.4397895354771337,0.09584380498409556,0.02225115841908485,0.03538291461054164,0.062745516751511,0.08643562099094017,1.0,0.02412108976876795,0.04243980639857503,0.11970697731581247,0.031763162360873134,0.08509998488446498,0.05441061062023074,0.20188770493682565,0.026530782818561707,0.039029079172515364,0.9182836685261491,0.031121170650608154,0.10882804127767691,0.06873239851209725,0.05642685626048264,0.030041463338861953,0.12525540790276218,0.03246034704015965,0.057513782690326705,0.07261046771800969,0.08975923642020373,0.03068572939025026,0.03053978664491389,0.5608000680467952,0.0774561909094181,0.13740081142141147,0.1616230006724929,0.047951806317520225,0.11205520822916455,0.03534263444828498,0.05894428242026958,0.055460627343975354,0.09367152439972129,0.1040117082266752,0.10345844257609983,0.04910543476852324,0.5654050454035001,0.09560761964669032,0.07983914044650507,0.12225901351010211
0.027983683021222932,0.03988923039593048,0.036749267783304194,0.056175617978031306,0.02292503657749413,0.041060832201100385,0.7694723710799093,0.0352741666598249,0.04708810430021827,0.02455498251715415,-0.0003899896859397729,0.0617119072025448,0.03660744242610941,0.9965687164767396,0.03967637477022395,0.03304552505364336,0.025175759140093998,0.04852937284810989,0.021665327729128516,0.03822389106437415,0.023320587640003835,0.03268254517388562,0.03969542578696433,0.04291378334245254,0.03106077753683834,0.04775451361815221,0.024190267934352583,0.028834985120605762,0.12103460460918385,0.028191964838553314,0.03298794297342062,0.04297431878833315,0.03759311327147169,0.015982875724632487,0.029662829040259398,0.748056250312436,0.8745168165590529,0.6370581577222729,0.02986642059353098,0.02412108976876795,1.0,0.010847380358064452,0.02926422741429043,0.9851728927181415,0.059034359417039814,0.018121600787827374,0.046632837151475426,0.9768546448531967,0.01247214844031831,0.037881253368569796,0.9776088847261736,0.03763081610609117,0.05127591341124337,0.0377977203262783,0.9863079006256577,0.04214210105658318,0.9226889977976072,0.01901316660529034,0.02556937044163461,0.023347409869411143,0.7407017092933992,0.7661528363312011,0.03287975663624391,0.026923605579576775,0.10542295059661483,0.1291534155018047,0.7751613002466198,0.03385241270694015,0.9387251671507508,0.02107893819531866,-0.00828309124184454,0.029448470193047714,0.03459796762426195,0.028895389699269528,0.31176048002167134,0.04155275250407247,0.029709890576392468,0.031128139056946995,0.04033808599494163
0.08613937239752527,0.0065374138037209975,0.05272134862373027,0.054853959967632274,0.07387351013191336,0.06135248870984453,0.017908368838413333,0.2231652806208699,0.0011371143267994526,0.0750571358598948,0.07397581349345914,0.025549218865874163,0.029449542548569158,0.009678307157939586,0.17693375211892057,0.6755729399138929,0.07992619495181555,0.11353136775526605,0.07613454325961695,0.04666714759752958,0.48331385413634764,0.12745927955236597,0.559918877070632,0.009525434162511939,0.12715973530682115,0.10240573812961426,0.7043300537956384,0.10774259636034987,0.10400208377181301,0.07240010893822389,0.0830773549683893,0.02388212248515411,0.1323751437749229,-0.0247075120924836,0.09213780290823759,0.03579767102615503,0.004171018220031234,0.048393635767578255,0.07550361290172064,0.04243980639857503,0.010847380358064452,1.0,0.09776218659121712,0.008632827359454602,0.09581263664552861,0.8853794999408816,0.043228587560676955,0.015428986451462262,0.16307911080530219,0.04595173037918486,0.015051129480219173,0.13257208987590777,0.12921199787817558,0.11234784202922848,0.0064967351107041976,0.08998213890592507,0.019783756547503972,0.07286217758531828,0.16843571040597144,0.0750457448934794,0.0036035847107794626,0.028428985317584223,0.002213844337972095,0.21873696936605924,0.07103083079578992,0.06902458882843311,0.014806819591698491,0.12742773002924038,0.014407619112693807,0.0718382985455103,0.5359190111795206,0.08889309560804035,0.12890129924713564,0.08605912631122106,0.04942685613118984,0.006486276259327326,0.09358116859987649,0.08292078614176855,0.1279253075456828
0.49423996194630526,0.025892306722885703,0.1474702139901356,0.35975187790516494,0.4684628287671531,0.447241833720834,0.05706004274244909,0.06882182982726576,0.04249186595507521,0.4977983817860015,0.6254146201454324,0.11406303028974576,0.05127676916563098,0.0269021793714912,0.10615679253996108,0.10335703278657839,0.49339805083514243,0.8625356562876342,0.5101619186585326,0.1378481152691392,0.07538164457298908,0.7389309876038518,0.09708526645190321,0.04863769086697718,0.7357396906058851,0.08259622306893623,0.11690569654979312,0.7336535516952515,0.14236423399612202,0.4875858503330531,0.43369803759297987,0.3089804156490116,0.7475691584023707,0.2090349996303004,0.49613751787393545,0.04594215745028515,0.02501247463823523,0.08092162418445602,0.48576476506956806,0.11970697731581247,0.029264227414290425,0.09776218659121712,0.9999999999999998,0.024941236889434462,0.3315945766017587,0.10845634756495023,0.37071127485268096,0.03435707501019643,0.06093050321195152,0.13848591429809756,0.024525855704992792,0.7475971078212812,0.1611591720995704,0.17192769019322135,0.027369179590216983,0.3752149024516618,0.03234349148398547,0.18503559005819195,0.10723864025090048,0.5105840816821011,0.006746069845809153,0.06022611809915819,0.04254591074700546,0.06853928932729712,0.043415089083698614,0.04871475025746329,0.057800664575089644,0.7424689523463333,0.02222412031962585,0.18366850497338547,0.08937593302578227,0.49461491557707865,0.742257927850714,0.48836359594719825,0.07158639163665524,0.043969380957903356,0.49795664211601004,0.377376138018726,0.7406439087504773
0.024806104402300314,0.04639264150962565,0.04123807104924709,0.05467487627838354,0.016370950574030922,0.03875299760524417,0.779156068317435,0.026758335137883813,0.05582104223012292,0.020359853872342095,-0.008695426698236863,0.05829755977606603,0.03937144160331796,0.9955975982773176,0.035213847544029155,0.029713900622239546,0.02189001531198613,0.04652612184304215,0.019174852885295267,0.0440560428218444,0.016475854507764405,0.024033118816423074,0.034792830200707454,0.05005890408730763,0.01904779901669119,0.052743179369644205,0.027055078459847386,0.023354636396790543,0.1264172678845682,0.02197361360681638,0.0288050581718115,0.03945513264273604,0.02868471592103028,0.016675469463237537,0.024795422614379677,0.7531024820724233,0.8837463418538936,0.6410628620201256,0.025743095022300686,0.031763162360873134,0.9851728927181415,0.008632827359454602,0.024941236889434462,0.9999999999999999,0.050416380906897026,0.01782919427962487,0.04333097608087806,0.9487717752879437,0.0030347093558483673,0.04434963483322023,0.983679566876213,0.028554809672838032,0.052354239074813846,0.040175418961626304,0.9965050708792252,0.03669839361185936,0.8915260306861893,0.018791369177575415,0.01775119189249592,0.020222759472686265,0.7342822451457162,0.7718561907148804,0.03985934140187519,0.019864894914326522,0.10179245633276934,0.13149200013189843,0.7839578203841885,0.02492125072409922,0.9573179565662426,0.02104851358951249,-0.008430961262100413,0.026264632525774857,0.025978881759244038,0.022652881761076177,0.30514189077480963,0.04934722060093887,0.025417721325673027,0.023874906613591387,0.029320550218841043
0.649990813644294,0.014789460120979429,0.0563330501327666,0.6037469286837178,0.5480129642860874,0.40755154835190927,0.03870346262315778,0.14408512503651227,0.061784549496035526,0.6703189320515964,0.5861622214875413,0.0665088358016353,0.05503582589710979,0.05527860737048317,0.1192333527615621,0.0822425703849843,0.6546456776225947,0.3150190958294318,0.6575775378291712,0.06448901207751717,0.09708093530827037,0.44688453738060596,0.10356592655385648,0.08218994382125296,0.3771906560674277,0.1751045404173302,0.10032841158262157,0.324331780962325,0.03874578846417982,0.537646796983493,0.4620566598530069,0.12690577405592873,0.42311151624047044,0.0716056395276516,0.644038840540714,0.027885209174632053,0.0480220573276838,0.026673763043000388,0.6587996446292079,0.08509998488446498,0.059034359417039814,0.09581263664552861,0.3315945766017586,0.050416380906897026,1.0,0.10181757332791898,0.26485024807690616,0.06293406546911062,0.06827495811269363,0.06545686105793759,0.04592652345617925,0.42134070860821476,0.2653123096366794,0.2709235677571105,0.05520925911763719,0.6944421564152953,0.06807738342428711,0.4901992255754962,0.1012229172572922,0.6632087883109951,0.031080974925210086,0.03704709643433929,0.06989274605684681,0.1358970681895133,0.015317706610909827,0.04323390640946122,0.03504883458713062,0.43652095627827103,0.03686813010477108,0.4906530931038722,0.11874130289549932,0.648084151741734,0.4399155502131212,0.6406535636275729,0.12144277926576855,0.07762349090903393,0.6452244077130874,0.8551515546301673,0.40877874622992516
0.0974741924437649,-0.009473137084723809,0.0533829687280077,0.07566261552741589,0.10349822168409287,0.07127658194912426,0.01703700007782552,0.21882606330549217,-0.007473575619186288,0.08865039723783577,0.0954148363002819,0.004240842499477322,0.022009054932909947,0.01828856565670479,0.1971456667321757,0.6678006619235382,0.09205905328967358,0.11491908759093541,0.08585253483000886,0.052241478028646725,0.4863353705492787,0.12738570637865465,0.5482361170674765,0.001965204821732425,0.1157356974911776,0.1136733524852241,0.7899033930254203,0.10734945656545448,0.10439764111119962,0.09973510976054863,0.09880679909283151,0.019159135327317712,0.12687905199101593,-0.03466804228743687,0.10299277695387678,0.02281988502501331,0.007191009245767126,0.03741030740649751,0.08980554098619645,0.05441061062023073,0.018121600787827374,0.8853794999408816,0.10845634756495023,0.01782919427962487,0.10181757332791898,1.0,0.02968676324431416,0.019716463576116307,0.17131916886844292,0.05316143213518131,0.020380412202585043,0.12654179958984724,0.1250214370922044,0.11328275575315484,0.01689626433074812,0.10607239418013575,0.023338632091564372,0.09489431480756914,0.19544442352681676,0.08578762578373658,-0.01142412326936048,0.016837374539121933,-0.007451221905390956,0.22176731089030263,0.07244044029680233,0.08415244254256232,0.013813731316107105,0.12402990657762632,0.01807882113728905,0.09271652945849829,0.5439936294198614,0.09965633324821485,0.12732310348800055,0.09819082851729624,0.04161566946979512,-0.001800224442810662,0.10360040027054084,0.10146337174246875,0.1195793491288601
0.4136237756154949,0.11304650692973464,0.2506105529732524,0.2640322241555481,0.51283247408359,0.6005139993273088,0.06305697198586561,0.0339223232235966,0.13681527304911115,0.3718546124404874,0.42652068941063737,0.36251761974258995,0.1807183673893855,0.044541070832510764,0.060335541817781765,0.03474680847680469,0.401741325336147,0.34576692071120846,0.3906548983628392,0.23294996207407354,0.04922227626732851,0.40847636061249465,0.031475364961153975,0.12824381744265892,0.39680217020334263,0.13906747660807123,0.050039775074789815,0.3748182317876937,0.09421981723129866,0.5287516579942539,0.5668057267854026,0.5060967332025585,0.4056511336475236,0.4505909724216332,0.4218977806652108,0.06818566630231808,0.04722783373089253,0.03886340883059346,0.3957251564724395,0.20188770493682565,0.04663283715147543,0.04322858756067695,0.37071127485268096,0.04333097608087806,0.26485024807690616,0.02968676324431416,1.0,0.05296876679189226,0.02135183821126721,0.23345512429086399,0.038367771251285564,0.40615253506890886,0.13536173951725072,0.09172803404155962,0.046687299972497855,0.3108682850974627,0.054328758661330204,0.1855018066083883,0.056150490027851704,0.3825011277797783,0.02968243542915401,0.0841614740213583,0.13656078689991377,0.029979246441032704,0.07442930417134351,0.06992702523208988,0.05904680053159656,0.414993283714716,0.03718681822994312,0.18548449760775884,0.04883552721775166,0.41684387943915413,0.40774482844534177,0.44069359749439435,0.10146966258487837,0.1342033779485415,0.4188560773810491,0.3167199031715323,0.4147447265942927
0.030701559236020054,0.03869138770127246,0.03914506008640739,0.06602062968492159,0.02470066219738161,0.04292740556636846,0.7545529076383672,0.03776974822102453,0.049428240834364895,0.02742636997943412,0.010014332492570376,0.059285622104385954,0.0368150040521428,0.9646059971963802,0.04367383008952267,0.03305199306379326,0.027744711010574005,0.04852533793238487,0.022860300304350316,0.04179696493858799,0.024487035474884487,0.03742298621128543,0.041092366514965985,0.04566097710026957,0.03769431257887412,0.044124179503791106,0.02500026009735975,0.029614742006920894,0.1202994820458991,0.02936126424193416,0.033667127577389204,0.04646144321038093,0.04157851210274181,0.00836053902865541,0.034427194169137226,0.7402759308493059,0.8258998173299986,0.6240482903900014,0.032797349638026635,0.026530782818561707,0.9768546448531967,0.015428986451462262,0.03435707501019643,0.9487717752879437,0.06293406546911062,0.01971646357611631,0.05296876679189226,1.0,0.020130205703433737,0.04187256894035755,0.9258180796596236,0.04172168659289775,0.05408842681074453,0.04004713798560593,0.961916835096281,0.049772616175097456,0.9734598972521852,0.02403851332645191,0.03209808895231712,0.025065731720245878,0.7390238508641147,0.7581551588663914,0.0363061393438479,0.027623835270350002,0.10617469620372445,0.12165992412424893,0.7615333699057294,0.0379394747927632,0.882471221011634,0.026006578181091915,-0.005208029282969713,0.03219120152648889,0.038895075603719284,0.034921953176178244,0.31798879681613906,0.0441835082614842,0.03380675785714235,0.03276405935177129,0.04638865474742966
0.08087433063704932,0.03506508734088798,0.018660264758497344,0.10251851750807343,0.0990848431527872,0.04172507812694934,0.027250303591740178,0.4032826788071153,0.017929024706971757,0.08143512982917951,0.07241474169706173,0.011551788028278888,0.0051722158078786745,0.007646253619284075,0.4582105677433019,0.13977673975648314,0.08154743568767447,0.07747978466934417,0.08402775462692923,0.02287545941747251,0.1371778112101504,0.06897051472608222,0.10862485590021362,0.009531016782571402,0.04445891561987312,0.30361738917269104,0.1608118260664067,0.03144794797480665,-0.006993019305308346,0.08885891288854984,0.060199786641153274,0.043183719867834154,0.05750160048820848,-0.020847949530314942,0.08616039544594539,0.05950449358065854,0.020015219172450423,0.04590270561119306,0.08214095413719881,0.03902907917251536,0.01247214844031831,0.16307911080530216,0.06093050321195152,0.003034709355848367,0.06827495811269363,0.1713191688684429,0.02135183821126721,0.020130205703433737,1.0,0.024124289670161912,0.009665295836720725,0.05662908790108061,0.12207204901652811,0.11286868813370295,0.004451811801679636,0.08779051268706571,0.027041846310448446,0.1333058744605563,0.5044963354185757,0.08315516777286895,0.04011839553017759,0.05056313126891147,0.014431181805561166,0.4007964629340259,0.014889263379282714,-0.003824193701058228,0.023217076473962872,0.05908898099979169,0.009446464089308335,0.12724841655112273,0.0975137357723606,0.08224353227296086,0.06520960720029345,0.08413472063032847,0.04403756678791374,0.014601093058377652,0.08627122692372807,0.07752466390504856,0.055231837117590776
0.08783373769652056,0.41975986580965524,0.9699069551502799,0.11984058059082157,0.09554180185769283,0.1897053431064079,0.06150879847612069,0.06830042966948872,0.550540185052297,0.07315971352805965,0.12439152319831609,0.34402861255384654,0.5260423201705852,0.040004363428607574,0.07407884574459399,0.024698213007484388,0.08450829972710835,0.16533168285623864,0.08409306415257903,0.9974874301177042,0.0291240468254298,0.12281317512485285,0.051663482231673004,0.5201372452968138,0.14042121851378234,0.06325581840056896,0.04181894124151011,0.1745979440813448,0.2517902887993441,0.11003299093412687,0.14145147481728795,0.43834831331349905,0.13085324726967892,0.46488147007235214,0.09354556866678206,0.041162922030421906,0.052966619732617334,0.08921172812667312,0.07873616486671435,0.918283668526149,0.03788125336856979,0.04595173037918486,0.13848591429809756,0.04434963483322022,0.06545686105793758,0.05316143213518131,0.23345512429086399,0.04187256894035754,0.024124289670161916,1.0,0.04169570105448077,0.13195660050080427,0.0662264891060342,0.051921588189691614,0.0444586484373138,0.10774561908190239,0.048661588651305515,0.05859653784084115,0.07271352280573114,0.07801310191969436,0.04197798961295898,0.04547479980150466,0.5316726543704281,0.0701690870891203,0.15044680539392954,0.1720041606771414,0.061755581801614785,0.13399776769461086,0.043586575611379345,0.06108111297273408,0.07490331066279848,0.08937983049259604,0.12534702142551674,0.10365214521542442,0.040062495885624404,0.534346920089068,0.09240969351867674,0.06462399016860693,0.14365453370676226
0.024720280941208057,0.046408401803188205,0.04108423997661776,0.04401490014496059,0.01658424280350492,0.03815902741954311,0.7847933674634524,0.02991570335032043,0.05515317845957317,0.019598214984804522,-0.010160483541089995,0.062231748932292885,0.04600868438448506,0.9850521765205249,0.03711212751767577,0.036075508635593063,0.022010721215222403,0.04663111268864167,0.018838984380217895,0.04233828700402099,0.0260682969536693,0.02598894419484607,0.04087604943336829,0.048355630078929374,0.02212621624602681,0.04491697214662385,0.027131347015547407,0.028484053150809648,0.13094828043183657,0.02192937692047589,0.029263774841295546,0.042294005310897845,0.030588345311662744,0.019262591252076678,0.02248183270229291,0.7600703049905878,0.9263691634846876,0.6498032677816905,0.026000208282070923,0.031121170650608154,0.9776088847261736,0.015051129480219172,0.024525855704992792,0.9836795668762132,0.04592652345617925,0.020380412202585043,0.03836777125128556,0.9258180796596236,0.009665295836720727,0.04169570105448077,0.9999999999999999,0.030563453614291962,0.05032689072957985,0.034437087868827466,0.9696462472907421,0.030096739931546268,0.8685049974385292,0.0062185716634027225,0.022025052946960343,0.01956882230236146,0.7325291356513712,0.7761221394263232,0.03732901344817131,0.023988841884392202,0.10772050634630395,0.1285994375882219,0.789094968050006,0.027863805777733192,0.9846084775323611,0.008067052326592255,-0.007318481976632585,0.02595531714902596,0.027878245450512037,0.019793114568009744,0.30378980942806477,0.04771076748921829,0.02355798596615597,0.02046396333933185,0.0326191992549674
0.6079538049341122,0.02509375690493694,0.14530304566472055,0.38735151435225634,0.5529460292274617,0.5003451378833795,0.054330486791080594,0.08023468321027061,0.008199426420172575,0.609524131592199,0.7223354487398824,0.12220829061294605,0.02751629835241897,0.03313835351031148,0.07983204683341305,0.10629606986679602,0.6081941848889423,0.6954982098332598,0.6229318670005511,0.13330528925048632,0.07941863655174647,0.9733675630274187,0.09703148282166424,0.012762842002516091,0.9297897309645764,0.12844043317833576,0.13172986105258783,0.7409409199252632,0.1346384998898214,0.5670222791389461,0.5101846636824049,0.3342511831656243,0.9997434538745638,0.19269014257369582,0.6140449966690935,0.03873152153737953,0.03100469192597877,0.05358521197824479,0.6012606192307732,0.1088280412776769,0.03763081610609117,0.13257208987590777,0.7475971078212813,0.028554809672838032,0.42134070860821476,0.12654179958984724,0.40615253506890886,0.04172168659289775,0.05662908790108061,0.1319566005008043,0.030563453614291962,0.9999999999999999,0.12470708375710031,0.13154786524766884,0.03167998773156799,0.446440563126793,0.04103364706268588,0.2142077655797708,0.09213845728365415,0.6219428396548919,0.007925478354797094,0.0570882113891786,0.012993013633475816,0.07370606532707526,0.018986254967061657,0.01791889340268316,0.055728605031832926,0.9910293983821961,0.026528786045735192,0.21436076082845004,0.10403022290796071,0.6086462206894924,0.9858625228327026,0.6078048988562561,0.08602563818975528,0.012080758402106227,0.6149563095434164,0.4748797259987349,0.9768643066149875
0.1389605494133374,0.07556755780254783,0.07242063041248273,0.30882036357145803,0.10142396101108007,0.1383027619481041,0.05112805969670066,0.19690821094443312,0.07125745080997196,0.1498058139639956,0.15237925135892702,0.053135374227196004,0.0713312545136799,0.051488308613467426,0.28698314645311596,0.11014693573376841,0.1403468078064885,0.17343189937049802,0.14890525082130238,0.06611675712076406,0.10892180302048798,0.132408320645356,0.1083264693105859,0.10119898599542533,0.12837709347806006,0.24050437066941124,0.12239348081683772,0.1430655039409228,0.12470524232567991,0.10514554339622183,0.1285026467338174,0.08560804578595158,0.1250418369684111,0.04531054292816381,0.1445416689403134,0.03876416389091276,0.05632679776290436,0.06298277884823618,0.13929987180771253,0.06873239851209725,0.05127591341124337,0.12921199787817558,0.16115917209957037,0.05235423907481385,0.26531230963667946,0.1250214370922044,0.13536173951725072,0.05408842681074453,0.1220720490165281,0.06622648910603418,0.050326890729579854,0.12470708375710031,1.0,0.7395148375131313,0.05506952585144943,0.2841048230912404,0.05858249136375634,0.34184465995020025,0.2751485293066351,0.1504615535308358,0.08405394460377867,0.05410084774911923,0.10294970340377868,0.19692118982580004,0.07424229430384649,0.08662859858380602,0.05662209940208666,0.12962788181186605,0.052905610996222166,0.3412878694534507,0.1082939013713047,0.13901607266884505,0.1298220018993074,0.14316591601753328,0.12239397582160655,0.09125397532002694,0.14439423690388817,0.21001020331708234,0.12865188594916527
0.13724674051953656,0.042936091024084896,0.05408329108312047,0.330872015440959,0.1200009782834559,0.11756546043576137,0.07343485444246423,0.1549439237309279,0.03382699002773797,0.14390387464347892,0.1842208842161264,0.027712730891579877,0.0393528085696097,0.03806806922237291,0.26467375035344426,0.08712173377591007,0.13729749648457257,0.18760850277958982,0.13991512185907315,0.0508423700978195,0.08117416890928178,0.13900125187583073,0.07083197639382997,0.07043194990937814,0.1413566792251126,0.22268896931016433,0.11711659213030218,0.1575020603665851,0.10238612613905325,0.12003552379207151,0.12846348281529232,0.053511034914573354,0.132148921044962,0.03988601037143983,0.1372463972524813,0.062008437842649144,0.03981688773021964,0.06426670335686181,0.13791202369571814,0.05642685626048263,0.03779772032627831,0.11234784202922847,0.17192769019322135,0.040175418961626304,0.2709235677571105,0.11328275575315484,0.09172803404155962,0.04004713798560592,0.11286868813370295,0.051921588189691614,0.034437087868827466,0.13154786524766882,0.7395148375131313,1.0,0.04421697557472389,0.28612119414037374,0.03837471443353117,0.2965177148880074,0.25769341639209004,0.1426724882568012,0.0715080496193625,0.06995708531312679,0.0662678445396721,0.1613555599706353,0.07054843355736112,0.09982732357514609,0.07264669691176182,0.13265061761715946,0.03660605357400658,0.29300159469084025,0.06957680273406198,0.13701627509134276,0.1361928144946586,0.13668098618448907,0.13167688031658384,0.05256630757913584,0.1375569387358263,0.21067343766179544,0.13205232119350638
0.026529192574847888,0.04383622848811919,0.041000834319304,0.05969834618383586,0.018524132463787243,0.0413237858093534,0.7737312217651773,0.028481708727037768,0.05309346202876115,0.021875261083499613,-0.004704473629443176,0.0578794789505901,0.03641968847189687,0.9939722822048803,0.034722659640860326,0.027616208703176524,0.0235474680941006,0.04767183501613633,0.020371499820982627,0.04401350102331415,0.01397868841458644,0.026737520323793066,0.032979478283418205,0.04748998474987897,0.023084169868792196,0.05688061347374701,0.025654508485957225,0.023358504649454243,0.12469506645803931,0.024227104224840444,0.030981855131016006,0.03981410184573384,0.03176139002089842,0.014686182369872697,0.027682256532669647,0.7488529489201926,0.8650788786329177,0.6359523551428249,0.027716699967332146,0.030041463338861953,0.9863079006256577,0.006496735110704198,0.027369179590216983,0.9965050708792252,0.05520925911763719,0.016896264330748118,0.04668729997249785,0.9619168350962809,0.004451811801679636,0.0444586484373138,0.969646247290742,0.031679987731568,0.05506952585144943,0.04421697557472389,1.0,0.04102103797220753,0.907806006756154,0.025640697054569745,0.017933886852793363,0.02149498824938407,0.7331878517908148,0.7678114188944635,0.038058922875304414,0.02084224023003989,0.10047973801576877,0.13117862844290523,0.77921153133412,0.027507168699853094,0.9371734581395723,0.0281252638132795,-0.0107963532616976,0.028052907952729626,0.028735388422646,0.026078851964227868,0.3072508987639124,0.04682950041119103,0.028002707915376665,0.02752028009894033,0.03280457549201642
0.6466794434506125,0.07795339095782147,0.10437387369485027,0.8680199194435388,0.5602528298853081,0.43478071728795775,0.03706602927142304,0.14931890872601492,0.0911043231841212,0.6865495949831931,0.5988992323337511,0.07010006017013415,0.09708231819472694,0.03918132998135026,0.13286267821636663,0.0692184580939335,0.654981579007321,0.3494232993794142,0.6659033191230048,0.10897431282926796,0.05099234773783178,0.46365715595250995,0.07028412506189052,0.11775642521562489,0.41297922776772494,0.17754133453454204,0.11138105699390442,0.3759410718368266,0.048078980334227535,0.5588659661554805,0.4757143839141487,0.15666968693373887,0.44778924965037564,0.12422797933376914,0.6408252732817792,0.03630886033035254,0.027402691243547824,0.018371573779969202,0.6617510646616994,0.12525540790276218,0.04214210105658318,0.08998213890592507,0.3752149024516618,0.03669839361185935,0.6944421564152953,0.10607239418013577,0.3108682850974627,0.04977261617509746,0.08779051268706571,0.1077456190819024,0.03009673993154627,0.44644056312679303,0.28410482309124047,0.28612119414037374,0.04102103797220753,1.0,0.057554564459496464,0.4635893291325138,0.11420315016266495,0.6756957855083566,0.019341412017753176,0.033485911869165275,0.10458689213509177,0.14772958986251553,0.02235283189665205,0.01261546185815002,0.03603017089805704,0.4565455462851562,0.022188124999556542,0.4647311051193503,0.07753002416409979,0.6434471199848599,0.45913753556908316,0.6337449920929881,0.1079545900962548,0.10643708496138335,0.6419959206832557,0.7111025768176323,0.43604708335397596
0.03153747996360606,0.03955885424348304,0.04543598252616761,0.07167588296773673,0.02363646037202395,0.038332738925130956,0.7416039041632401,0.03216436549823763,0.060581962187966076,0.03084222696744655,0.01773167240043525,0.0561563499577786,0.04386980333514371,0.9075314433427959,0.044582377742743394,0.03165620122815616,0.028883228613790564,0.04260502812295496,0.024260721836607164,0.048438884933889245,0.027297265580421524,0.037808823119521245,0.04385887257755959,0.05669295932702818,0.03675441979565014,0.04021045285528834,0.025949458273949327,0.027551864399427115,0.12904971387448888,0.02816251694113289,0.03324367522406085,0.05516959738722913,0.040869520542734974,0.0066437375332502905,0.034014774406890866,0.7321451550495264,0.7935257739744467,0.6121576249505392,0.03424573524458502,0.03246034704015965,0.9226889977976072,0.019783756547503972,0.032343491483985465,0.8915260306861893,0.06807738342428711,0.023338632091564372,0.05432875866133021,0.9734598972521852,0.027041846310448446,0.04866158865130551,0.8685049974385292,0.04103364706268588,0.05858249136375633,0.03837471443353116,0.907806006756154,0.057554564459496464,1.0,0.027307771500589464,0.032047351587014515,0.027746125624269074,0.7408797946009629,0.7491573902532749,0.04539522403372181,0.02278471809244622,0.1147317551353345,0.1139924617250928,0.749122948826662,0.03898806200132455,0.8323779892381925,0.029189568253074703,0.0036738575671727363,0.032615130788280385,0.0390941157267391,0.03443708952456962,0.3145664407531065,0.05515835536774709,0.03345389301091337,0.03784454610183006,0.04684658832706168
0.3756998916032758,0.047366890455687684,0.06339111120873644,0.4171837472098891,0.3079558913899752,0.24591037519570372,-0.0002253683799732442,0.1744900710603405,0.06105727556257513,0.3947496169291791,0.3083868616952875,0.041588283939759954,0.0672583968299972,0.019231746013446547,0.2006136462944709,0.08446717560896383,0.3800874208748419,0.18962912479982932,0.3810516324343942,0.05996050525994887,0.07606015969042003,0.2245759253356518,0.09865126364413604,0.07976936984804563,0.20118221613439943,0.21044033015744218,0.10304139484200603,0.17923935678141362,0.06257790699964984,0.29953151690728474,0.2749195056567521,0.09574127868281306,0.21426316348891644,0.04590959730573633,0.3715452118571072,0.029856443873124472,0.01171763496083961,0.0016801771044423453,0.3838125068743815,0.057513782690326705,0.019013166605290337,0.07286217758531827,0.18503559005819195,0.01879136917757541,0.4901992255754962,0.09489431480756914,0.18550180660838828,0.02403851332645191,0.1333058744605563,0.05859653784084115,0.006218571663402722,0.21420776557977078,0.34184465995020025,0.2965177148880074,0.02564069705456974,0.4635893291325139,0.027307771500589464,1.0,0.18887998598558184,0.38607438745327977,0.011362672244048282,0.007998032531165012,0.08314367340576548,0.17690733308304177,0.028699725793405555,0.06023291363872275,0.003850511491432549,0.22567536032477528,0.0025618405985589404,0.9964331118676908,0.08509706086651331,0.37449278752718623,0.22086099604441203,0.3676942521183746,0.14990952221078063,0.07477421622998201,0.372634974175468,0.4763583459904923,0.21518746410873985
0.07546264343620224,0.07533132499809447,0.06712749677291427,0.12089128335686962,0.10048427894696146,0.0839442070552267,0.03992145434130738,0.4252610033594857,0.039422989099767054,0.07351159600567188,0.08544747519754528,0.0489769818611044,0.059499777706287164,0.02151758672574722,0.9163431136975897,0.16689043318826666,0.07521554423463846,0.11544722900085368,0.0725429747654414,0.07193166871193546,0.12424102100044294,0.09429154673632152,0.14045275721261072,0.051817780014482284,0.08502812771055238,0.3800625451646706,0.18651179804518314,0.07632987835545137,0.055051129767052384,0.10188482771970367,0.08058184117798295,0.081386817237226,0.0918829337856275,0.04118385912491343,0.07835090782872266,0.02767037924075648,0.0185534198763291,0.06224923388842011,0.07786320596703424,0.07261046771800969,0.025569370441634612,0.16843571040597144,0.10723864025090048,0.01775119189249592,0.1012229172572922,0.19544442352681676,0.056150490027851704,0.03209808895231711,0.5044963354185757,0.07271352280573114,0.022025052946960343,0.09213845728365415,0.2751485293066351,0.25769341639209004,0.01793388685279336,0.11420315016266494,0.032047351587014515,0.18887998598558184,1.0,0.07244486880445479,0.04278884923547093,0.027658733484645905,0.05323799486411208,0.4230678788201889,0.02079371851776035,0.04715315934961989,0.03930742089964305,0.08873230126564666,0.01914439117730976,0.1854495085965769,0.13734504752400245,0.07649472350739994,0.0916929841962299,0.07343013684789367,0.08270232366928716,0.046652937967378356,0.07855383428571251,0.09909760630608681,0.0922816849040643
0.9130421078846352,0.022468901694393195,0.07369039590896813,0.5794211901296088,0.6986481890175602,0.5430559699914962,0.013139879916528206,0.14513117855953458,0.04195665648324526,0.988174198033845,0.7810640710384004,0.0884330143593906,0.048011281664578284,0.022415201648071238,0.07928369287179667,0.09208525490860929,0.9439626100475055,0.46427579625232557,0.9908559677223894,0.07803453033335318,0.05939202410506657,0.6542860423741452,0.09058519223796482,0.055803599815258065,0.5593027336062302,0.14577135808700184,0.11305418789130044,0.48750371911724366,0.036896621543790274,0.6879227717405175,0.5867047369281976,0.223938400532877,0.6240980691392813,0.12009021814490316,0.8441160689961325,0.003171406127336157,0.020500115499811466,0.009840205195323868,0.9376440951344543,0.08975923642020373,0.023347409869411143,0.0750457448934794,0.5105840816821011,0.020222759472686265,0.663208788310995,0.08578762578373658,0.3825011277797783,0.025065731720245874,0.08315516777286895,0.07801310191969438,0.01956882230236146,0.621942839654892,0.1504615535308358,0.14267248825680123,0.02149498824938407,0.6756957855083566,0.027746125624269077,0.38607438745327977,0.07244486880445479,1.0,-0.011961218622238902,0.01509663677710703,0.048714727739489726,0.13893163372880568,-0.0002678810635508671,0.003766809562902239,0.011795960988578755,0.6438474818228841,0.015058105646029423,0.3817463671443675,0.09991000680815702,0.898434046340129,0.6461231562705377,0.8047620554837164,0.08053765502560586,0.05269101161679651,0.8604537103600562,0.7279865026111231,0.6101643830567228
-0.0035411678329333196,0.06709907599700668,0.03882158763075038,0.034015131995685254,-0.014870516871377578,0.031224010997088558,0.6584282904426705,0.020051654470093445,0.042962259485956236,-0.012270857087458724,-0.014044415313181766,0.05010700690161433,0.05684376087190114,0.7371872853842173,0.05872984467246574,0.005627390378175307,-0.010741552541699803,0.028223854831765195,-0.014452588284681513,0.041560387154034366,0.016195947127138295,0.008151899071762853,0.03611829656248935,0.055816286191975484,-0.0008426755978513782,0.05563565557496393,-0.01752471770923902,0.010242681004330572,0.11283148010679342,-0.012676244752386734,0.0038919510489890136,0.027231315595139336,0.007819264665548815,0.028028062552408438,0.0019456440928311658,0.6420189436999142,0.6919430491585815,0.5277169379757257,-0.01009237658525117,0.030685729390250254,0.7407017092933992,0.003603584710779463,0.006746069845809154,0.734282245145716,0.031080974925210086,-0.011424123269360481,0.029682435429154008,0.7390238508641148,0.04011839553017759,0.04197798961295898,0.7325291356513711,0.007925478354797096,0.08405394460377867,0.07150804961936251,0.7331878517908148,0.01934141201775318,0.7408797946009629,0.01136267224404828,0.04278884923547093,-0.011961218622238902,1.0,0.6670014348173607,0.04827477269957812,0.01607120657391084,0.10010752555699655,0.13304025672648737,0.669322073630542,0.009574158751425891,0.7222683052157718,0.01488017301156181,0.01739820809773353,-0.0002278656735993116,0.008369725851699915,-0.0006801989473161096,0.3241125006594439,0.04586521385274171,0.0024527550459104847,0.0038563121593154616,0.015018992311760904
0.01947296756236225,0.06642948548979612,0.04752846866636457,0.06983266187525046,0.034080293461227575,0.06864524532451934,0.8601679485360306,0.03315952097095129,0.04877350686153669,0.014055417015990012,0.0037244356483769605,0.07282689394754677,0.04497659611637033,0.7688584874359297,0.03756475339278551,0.03554216954377431,0.014129278265529099,0.07844379231658598,0.01249393676662814,0.046703381211677754,0.04688079606730813,0.0492960467124651,0.037703789642344,0.03329207528603788,0.057942121367921644,0.04899733410908128,0.01794981056849335,0.060160760735300335,0.13676810468755987,0.043039166741884065,0.0578996525647205,0.06816654332856983,0.05644805100856086,0.06078176859686993,0.02474886951085793,0.9053414013474592,0.7754524843559409,0.6790127139180829,0.016871764464226665,0.030539786644913892,0.7661528363312011,0.028428985317584223,0.06022611809915819,0.7718561907148805,0.03704709643433929,0.016837374539121933,0.08416147402135829,0.7581551588663914,0.05056313126891147,0.04547479980150466,0.7761221394263231,0.057088211389178606,0.054100847749119226,0.06995708531312679,0.7678114188944635,0.033485911869165275,0.7491573902532749,0.007998032531165013,0.027658733484645908,0.015096636777107032,0.6670014348173608,1.0,0.035014692168905306,0.030629435018216317,0.12756277757464257,0.13289031643675178,0.845907669293752,0.055029918383340176,0.7836567068439727,0.009443266351003515,0.004510709970558763,0.022199051991749017,0.051522772290580825,0.0275622402628212,0.2669440538923662,0.03707766224830196,0.024409467382452886,0.0251565060873523,0.06411644595344505
0.051959763525663866,0.5114832525702617,0.5186380272251062,0.11239110913978125,0.03499240080650939,0.08901638315106049,0.044598817462570495,0.05662958452038132,0.9378728476734932,0.04580763899993811,0.04525035779178618,0.32332025015003446,0.6562153231345773,0.035395068914935476,0.05868418349573721,-0.01813405075708332,0.05270652104370478,0.05906272601598997,0.05223678171990491,0.5322023128402368,0.0006196109785301904,0.011825969983140259,-0.01738601046580311,0.9563683147064702,0.02049145148849289,0.06809128946530603,0.0007358708562509345,0.04412677922049525,0.1847322896018813,0.038906155125430254,0.06295809786092936,0.2973285114789986,0.012295016508292813,0.4056451144856262,0.054801049534321945,0.030085216542304782,0.03412884437583438,0.06116448048368262,0.04854739477115826,0.5608000680467952,0.03287975663624391,0.002213844337972095,0.04254591074700546,0.03985934140187519,0.06989274605684682,-0.007451221905390956,0.13656078689991377,0.0363061393438479,0.014431181805561162,0.5316726543704281,0.037329013448171314,0.012993013633475818,0.10294970340377868,0.06626784453967209,0.038058922875304414,0.10458689213509179,0.04539522403372181,0.08314367340576548,0.05323799486411207,0.048714727739489726,0.04827477269957812,0.0350146921689053,1.0,0.05583763060338676,0.11638372342661164,0.16900022311160764,0.04889616572000964,0.01704030604203735,0.038301484735923826,0.08245104796494454,-0.016580146330443267,0.05240554005763464,0.011564359162980776,0.053408268890916336,0.05286114468009606,0.9703844433729485,0.05525763547733533,0.05703590963292427,0.023732338982617607
0.14094238591708722,0.06721934158366158,0.06467247730286783,0.14743405105342977,0.11672563398924467,0.0747216767809603,0.016384098843123203,0.9719009623918653,0.04507985069574484,0.14122138587409885,0.11025971690421409,0.039130812141145395,0.06768796644366804,0.023909837215767456,0.4073008550839863,0.21475330794591038,0.14208146605038657,0.08809588557879264,0.13912250391017403,0.06827538589805379,0.18100413745366564,0.08238356226410552,0.21344989314228804,0.0688417083631501,0.057325604597439926,0.29392409004349895,0.22732028182517142,0.04872818717395968,0.07586509945763883,0.11345372524121734,0.07901477917701476,0.03488940470867508,0.07396571658551325,0.028774958617121097,0.13042164365785608,0.04539015516401861,0.017202937490720945,0.055220018442253826,0.14285195960410713,0.0774561909094181,0.026923605579576775,0.21873696936605921,0.06853928932729712,0.019864894914326522,0.1358970681895133,0.22176731089030263,0.029979246441032704,0.027623835270350002,0.4007964629340259,0.0701690870891203,0.023988841884392206,0.07370606532707526,0.1969211898258,0.1613555599706353,0.02084224023003989,0.14772958986251555,0.02278471809244622,0.17690733308304177,0.4230678788201889,0.13893163372880568,0.01607120657391084,0.030629435018216314,0.05583763060338676,0.9999999999999999,0.050370796305576136,0.018313423805656967,0.010622246270362424,0.076552086112072,0.02164414526387325,0.17214560583966013,0.2021382404393641,0.1399988602105003,0.0788070758113211,0.12537260789405094,0.095552320328916,0.0564769944944359,0.13326702111718403,0.14805123880711174,0.07214292061886651
0.02325473496333833,0.1563012697108387,0.15582960356890196,0.028006643633723266,0.03941333661457199,0.0475192693914249,0.11225311319247562,0.05046663196117745,0.12877939228515906,-0.00771015664134399,0.02373949223733605,0.10144143867460055,0.11405668179691376,0.1042282269361472,0.025443421943372905,0.06821958207011931,0.0122415459244607,0.05572452064068631,0.00545986968468566,0.1515407006198655,0.09769681683742773,0.022146617531975124,0.03583670200008818,0.12207221394407229,0.027764713659987686,0.027849765797119164,0.07841035755257633,0.05937221102762773,0.22086352569780723,0.04117623393469378,0.03863797748954684,0.08730491268446205,0.01891047729863992,0.0939368265677853,0.03669346370754939,0.12904073704687818,0.11393957466394021,0.12096954804038226,0.009022917295005765,0.13740081142141147,0.10542295059661481,0.07103083079578994,0.043415089083698614,0.10179245633276936,0.015317706610909827,0.07244044029680231,0.07442930417134352,0.10617469620372445,0.014889263379282713,0.15044680539392954,0.10772050634630397,0.018986254967061657,0.07424229430384648,0.07054843355736112,0.10047973801576879,0.022352831896652055,0.11473175513533448,0.028699725793405555,0.02079371851776035,-0.0002678810635508671,0.10010752555699655,0.12756277757464257,0.11638372342661166,0.05037079630557613,1.0,0.4220498454936129,0.105307642883359,0.01810512699269082,0.10514315752558269,0.0295231826000446,0.032045815710925435,0.028484378711201744,0.020255473262527135,0.027164696718485475,0.06734092774254874,0.12610886082073816,0.03813719523888874,0.029076084268476198,0.02486698939563402
0.026225064161571422,0.1641037635288632,0.1737143062032687,0.03751108658322365,0.0331416721973538,0.06947678214256495,0.1460689898985398,0.020600818751527136,0.15711186679301098,-0.002894854751442762,0.027602003398298092,0.10717810031766418,0.11535617655246086,0.13072862187386344,0.0347428904546752,0.06775762094041164,0.019345474927964856,0.06628557913634343,0.01218384455454421,0.17276048778098263,0.07270401199568341,0.010711559292842492,0.0616209007193771,0.16366018396920154,0.02912313884398989,0.06203047154743753,0.07863370068942324,0.05134327107592289,0.2081887750634858,0.04209746683766924,0.05727394582324667,0.1013451531317486,0.01692337149612311,0.08858600399087116,0.039594045506998556,0.1298531936817391,0.10652871649050821,0.15149595126469337,0.015676814997446588,0.1616230006724929,0.1291534155018047,0.06902458882843313,0.04871475025746328,0.1314920001318984,0.04323390640946121,0.08415244254256232,0.06992702523208988,0.12165992412424893,-0.003824193701058228,0.1720041606771414,0.1285994375882219,0.01791889340268316,0.08662859858380602,0.09982732357514609,0.1311786284429052,0.01261546185815002,0.1139924617250928,0.06023291363872274,0.047153159349619896,0.0037668095629022394,0.13304025672648737,0.1328903164367518,0.16900022311160762,0.018313423805656967,0.4220498454936129,0.9999999999999999,0.1417673134476947,0.021568499775356235,0.12248078073229353,0.06008584793509233,0.07035747233959626,0.029586421031184567,0.012538868675090404,0.03384384495405266,0.09007118314758132,0.162641935267147,0.039061380604478176,0.05037332606022887,0.035598336121854764
0.013514050907640844,0.0561436399445887,0.06192162422211181,0.05860720989072746,0.012473044727280112,0.05304290180369694,0.9918971679632275,0.017058439489555016,0.06807224335170173,0.011410404987467173,-0.01725408305125755,0.09197489370147907,0.06608080657445663,0.7798106900461431,0.054494450412543596,0.02899551439867989,0.011640444995358526,0.06340113644082333,0.008794093466256519,0.061171847326982116,0.0262321487637913,0.04812643832898111,0.028631499540457243,0.059794643112062916,0.056731551070575356,0.04402114626704671,0.02535618567531779,0.061060850562813275,0.16082562266617545,0.023218719825426448,0.03786394215066776,0.07915331233108559,0.05524288388385794,0.058842355074607056,0.011602670574793535,0.7961518858715303,0.7930169771201663,0.6793607272951432,0.01754688791383823,0.047951806317520225,0.7751613002466199,0.014806819591698493,0.05780066457508965,0.7839578203841886,0.03504883458713062,0.013813731316107105,0.059046800531596555,0.7615333699057294,0.023217076473962872,0.06175558180161479,0.7890949680500058,0.055728605031832926,0.05662209940208666,0.0726466969117618,0.77921153133412,0.03603017089805703,0.7491229488266619,0.0038505114914325496,0.03930742089964305,0.011795960988578756,0.669322073630542,0.845907669293752,0.04889616572000964,0.010622246270362425,0.105307642883359,0.14176731344769467,0.9999999999999998,0.053233982875170706,0.7978382881962839,0.004999757732602028,0.025829570584989754,0.014591641043735927,0.05059868912481147,0.012409409761029779,0.2527119314094664,0.06104620538908932,0.012060266332191885,0.020823828452903575,0.06151904425149042
0.6324168720269159,0.025128673402945924,0.14667534837827093,0.3961450394832431,0.5731126380775671,0.5104485275955586,0.05241487048426739,0.08280490443521724,0.009447240318278358,0.6309564336430271,0.7376758311556334,0.12911348207906453,0.02782271124681703,0.029414104053841397,0.07596827763389455,0.0992132569630776,0.6320934632281239,0.6947175680392313,0.6454955563542417,0.13528663849343145,0.07674661210290187,0.9817538023407568,0.0921795089891909,0.017741807109111097,0.9028866922652556,0.1292641281009593,0.12747122222410212,0.7323881474155709,0.13408208881962838,0.5847589827226929,0.5229273906069156,0.337338705684793,0.9914136835719383,0.19567185622870042,0.6403712481482314,0.03675356316120384,0.0302395950597516,0.051466092585725806,0.6253438526675594,0.11205520822916455,0.03385241270694015,0.12742773002924038,0.7424689523463333,0.024921250724099224,0.43652095627827103,0.12402990657762632,0.41499328371471605,0.0379394747927632,0.0590889809997917,0.13399776769461086,0.027863805777733196,0.9910293983821962,0.12962788181186605,0.13265061761715946,0.027507168699853094,0.4565455462851562,0.038988062001324555,0.22567536032477528,0.08873230126564666,0.6438474818228841,0.009574158751425891,0.055029918383340176,0.017040306042037347,0.076552086112072,0.018105126992690825,0.02156849977535624,0.053233982875170706,1.0,0.024406230222355333,0.22604040772200065,0.1034301840349259,0.6336131900293107,0.9899585413529424,0.6340191692576653,0.08918028118947781,0.015266710604686592,0.641076886316387,0.49313980443832495,0.9745030887076419
0.019192312496062104,0.04901370142593669,0.04215052349671318,0.03929752312116023,0.011362780001917719,0.03772061474331354,0.7943303760756962,0.025624612310062994,0.05869579728464842,0.014972090400587685,-0.016404372128481722,0.06279089387620698,0.05242069328031508,0.9513074981157307,0.03528716608859585,0.02867789460957128,0.0169951997267718,0.043901012439230815,0.014117443423854526,0.04418201463741976,0.023501789740153968,0.023433246022114964,0.03329838507199464,0.04755089498882683,0.01858531494799077,0.035881439400171806,0.023054697870792392,0.02759438755191027,0.1320585453330096,0.01624358850901531,0.02668269526461538,0.04275083825991379,0.02665327892192458,0.018905921602860407,0.013619825764114406,0.7703670302980609,0.9573497799049024,0.6601762943180536,0.020866404858557598,0.03534263444828498,0.9387251671507508,0.014407619112693809,0.022224120319625854,0.9573179565662426,0.03686813010477109,0.01807882113728905,0.03718681822994312,0.8824712210116339,0.009446464089308335,0.043586575611379345,0.984608477532361,0.026528786045735192,0.05290561099622216,0.03660605357400657,0.9371734581395724,0.022188124999556545,0.8323779892381924,0.00256184059855894,0.01914439117730976,0.015058105646029421,0.7222683052157718,0.7836567068439727,0.038301484735923826,0.02164414526387325,0.10514315752558269,0.12248078073229354,0.7978382881962838,0.024406230222355337,1.0,0.004276612415998443,-0.008528841131366961,0.01996725796411858,0.024813357370562908,0.010651186492639903,0.29601410950882434,0.04869250343490398,0.015294909437939899,0.013196481198441322,0.028300082117083805
0.3718812991724906,0.04959450507694843,0.06634286954995583,0.4175998908311728,0.30710415060302165,0.24398170049290302,0.0012862684537480714,0.16997584765015145,0.06019822755529846,0.3909836918176821,0.30511452093281355,0.041693354871882714,0.06772778041595366,0.021363714741702466,0.1991504807956363,0.08082992655968434,0.37576449161188535,0.18686408337899119,0.3764394798169108,0.06261621897745087,0.07051922329250976,0.22406686060345757,0.09491562178702972,0.07933506716673529,0.20150359464537496,0.20807676906308048,0.09915513026653276,0.179758573380547,0.06344067760568958,0.2986876229762943,0.2748373293850543,0.09561440959066524,0.21434871381488568,0.04576762389716154,0.36884754113707074,0.031241878049458806,0.012744615916578052,0.0025252285881046475,0.37964119865981044,0.058944282420269584,0.02107893819531866,0.0718382985455103,0.18366850497338547,0.021048513589512492,0.49065309310387223,0.09271652945849829,0.18548449760775884,0.02600657818109191,0.12724841655112273,0.061081112972734074,0.008067052326592255,0.21436076082845004,0.34128786945345063,0.29300159469084025,0.0281252638132795,0.46473110511935023,0.029189568253074703,0.9964331118676908,0.18544950859657694,0.3817463671443675,0.014880173011561812,0.009443266351003517,0.08245104796494455,0.17214560583966013,0.029523182600044603,0.06008584793509233,0.004999757732602029,0.22604040772200068,0.004276612415998443,0.9999999999999999,0.08095152758081761,0.37096447294457413,0.2205960787556112,0.36598432802125697,0.14968008411407935,0.07406914118877507,0.3696690666774072,0.47724986291794125,0.21612722114795602
0.10789248728145748,-0.006541781993143452,0.08714330150237345,0.048589954240022805,0.1113832495581935,0.07908860130698936,0.028715289946646988,0.20884140217098499,0.0016813258526613565,0.1005730660018166,0.10517047405249182,0.046495810727801234,0.0436880827874874,-0.008545287632071475,0.12836717254826194,0.5528299439544831,0.10269120371904596,0.08813526660256094,0.0999101724625645,0.07682409669015813,0.488560987798503,0.10105432784708022,0.7139553879917554,-0.018191137093825194,0.10707306815104492,0.0571985335703553,0.548375763728325,0.10733359497569928,0.0824381520660048,0.10383876500321201,0.09979546110608334,0.024052261442147612,0.10366024996102331,0.005606685649671407,0.1256457382195384,0.02844634062188171,-0.01543781424269125,0.06078783086414513,0.1010931219424062,0.055460627343975354,-0.008283091241844542,0.5359190111795205,0.08937593302578227,-0.008430961262100412,0.1187413028954993,0.5439936294198613,0.04883552721775166,-0.005208029282969713,0.09751373577236061,0.07490331066279848,-0.007318481976632585,0.10403022290796071,0.10829390137130471,0.06957680273406198,-0.0107963532616976,0.07753002416409979,0.0036738575671727363,0.08509706086651331,0.13734504752400245,0.09991000680815705,0.01739820809773353,0.004510709970558763,-0.016580146330443267,0.2021382404393641,0.032045815710925435,0.07035747233959626,0.025829570584989754,0.1034301840349259,-0.008528841131366961,0.08095152758081761,1.0,0.11168490398188652,0.10140454250626527,0.13074123723973313,0.08024353985346516,-0.011702014650448487,0.1229546878995341,0.1109320700521941,0.10477108667786177
0.9970943498068736,0.0193957588893526,0.08589720360607746,0.5381447223795789,0.7203847162811048,0.5727895870509949,0.01629348556808158,0.14997267631249253,0.054075779977690974,0.8809550230670162,0.7736024235274966,0.12462651713806598,0.060513496981098994,0.02874686151613166,0.08183397269002314,0.10473806732276912,0.9780514430423075,0.4593954354577201,0.930950462252488,0.09068202480999761,0.09410754056768143,0.6422893118828689,0.10355640523989905,0.060836852097602444,0.5475283259179213,0.1547627845840561,0.12096243166268572,0.47006004264786205,0.0633558730843249,0.7072726510704063,0.6195627796582199,0.2415217543699617,0.6105792324491542,0.1341604960924093,0.9598654306413641,0.007064160768794338,0.025616049603017124,0.00946440657963344,0.963560690470409,0.09367152439972128,0.029448470193047714,0.08889309560804033,0.49461491557707865,0.02626463252577486,0.648084151741734,0.09965633324821485,0.41684387943915413,0.03219120152648889,0.08224353227296086,0.08937983049259605,0.025955317149025957,0.6086462206894923,0.13901607266884503,0.13701627509134276,0.028052907952729626,0.6434471199848599,0.032615130788280385,0.37449278752718623,0.07649472350739994,0.8984340463401291,-0.0002278656735993116,0.02219905199174902,0.052405540057634634,0.13999886021050026,0.028484378711201744,0.029586421031184567,0.014591641043735929,0.6336131900293106,0.01996725796411858,0.37096447294457413,0.11168490398188652,1.0,0.6333679582989316,0.9219370946152631,0.08184192155790969,0.06142997345190056,0.9730571443935874,0.7094462800740697,0.6001784146611923
0.6327011603722784,0.023083576138167104,0.13783517482942542,0.39962831684121125,0.5709410198818006,0.50418933290391,0.04898512546470872,0.08547193839370316,0.005068918372323746,0.6331831965639093,0.7345001519286057,0.1234860396873391,0.0222468080298553,0.03032128536779335,0.07918958476841255,0.10390533915246324,0.6332241468014593,0.6910464074164017,0.6473942778576456,0.1266166761856022,0.07363942072441167,0.9975481415238304,0.09355840530310537,0.011220580857686508,0.883350103366725,0.12935791292316742,0.1294789837801775,0.7254705009413736,0.13250757976053215,0.5820558297579534,0.5184666940285833,0.33448865265470334,0.9888803660831916,0.1916087932025985,0.638039369689722,0.032742244721637496,0.0288829003595444,0.04693817596723843,0.6262986919697175,0.10401170822667519,0.03459796762426195,0.12890129924713564,0.7422579278507139,0.025978881759244038,0.43991555021312123,0.12732310348800052,0.40774482844534177,0.03889507560371928,0.06520960720029345,0.12534702142551674,0.027878245450512037,0.9858625228327025,0.1298220018993074,0.1361928144946586,0.028735388422646,0.45913753556908316,0.0390941157267391,0.22086099604441203,0.0916929841962299,0.6461231562705377,0.008369725851699913,0.05152277229058083,0.011564359162980776,0.0788070758113211,0.020255473262527135,0.012538868675090405,0.05059868912481147,0.9899585413529424,0.024813357370562904,0.2205960787556112,0.10140454250626527,0.6333679582989316,1.0,0.6309778473642664,0.08441807419226575,0.009642222222121367,0.6392439138512878,0.4918312469257192,0.9470848017568496
0.9026741614115185,0.03156409148488154,0.10097668371025789,0.5294246644250156,0.7416127279833901,0.6010176361291585,0.015749000887477427,0.1340004632500419,0.05385824619107217,0.7950180943863993,0.7717374200538893,0.1523177697795387,0.0662813213856374,0.026216865584098848,0.07767069346561174,0.09995006892277598,0.8657009710406883,0.4523841056231048,0.8259793763643055,0.10408503378115518,0.09835753974978279,0.6397673089859337,0.11074857879125397,0.06289544145117176,0.5496083291905256,0.14475091432465592,0.11779826368806177,0.4730555287061522,0.06270627141321473,0.7286925518370619,0.6511892310808672,0.26081500704558,0.6093123991260584,0.16350483175571184,0.9771538378539711,0.013358728844628574,0.017443383007038973,0.008058571922188182,0.8511794567321788,0.10345844257609983,0.028895389699269528,0.08605912631122106,0.4883635959471982,0.02265288176107618,0.6406535636275729,0.09819082851729627,0.44069359749439435,0.034921953176178244,0.08413472063032847,0.10365214521542442,0.019793114568009744,0.6078048988562561,0.1431659160175333,0.1366809861844891,0.026078851964227868,0.6337449920929881,0.03443708952456962,0.36769425211837464,0.07343013684789367,0.8047620554837163,-0.0006801989473161096,0.0275622402628212,0.053408268890916336,0.12537260789405094,0.027164696718485475,0.03384384495405266,0.012409409761029779,0.6340191692576653,0.010651186492639901,0.365984328021257,0.13074123723973313,0.921937094615263,0.6309778473642664,1.0,0.08939163337970828,0.061203903639656235,0.9635813067304273,0.699709508012592,0.6032105657589182
0.07827163567277394,0.043127720363249605,0.035419966153212766,0.0934710698488342,0.08511866216140575,0.14297080741093834,0.249367694083931,0.1016456099687268,0.0331455048384884,0.07765318046670933,0.08459594003290541,0.06302705063055829,0.027510354526721313,0.30786315364569616,0.08675224547471738,0.08484849688731762,0.07390825404285707,0.08718204281745699,0.07797845461165802,0.03893254409412184,0.10709078308540404,0.08228749045316233,0.09338106027119762,0.04959843647935257,0.0724668049555784,0.11212524519886295,0.058290691418447706,0.07998911117046524,0.0847781866152334,0.10165725129385242,0.11946679426840781,0.061369708855237286,0.08590621823868268,0.062064424833961095,0.08937683899485646,0.25819714305321645,0.2751294044934935,0.20198610378828577,0.07278747629851019,0.04910543476852324,0.31176048002167134,0.04942685613118984,0.07158639163665524,0.30514189077480963,0.12144277926576853,0.041615669469795113,0.10146966258487838,0.31798879681613906,0.04403756678791374,0.0400624958856244,0.30378980942806477,0.08602563818975528,0.12239397582160656,0.13167688031658384,0.30725089876391243,0.10795459009625481,0.3145664407531065,0.14990952221078063,0.08270232366928716,0.08053765502560586,0.3241125006594439,0.2669440538923662,0.05286114468009606,0.09555232032891599,0.06734092774254874,0.09007118314758132,0.2527119314094664,0.08918028118947781,0.29601410950882434,0.14968008411407935,0.08024353985346516,0.08184192155790969,0.08441807419226575,0.08939163337970826,1.0,0.04041542277189499,0.08861573221219823,0.10334974854180516,0.09070874582182517
0.06096124697596952,0.5103650090244788,0.5175809787662384,0.11390346981298868,0.037844630511738524,0.08760199228664502,0.05589230591378985,0.05789605292380867,0.9722441779973738,0.04996480215288208,0.050891262346997555,0.32919123804220124,0.6727641908326484,0.0445735033493027,0.0522832897006346,-0.010633721995592605,0.060486340743906894,0.06017057630975639,0.05660711781982366,0.5336823262353452,0.010450911991532556,0.00961560991685018,-0.014951957136743781,0.9774159524780774,0.018056806410049434,0.06933389963988655,0.009231416761328791,0.03753252082909051,0.18723477208453318,0.04046949195657487,0.06202084139257906,0.30790723620748295,0.011323248669655814,0.40817404302722177,0.06202849367980183,0.03509489834057545,0.04154277482673981,0.06838549090427247,0.05695440385866533,0.5654050454035001,0.04155275250407247,0.006486276259327326,0.043969380957903356,0.04934722060093887,0.07762349090903393,-0.0018002244428106623,0.1342033779485415,0.0441835082614842,0.01460109305837765,0.5343469200890679,0.04771076748921829,0.012080758402106227,0.09125397532002695,0.052566307579135836,0.04682950041119103,0.10643708496138336,0.05515835536774709,0.07477421622998201,0.046652937967378356,0.05269101161679651,0.04586521385274171,0.03707766224830197,0.9703844433729484,0.0564769944944359,0.12610886082073816,0.162641935267147,0.06104620538908932,0.01526671060468659,0.04869250343490398,0.07406914118877507,-0.011702014650448487,0.06142997345190055,0.009642222222121367,0.061203903639656235,0.04041542277189499,1.0,0.062459195371595666,0.06368234972638567,0.02261545207997908
0.95699682886863,0.02502100688886047,0.09171181151942388,0.5377639515081967,0.7268588143099944,0.583000175012346,0.013856712157856076,0.1419420155204945,0.0543262423326473,0.8379239279984698,0.7778450889735627,0.13481345647999074,0.06580834454300348,0.02829083067537364,0.08505314375085761,0.10192885564285932,0.925588623215557,0.46259261872926355,0.8931406086578774,0.09385454990777704,0.09949656102293941,0.6481590531321144,0.10522309583096863,0.06422942466316171,0.5547578774099816,0.15188332899477414,0.12136135914443652,0.4798359044991467,0.06711504913770029,0.7139983079027454,0.6282960635574701,0.24866519861218384,0.6166950910617398,0.14458072108581668,0.9973910968635359,0.008058031835486918,0.020471040556215972,0.010861612322260432,0.9042601090335227,0.09560761964669032,0.029709890576392468,0.09358116859987647,0.4979566421160101,0.025417721325673027,0.6452244077130874,0.10360040027054085,0.418856077381049,0.03380675785714235,0.08627122692372807,0.09240969351867674,0.023557985966155968,0.6149563095434164,0.14439423690388814,0.1375569387358263,0.028002707915376665,0.6419959206832557,0.03345389301091337,0.37263497417546804,0.07855383428571251,0.8604537103600562,0.0024527550459104842,0.024409467382452883,0.05525763547733533,0.13326702111718405,0.03813719523888875,0.039061380604478176,0.012060266332191885,0.641076886316387,0.015294909437939899,0.3696690666774072,0.1229546878995341,0.9730571443935873,0.6392439138512876,0.9635813067304272,0.08861573221219823,0.06245919537159567,1.0,0.7071289487061868,0.6086531615354914
0.7119759745857305,0.030429716487938175,0.05911974596427171,0.6048064044875411,0.6010314218768865,0.4578870782130719,0.02483898794454774,0.1502108475271781,0.05326368403712778,0.7350076157252803,0.6421569274739004,0.07729746071823548,0.0655660752194791,0.027985380132287994,0.11238981381054097,0.07954816853992351,0.7181979402515883,0.34454900908860364,0.7225914435153679,0.06389706902794297,0.08990268265451737,0.497581542266646,0.09311063073744963,0.06686787559964964,0.420433113556232,0.1688378033577788,0.10719551759898198,0.36279067932685255,0.04476510615765414,0.5960062493657614,0.5078070243771502,0.14921350914307624,0.47625660987123475,0.09010781833536709,0.7059577730376011,0.02378885775993567,0.02500182281914165,0.0176401826229015,0.7223789849348723,0.07983914044650507,0.03112813905694699,0.08292078614176854,0.37737613801872605,0.023874906613591387,0.8551515546301673,0.10146337174246876,0.3167199031715323,0.03276405935177129,0.07752466390504856,0.06462399016860691,0.02046396333933185,0.47487972599873496,0.21001020331708234,0.21067343766179542,0.02752028009894033,0.7111025768176323,0.03784454610183006,0.4763583459904923,0.09909760630608681,0.7279865026111231,0.0038563121593154616,0.025156506087352298,0.05703590963292427,0.14805123880711174,0.029076084268476195,0.05037332606022887,0.020823828452903575,0.493139804438325,0.01319648119844132,0.47724986291794125,0.1109320700521941,0.7094462800740697,0.4918312469257192,0.699709508012592,0.10334974854180518,0.06368234972638567,0.7071289487061868,1.0,0.466001972456065
0.5989406050347391,0.032141620349598846,0.1567834719531058,0.37780675617609305,0.5502709119098783,0.511307992920416,0.060796151543863884,0.0786085822712657,0.01840846254246946,0.5981249564442392,0.7202607825921238,0.130259853636774,0.03681677852081567,0.03487692420502189,0.07701505920373676,0.09494717333438142,0.5983971133591041,0.6962620835357977,0.6113267156944653,0.14532720227050439,0.08452424771955692,0.9314150939608828,0.09290290023883133,0.02458719195912617,0.952644700898573,0.12737022265009884,0.12432982774244691,0.7435980302606473,0.13420497521308725,0.565885155492512,0.5163434720890817,0.3382404086984898,0.9728540803445107,0.19891930929523272,0.6086063408186372,0.04571727665790252,0.03629736626899262,0.06166138138402345,0.5920727230235484,0.12225901351010211,0.04033808599494163,0.1279253075456828,0.7406439087504773,0.029320550218841043,0.40877874622992516,0.1195793491288601,0.4147447265942927,0.04638865474742966,0.055231837117590776,0.14365453370676226,0.03261919925496741,0.9768643066149875,0.12865188594916527,0.1320523211935064,0.03280457549201642,0.4360470833539759,0.04684658832706168,0.21518746410873985,0.0922816849040643,0.6101643830567228,0.015018992311760905,0.06411644595344505,0.02373233898261761,0.07214292061886653,0.024866989395634025,0.035598336121854764,0.06151904425149042,0.9745030887076419,0.028300082117083805,0.216127221147956,0.10477108667786178,0.6001784146611923,0.9470848017568497,0.6032105657589182,0.09070874582182517,0.02261545207997908,0.6086531615354914,0.46600197245606506,1.0
